order_id,order_date,customer_id,region,product_name,category,quantity,unit_price,discount_rate,sales,profit,month
10001,2025-01-01,C1235,North,Printer Ink,Electronics,4,26.58,0.0,106.32,32.97,2025-01
10002,2025-01-01,C1050,East,Laptop Sleeve,Accessories,2,19.36,0.0,38.72,17.24,2025-01
10003,2025-01-01,C1264,West,Bluetooth Speaker,Electronics,4,41.5,0.1,149.4,46.68,2025-01
10004,2025-01-01,C1049,North,Laptop Sleeve,Accessories,3,18.96,0.0,56.88,24.81,2025-01
10005,2025-01-01,C1269,South,Notebook Pack,Stationery,3,8.6,0.0,25.8,12.31,2025-01
10006,2025-01-01,C1040,South,Printer Ink,Electronics,6,28.39,0.15,144.79,45.12,2025-01
10007,2025-01-01,C1062,North,Bluetooth Speaker,Electronics,1,44.45,0.0,44.45,13.64,2025-01
10008,2025-01-01,C1267,West,USB-C Cable,Accessories,3,11.73,0.0,35.19,14.11,2025-01
10009,2025-01-02,C1062,West,Printer Ink,Electronics,4,27.68,0.0,110.72,35.21,2025-01
10010,2025-01-02,C1012,South,Water Bottle,Lifestyle,3,15.25,0.0,45.75,22.47,2025-01
10011,2025-01-02,C1043,South,Laptop Sleeve,Accessories,3,18.38,0.05,52.38,21.96,2025-01
10012,2025-01-02,C1282,West,Office Chair,Furniture,2,117.24,0.1,211.03,79.65,2025-01
10013,2025-01-02,C1233,West,Office Chair,Furniture,2,120.21,0.0,240.42,90.92,2025-01
10014,2025-01-02,C1294,West,Bluetooth Speaker,Electronics,3,44.02,0.15,112.25,34.0,2025-01
10015,2025-01-02,C1223,South,Desk Lamp,Furniture,2,32.56,0.0,65.12,24.64,2025-01
10016,2025-01-02,C1202,North,Water Bottle,Lifestyle,2,16.17,0.0,32.34,14.83,2025-01
10017,2025-01-03,C1128,West,Printer Ink,Electronics,2,29.97,0.0,59.94,18.15,2025-01
10018,2025-01-03,C1111,West,Printer Ink,Electronics,2,28.88,0.0,57.76,18.13,2025-01
10019,2025-01-03,C1008,East,Notebook Pack,Stationery,2,8.51,0.1,15.32,7.16,2025-01
10020,2025-01-03,C1152,West,Wireless Mouse,Accessories,8,25.32,0.0,202.56,89.27,2025-01
10021,2025-01-03,C1134,North,Laptop Sleeve,Accessories,4,18.61,0.0,74.44,32.85,2025-01
10022,2025-01-03,C1263,South,Printer Ink,Electronics,4,28.4,0.15,96.56,29.93,2025-01
10023,2025-01-03,C1048,West,Notebook Pack,Stationery,4,8.28,0.0,33.12,18.17,2025-01
10024,2025-01-03,C1180,West,Laptop Sleeve,Accessories,2,19.1,0.0,38.2,15.28,2025-01
10025,2025-01-03,C1127,West,Notebook Pack,Stationery,1,7.75,0.0,7.75,3.73,2025-01
10026,2025-01-03,C1126,South,Bluetooth Speaker,Electronics,3,42.9,0.0,128.7,40.47,2025-01
10027,2025-01-03,C1012,West,Desk Lamp,Furniture,4,30.94,0.05,117.57,43.06,2025-01
10028,2025-01-03,C1142,North,Laptop Sleeve,Accessories,2,16.76,0.0,33.52,14.98,2025-01
10029,2025-01-03,C1057,North,Bluetooth Speaker,Electronics,2,44.75,0.0,89.5,28.07,2025-01
10030,2025-01-04,C1046,West,Desk Lamp,Furniture,2,29.88,0.0,59.76,21.65,2025-01
10031,2025-01-04,C1119,North,Printer Ink,Electronics,1,30.1,0.0,30.1,9.55,2025-01
10032,2025-01-04,C1128,South,Wireless Mouse,Accessories,1,23.1,0.15,19.64,7.17,2025-01
10033,2025-01-04,C1191,North,Wireless Mouse,Accessories,3,25.64,0.0,76.92,32.7,2025-01
10034,2025-01-05,C1221,North,Laptop Sleeve,Accessories,4,17.98,0.0,71.92,32.02,2025-01
10035,2025-01-05,C1003,North,Notebook Pack,Stationery,4,8.55,0.0,34.2,17.73,2025-01
10036,2025-01-05,C1064,West,Notebook Pack,Stationery,7,8.4,0.05,55.86,29.47,2025-01
10037,2025-01-05,C1034,West,Monitor Stand,Furniture,2,35.57,0.0,71.14,26.84,2025-01
10038,2025-01-05,C1113,East,Bluetooth Speaker,Electronics,3,43.28,0.0,129.84,40.16,2025-01
10039,2025-01-05,C1035,West,Notebook Pack,Stationery,4,8.32,0.05,31.62,15.41,2025-01
10040,2025-01-05,C1272,West,Bluetooth Speaker,Electronics,4,46.81,0.0,187.24,59.71,2025-01
10041,2025-01-06,C1052,East,Monitor Stand,Furniture,3,35.52,0.0,106.56,39.39,2025-01
10042,2025-01-06,C1132,West,USB-C Cable,Accessories,1,11.99,0.0,11.99,4.3,2025-01
10043,2025-01-06,C1193,East,Printer Ink,Electronics,7,26.76,0.0,187.32,58.16,2025-01
10044,2025-01-06,C1069,North,Laptop Sleeve,Accessories,4,19.29,0.15,65.59,28.01,2025-01
10045,2025-01-06,C1241,South,Printer Ink,Electronics,3,27.24,0.0,81.72,25.64,2025-01
10046,2025-01-06,C1189,North,Desk Lamp,Furniture,1,30.04,0.0,30.04,9.92,2025-01
10047,2025-01-06,C1172,South,Office Chair,Furniture,1,120.54,0.0,120.54,44.2,2025-01
10048,2025-01-06,C1232,North,Monitor Stand,Furniture,4,38.33,0.15,130.32,48.48,2025-01
10049,2025-01-07,C1144,North,Bluetooth Speaker,Electronics,3,43.31,0.0,129.93,41.06,2025-01
10050,2025-01-07,C1196,South,Wireless Mouse,Accessories,3,23.3,0.1,62.91,27.48,2025-01
10051,2025-01-07,C1223,South,Notebook Pack,Stationery,3,7.39,0.0,22.17,10.57,2025-01
10052,2025-01-07,C1005,South,Monitor Stand,Furniture,5,35.18,0.0,175.9,66.81,2025-01
10053,2025-01-07,C1172,East,Printer Ink,Electronics,6,26.84,0.0,161.04,51.03,2025-01
10054,2025-01-07,C1267,North,Notebook Pack,Stationery,4,8.22,0.0,32.88,16.54,2025-01
10055,2025-01-07,C1206,West,USB-C Cable,Accessories,1,12.56,0.0,12.56,4.69,2025-01
10056,2025-01-07,C1029,East,USB-C Cable,Accessories,7,11.21,0.0,78.47,34.22,2025-01
10057,2025-01-07,C1033,West,Notebook Pack,Stationery,3,7.99,0.0,23.97,12.27,2025-01
10058,2025-01-07,C1094,South,Notebook Pack,Stationery,2,7.8,0.0,15.6,7.66,2025-01
10059,2025-01-08,C1046,East,Laptop Sleeve,Accessories,4,17.51,0.0,70.04,31.33,2025-01
10060,2025-01-08,C1252,North,Notebook Pack,Stationery,3,7.71,0.05,21.97,10.59,2025-01
10061,2025-01-08,C1006,East,Monitor Stand,Furniture,4,39.34,0.0,157.36,59.5,2025-01
10062,2025-01-08,C1191,West,Printer Ink,Electronics,2,29.65,0.0,59.3,18.18,2025-01
10063,2025-01-08,C1024,South,Wireless Mouse,Accessories,1,24.29,0.0,24.29,10.28,2025-01
10064,2025-01-08,C1235,East,Water Bottle,Lifestyle,4,15.09,0.0,60.36,28.69,2025-01
10065,2025-01-08,C1288,South,Laptop Sleeve,Accessories,3,17.59,0.15,44.85,18.97,2025-01
10066,2025-01-08,C1242,North,Laptop Sleeve,Accessories,4,18.88,0.0,75.52,32.3,2025-01
10067,2025-01-08,C1061,East,Laptop Sleeve,Accessories,5,19.37,0.0,96.85,42.14,2025-01
10068,2025-01-08,C1224,East,Monitor Stand,Furniture,3,36.1,0.0,108.3,40.3,2025-01
10069,2025-01-08,C1258,East,Printer Ink,Electronics,3,28.03,0.1,75.68,23.58,2025-01
10070,2025-01-08,C1129,South,Laptop Sleeve,Accessories,1,16.74,0.15,14.23,5.76,2025-01
10071,2025-01-09,C1136,South,Laptop Sleeve,Accessories,3,19.01,0.0,57.03,24.85,2025-01
10072,2025-01-09,C1285,South,Wireless Mouse,Accessories,3,26.13,0.05,74.47,32.01,2025-01
10073,2025-01-10,C1066,South,Notebook Pack,Stationery,3,7.65,0.0,22.95,11.76,2025-01
10074,2025-01-10,C1156,South,Notebook Pack,Stationery,2,8.15,0.0,16.3,7.18,2025-01
10075,2025-01-10,C1117,South,Wireless Mouse,Accessories,3,25.28,0.0,75.84,32.37,2025-01
10076,2025-01-10,C1046,North,USB-C Cable,Accessories,2,11.8,0.0,23.6,10.32,2025-01
10077,2025-01-10,C1282,West,Office Chair,Furniture,1,121.89,0.0,121.89,44.89,2025-01
10078,2025-01-10,C1209,North,Bluetooth Speaker,Electronics,4,48.22,0.0,192.88,60.55,2025-01
10079,2025-01-10,C1028,North,Notebook Pack,Stationery,7,8.1,0.0,56.7,30.34,2025-01
10080,2025-01-10,C1000,West,Laptop Sleeve,Accessories,2,17.24,0.0,34.48,15.14,2025-01
10081,2025-01-10,C1290,East,Water Bottle,Lifestyle,3,14.6,0.05,41.61,20.8,2025-01
10082,2025-01-10,C1250,East,Office Chair,Furniture,3,124.56,0.0,373.68,141.55,2025-01
10083,2025-01-10,C1048,North,Laptop Sleeve,Accessories,4,18.23,0.0,72.92,32.79,2025-01
10084,2025-01-10,C1256,West,Wireless Mouse,Accessories,2,23.34,0.15,39.68,16.85,2025-01
10085,2025-01-10,C1143,South,Bluetooth Speaker,Electronics,3,44.77,0.0,134.31,42.22,2025-01
10086,2025-01-11,C1287,West,Wireless Mouse,Accessories,3,25.58,0.0,76.74,34.48,2025-01
10087,2025-01-11,C1053,East,Printer Ink,Electronics,1,26.75,0.0,26.75,7.22,2025-01
10088,2025-01-11,C1006,East,Bluetooth Speaker,Electronics,8,48.2,0.0,385.6,122.58,2025-01
10089,2025-01-11,C1196,West,Notebook Pack,Stationery,2,8.48,0.0,16.96,7.92,2025-01
10090,2025-01-11,C1225,North,Bluetooth Speaker,Electronics,3,45.89,0.0,137.67,42.95,2025-01
10091,2025-01-11,C1223,North,Water Bottle,Lifestyle,3,15.16,0.15,38.66,18.39,2025-01
10092,2025-01-11,C1003,North,Office Chair,Furniture,3,115.35,0.0,346.05,129.83,2025-01
10093,2025-01-11,C1075,West,Laptop Sleeve,Accessories,6,16.75,0.0,100.5,44.23,2025-01
10094,2025-01-12,C1180,North,Notebook Pack,Stationery,4,7.42,0.0,29.68,14.85,2025-01
10095,2025-01-12,C1226,North,Notebook Pack,Stationery,2,7.82,0.0,15.64,8.01,2025-01
10096,2025-01-12,C1226,South,Monitor Stand,Furniture,2,37.9,0.0,75.8,27.72,2025-01
10097,2025-01-12,C1128,West,USB-C Cable,Accessories,3,11.95,0.0,35.85,15.43,2025-01
10098,2025-01-12,C1101,East,Desk Lamp,Furniture,2,33.63,0.0,67.26,24.17,2025-01
10099,2025-01-12,C1011,South,Notebook Pack,Stationery,1,8.53,0.0,8.53,2.79,2025-01
10100,2025-01-13,C1136,West,Printer Ink,Electronics,2,29.86,0.0,59.72,17.72,2025-01
10101,2025-01-13,C1013,North,Wireless Mouse,Accessories,4,24.82,0.0,99.28,43.39,2025-01
10102,2025-01-13,C1182,North,Notebook Pack,Stationery,1,7.46,0.0,7.46,3.42,2025-01
10103,2025-01-13,C1226,East,Office Chair,Furniture,5,118.59,0.05,563.3,213.22,2025-01
10104,2025-01-13,C1184,North,Water Bottle,Lifestyle,6,15.64,0.0,93.84,45.96,2025-01
10105,2025-01-13,C1176,North,Notebook Pack,Stationery,2,7.79,0.0,15.58,7.1,2025-01
10106,2025-01-13,C1072,South,Laptop Sleeve,Accessories,2,17.23,0.0,34.46,15.47,2025-01
10107,2025-01-13,C1197,South,Laptop Sleeve,Accessories,1,19.31,0.0,19.31,8.17,2025-01
10108,2025-01-13,C1242,West,Monitor Stand,Furniture,5,37.4,0.05,177.65,67.05,2025-01
10109,2025-01-13,C1260,North,Desk Lamp,Furniture,2,30.39,0.0,60.78,22.4,2025-01
10110,2025-01-13,C1002,North,Notebook Pack,Stationery,4,8.02,0.0,32.08,15.65,2025-01
10111,2025-01-13,C1104,North,USB-C Cable,Accessories,2,12.18,0.0,24.36,10.78,2025-01
10112,2025-01-14,C1036,West,Bluetooth Speaker,Electronics,3,41.44,0.0,124.32,39.68,2025-01
10113,2025-01-14,C1114,East,Wireless Mouse,Accessories,1,26.4,0.0,26.4,10.92,2025-01
10114,2025-01-14,C1058,South,USB-C Cable,Accessories,3,12.73,0.0,38.19,15.87,2025-01
10115,2025-01-14,C1022,West,Water Bottle,Lifestyle,6,15.91,0.05,90.69,45.29,2025-01
10116,2025-01-14,C1223,West,Laptop Sleeve,Accessories,3,18.16,0.0,54.48,24.0,2025-01
10117,2025-01-15,C1221,North,USB-C Cable,Accessories,2,11.87,0.05,22.55,9.36,2025-01
10118,2025-01-15,C1192,West,USB-C Cable,Accessories,2,12.86,0.0,25.72,10.03,2025-01
10119,2025-01-15,C1078,North,Laptop Sleeve,Accessories,6,17.66,0.0,105.96,46.04,2025-01
10120,2025-01-15,C1098,North,USB-C Cable,Accessories,1,11.35,0.0,11.35,3.22,2025-01
10121,2025-01-15,C1026,North,Office Chair,Furniture,3,111.98,0.0,335.94,126.35,2025-01
10122,2025-01-16,C1026,West,Water Bottle,Lifestyle,4,14.29,0.0,57.16,28.27,2025-01
10123,2025-01-16,C1045,West,USB-C Cable,Accessories,2,11.1,0.1,19.98,7.76,2025-01
10124,2025-01-16,C1213,North,Office Chair,Furniture,3,121.12,0.0,363.36,137.76,2025-01
10125,2025-01-16,C1094,North,Notebook Pack,Stationery,3,7.37,0.0,22.11,11.38,2025-01
10126,2025-01-16,C1085,East,Printer Ink,Electronics,6,26.22,0.0,157.32,50.31,2025-01
10127,2025-01-16,C1076,South,Wireless Mouse,Accessories,3,25.14,0.05,71.65,32.08,2025-01
10128,2025-01-16,C1105,South,Laptop Sleeve,Accessories,1,18.19,0.0,18.19,6.58,2025-01
10129,2025-01-16,C1203,North,Wireless Mouse,Accessories,3,26.74,0.0,80.22,35.02,2025-01
10130,2025-01-16,C1002,West,Water Bottle,Lifestyle,4,15.95,0.0,63.8,30.27,2025-01
10131,2025-01-16,C1237,North,Laptop Sleeve,Accessories,4,17.94,0.0,71.76,31.63,2025-01
10132,2025-01-16,C1130,North,Bluetooth Speaker,Electronics,5,43.04,0.15,182.92,56.58,2025-01
10133,2025-01-16,C1212,South,Laptop Sleeve,Accessories,2,17.15,0.05,32.58,14.31,2025-01
10134,2025-01-16,C1095,West,Printer Ink,Electronics,3,30.18,0.0,90.54,27.24,2025-01
10135,2025-01-17,C1001,West,Desk Lamp,Furniture,3,32.52,0.0,97.56,36.33,2025-01
10136,2025-01-17,C1083,West,Wireless Mouse,Accessories,2,26.48,0.0,52.96,22.8,2025-01
10137,2025-01-17,C1163,North,Notebook Pack,Stationery,3,8.2,0.0,24.6,11.98,2025-01
10138,2025-01-17,C1256,South,Monitor Stand,Furniture,2,35.99,0.0,71.98,26.68,2025-01
10139,2025-01-17,C1203,East,Office Chair,Furniture,3,117.68,0.0,353.04,133.44,2025-01
10140,2025-01-17,C1292,West,Desk Lamp,Furniture,4,30.01,0.0,120.04,45.5,2025-01
10141,2025-01-17,C1178,North,Monitor Stand,Furniture,1,37.71,0.1,33.94,12.26,2025-01
10142,2025-01-17,C1222,North,Laptop Sleeve,Accessories,3,19.3,0.0,57.9,24.32,2025-01
10143,2025-01-17,C1007,East,Wireless Mouse,Accessories,3,23.53,0.0,70.59,29.89,2025-01
10144,2025-01-17,C1113,North,Monitor Stand,Furniture,4,39.17,0.05,148.85,54.67,2025-01
10145,2025-01-18,C1101,South,Notebook Pack,Stationery,4,7.73,0.0,30.92,15.7,2025-01
10146,2025-01-18,C1075,East,Bluetooth Speaker,Electronics,6,45.32,0.0,271.92,86.37,2025-01
10147,2025-01-18,C1266,East,Notebook Pack,Stationery,3,8.06,0.0,24.18,13.27,2025-01
10148,2025-01-18,C1116,East,Notebook Pack,Stationery,3,8.47,0.0,25.41,13.02,2025-01
10149,2025-01-18,C1020,North,USB-C Cable,Accessories,2,11.51,0.0,23.02,9.57,2025-01
10150,2025-01-18,C1289,North,Wireless Mouse,Accessories,4,23.24,0.1,83.66,36.94,2025-01
10151,2025-01-18,C1076,East,Wireless Mouse,Accessories,5,23.36,0.0,116.8,51.76,2025-01
10152,2025-01-18,C1240,North,Office Chair,Furniture,2,113.88,0.0,227.76,85.13,2025-01
10153,2025-01-18,C1117,North,Notebook Pack,Stationery,5,8.17,0.1,36.76,19.01,2025-01
10154,2025-01-18,C1048,East,Desk Lamp,Furniture,3,31.29,0.1,84.48,30.56,2025-01
10155,2025-01-18,C1241,West,Wireless Mouse,Accessories,3,25.67,0.0,77.01,33.41,2025-01
10156,2025-01-18,C1010,North,Wireless Mouse,Accessories,4,24.25,0.0,97.0,43.24,2025-01
10157,2025-01-18,C1166,South,Wireless Mouse,Accessories,4,25.78,0.0,103.12,45.55,2025-01
10158,2025-01-19,C1004,East,Notebook Pack,Stationery,3,8.15,0.0,24.45,11.78,2025-01
10159,2025-01-19,C1129,East,Laptop Sleeve,Accessories,3,17.22,0.0,51.66,22.87,2025-01
10160,2025-01-19,C1286,East,Monitor Stand,Furniture,4,38.38,0.1,138.17,52.15,2025-01
10161,2025-01-19,C1029,North,USB-C Cable,Accessories,4,11.62,0.15,39.51,16.83,2025-01
10162,2025-01-19,C1230,South,Wireless Mouse,Accessories,4,26.37,0.0,105.48,46.22,2025-01
10163,2025-01-19,C1236,East,Water Bottle,Lifestyle,2,13.95,0.0,27.9,13.5,2025-01
10164,2025-01-19,C1142,North,Bluetooth Speaker,Electronics,4,44.62,0.0,178.48,56.08,2025-01
10165,2025-01-19,C1157,West,Monitor Stand,Furniture,3,39.93,0.0,119.79,43.76,2025-01
10166,2025-01-20,C1237,West,Wireless Mouse,Accessories,5,25.43,0.0,127.15,55.42,2025-01
10167,2025-01-20,C1024,East,Wireless Mouse,Accessories,2,24.47,0.0,48.94,21.97,2025-01
10168,2025-01-20,C1159,North,Wireless Mouse,Accessories,2,25.38,0.1,45.68,18.8,2025-01
10169,2025-01-20,C1129,East,Wireless Mouse,Accessories,2,23.25,0.0,46.5,20.01,2025-01
10170,2025-01-20,C1262,West,Desk Lamp,Furniture,3,30.31,0.0,90.93,32.99,2025-01
10171,2025-01-20,C1062,North,Printer Ink,Electronics,5,28.56,0.0,142.8,44.84,2025-01
10172,2025-01-21,C1212,West,Office Chair,Furniture,3,122.28,0.0,366.84,137.73,2025-01
10173,2025-01-21,C1255,North,Wireless Mouse,Accessories,1,24.49,0.0,24.49,9.73,2025-01
10174,2025-01-21,C1041,South,Laptop Sleeve,Accessories,2,18.68,0.0,37.36,16.06,2025-01
10175,2025-01-21,C1231,West,USB-C Cable,Accessories,5,11.53,0.05,54.77,24.57,2025-01
10176,2025-01-21,C1086,East,Office Chair,Furniture,5,120.35,0.0,601.75,227.19,2025-01
10177,2025-01-21,C1151,North,Printer Ink,Electronics,1,28.97,0.0,28.97,9.13,2025-01
10178,2025-01-21,C1007,East,Laptop Sleeve,Accessories,6,17.58,0.0,105.48,46.37,2025-01
10179,2025-01-21,C1048,North,Wireless Mouse,Accessories,1,26.87,0.0,26.87,10.55,2025-01
10180,2025-01-21,C1265,North,Wireless Mouse,Accessories,1,26.84,0.0,26.84,10.29,2025-01
10181,2025-01-21,C1152,South,USB-C Cable,Accessories,7,11.69,0.1,73.65,32.69,2025-01
10182,2025-01-22,C1125,East,Monitor Stand,Furniture,3,38.27,0.0,114.81,43.19,2025-01
10183,2025-01-22,C1284,West,USB-C Cable,Accessories,3,12.09,0.15,30.83,12.0,2025-01
10184,2025-01-22,C1043,North,Printer Ink,Electronics,2,30.08,0.0,60.16,18.95,2025-01
10185,2025-01-22,C1280,East,Printer Ink,Electronics,3,28.29,0.0,84.87,25.41,2025-01
10186,2025-01-22,C1103,North,USB-C Cable,Accessories,2,11.51,0.0,23.02,8.38,2025-01
10187,2025-01-22,C1085,West,Wireless Mouse,Accessories,4,25.46,0.0,101.84,45.08,2025-01
10188,2025-01-22,C1242,West,USB-C Cable,Accessories,2,12.48,0.0,24.96,9.88,2025-01
10189,2025-01-22,C1226,South,USB-C Cable,Accessories,2,11.78,0.0,23.56,9.04,2025-01
10190,2025-01-23,C1002,North,Laptop Sleeve,Accessories,2,17.72,0.05,33.67,14.13,2025-01
10191,2025-01-23,C1210,East,Laptop Sleeve,Accessories,4,18.88,0.0,75.52,32.33,2025-01
10192,2025-01-23,C1145,South,Laptop Sleeve,Accessories,5,16.98,0.0,84.9,37.34,2025-01
10193,2025-01-24,C1106,West,Printer Ink,Electronics,4,28.29,0.15,96.19,30.45,2025-01
10194,2025-01-24,C1068,West,Laptop Sleeve,Accessories,3,19.27,0.0,57.81,25.16,2025-01
10195,2025-01-24,C1128,North,USB-C Cable,Accessories,4,11.19,0.0,44.76,19.15,2025-01
10196,2025-01-24,C1083,North,USB-C Cable,Accessories,1,11.47,0.0,11.47,4.36,2025-01
10197,2025-01-24,C1162,West,Notebook Pack,Stationery,1,7.43,0.0,7.43,3.56,2025-01
10198,2025-01-24,C1106,West,Wireless Mouse,Accessories,4,24.07,0.0,96.28,41.62,2025-01
10199,2025-01-24,C1159,West,Laptop Sleeve,Accessories,2,17.74,0.0,35.48,14.17,2025-01
10200,2025-01-24,C1020,West,Notebook Pack,Stationery,3,7.9,0.0,23.7,11.57,2025-01
10201,2025-01-24,C1160,East,Wireless Mouse,Accessories,2,24.86,0.15,42.26,17.8,2025-01
10202,2025-01-25,C1001,East,Printer Ink,Electronics,1,27.81,0.0,27.81,8.57,2025-01
10203,2025-01-25,C1075,North,Notebook Pack,Stationery,1,8.46,0.0,8.46,3.15,2025-01
10204,2025-01-25,C1019,East,Laptop Sleeve,Accessories,3,18.82,0.0,56.46,24.89,2025-01
10205,2025-01-25,C1269,West,Desk Lamp,Furniture,2,30.09,0.0,60.18,22.55,2025-01
10206,2025-01-25,C1096,South,Wireless Mouse,Accessories,3,23.26,0.0,69.78,29.58,2025-01
10207,2025-01-25,C1267,West,Bluetooth Speaker,Electronics,3,42.07,0.0,126.21,40.0,2025-01
10208,2025-01-25,C1267,South,Desk Lamp,Furniture,5,34.13,0.0,170.65,64.53,2025-01
10209,2025-01-25,C1007,East,Wireless Mouse,Accessories,3,25.03,0.0,75.09,33.72,2025-01
10210,2025-01-25,C1011,East,Water Bottle,Lifestyle,2,15.28,0.0,30.56,13.52,2025-01
10211,2025-01-26,C1133,West,Laptop Sleeve,Accessories,2,19.36,0.0,38.72,16.83,2025-01
10212,2025-01-26,C1276,South,Printer Ink,Electronics,4,27.97,0.05,106.29,33.34,2025-01
10213,2025-01-26,C1272,North,Laptop Sleeve,Accessories,5,18.33,0.0,91.65,40.09,2025-01
10214,2025-01-26,C1155,South,USB-C Cable,Accessories,3,12.34,0.0,37.02,15.29,2025-01
10215,2025-01-26,C1293,North,Printer Ink,Electronics,3,26.11,0.0,78.33,23.33,2025-01
10216,2025-01-26,C1114,North,Bluetooth Speaker,Electronics,5,47.21,0.0,236.05,73.74,2025-01
10217,2025-01-26,C1189,East,Water Bottle,Lifestyle,2,14.87,0.0,29.74,13.14,2025-01
10218,2025-01-26,C1153,West,Bluetooth Speaker,Electronics,1,44.44,0.0,44.44,12.74,2025-01
10219,2025-01-26,C1119,North,Monitor Stand,Furniture,8,38.78,0.0,310.24,116.62,2025-01
10220,2025-01-26,C1088,East,Printer Ink,Electronics,1,26.84,0.0,26.84,7.65,2025-01
10221,2025-01-26,C1124,North,USB-C Cable,Accessories,3,11.16,0.05,31.81,12.56,2025-01
10222,2025-01-26,C1034,West,Notebook Pack,Stationery,2,7.67,0.0,15.34,8.37,2025-01
10223,2025-01-27,C1173,North,Water Bottle,Lifestyle,2,15.47,0.0,30.94,13.65,2025-01
10224,2025-01-27,C1027,East,USB-C Cable,Accessories,5,12.39,0.0,61.95,26.85,2025-01
10225,2025-01-27,C1261,West,Wireless Mouse,Accessories,3,24.89,0.15,63.47,28.02,2025-01
10226,2025-01-27,C1092,North,Water Bottle,Lifestyle,1,15.25,0.1,13.72,6.38,2025-01
10227,2025-01-27,C1189,East,Desk Lamp,Furniture,3,32.47,0.0,97.41,35.31,2025-01
10228,2025-01-27,C1232,West,USB-C Cable,Accessories,2,11.88,0.0,23.76,9.9,2025-01
10229,2025-01-27,C1191,North,Office Chair,Furniture,2,117.03,0.0,234.06,87.19,2025-01
10230,2025-01-27,C1071,West,Printer Ink,Electronics,1,26.99,0.0,26.99,7.79,2025-01
10231,2025-01-27,C1214,West,Water Bottle,Lifestyle,5,13.8,0.0,69.0,34.4,2025-01
10232,2025-01-28,C1265,South,Water Bottle,Lifestyle,3,15.35,0.0,46.05,21.25,2025-01
10233,2025-01-28,C1116,North,Desk Lamp,Furniture,1,30.23,0.0,30.23,10.21,2025-01
10234,2025-01-28,C1212,North,Water Bottle,Lifestyle,2,13.83,0.0,27.66,13.24,2025-01
10235,2025-01-28,C1072,North,USB-C Cable,Accessories,3,11.78,0.05,33.57,14.3,2025-01
10236,2025-01-28,C1117,West,Bluetooth Speaker,Electronics,6,43.7,0.0,262.2,83.16,2025-01
10237,2025-01-28,C1192,East,Printer Ink,Electronics,2,27.69,0.0,55.38,15.94,2025-01
10238,2025-01-28,C1293,South,Monitor Stand,Furniture,3,37.31,0.0,111.93,41.34,2025-01
10239,2025-01-28,C1066,East,USB-C Cable,Accessories,4,11.36,0.15,38.62,16.92,2025-01
10240,2025-01-29,C1034,West,Laptop Sleeve,Accessories,2,19.15,0.0,38.3,15.32,2025-01
10241,2025-01-29,C1164,East,Water Bottle,Lifestyle,5,14.73,0.0,73.65,35.74,2025-01
10242,2025-01-29,C1108,East,Desk Lamp,Furniture,2,33.73,0.0,67.46,23.98,2025-01
10243,2025-01-29,C1091,North,Wireless Mouse,Accessories,2,26.87,0.0,53.74,23.49,2025-01
10244,2025-01-29,C1103,West,Notebook Pack,Stationery,2,7.63,0.0,15.26,6.92,2025-01
10245,2025-01-30,C1069,North,Office Chair,Furniture,3,123.47,0.0,370.41,140.69,2025-01
10246,2025-01-30,C1202,South,Wireless Mouse,Accessories,5,24.14,0.0,120.7,52.79,2025-01
10247,2025-01-30,C1162,South,Monitor Stand,Furniture,4,38.62,0.0,154.48,57.09,2025-01
10248,2025-01-30,C1188,North,Wireless Mouse,Accessories,5,26.53,0.0,132.65,58.67,2025-01
10249,2025-01-30,C1151,North,Monitor Stand,Furniture,5,36.78,0.0,183.9,68.27,2025-01
10250,2025-01-30,C1036,East,Printer Ink,Electronics,5,25.77,0.0,128.85,40.55,2025-01
10251,2025-01-30,C1074,North,Printer Ink,Electronics,7,27.94,0.0,195.58,61.77,2025-01
10252,2025-01-30,C1144,North,Bluetooth Speaker,Electronics,3,48.28,0.0,144.84,45.75,2025-01
10253,2025-01-30,C1289,West,Desk Lamp,Furniture,2,29.81,0.0,59.62,22.07,2025-01
10254,2025-01-30,C1268,West,Wireless Mouse,Accessories,4,24.91,0.0,99.64,43.56,2025-01
10255,2025-01-30,C1009,South,Notebook Pack,Stationery,2,8.5,0.0,17.0,8.45,2025-01
10256,2025-01-31,C1203,West,Water Bottle,Lifestyle,2,15.92,0.05,30.25,13.68,2025-01
10257,2025-01-31,C1263,North,Office Chair,Furniture,3,121.79,0.05,347.1,130.73,2025-01
10258,2025-01-31,C1099,North,Laptop Sleeve,Accessories,3,17.6,0.0,52.8,22.07,2025-01
10259,2025-01-31,C1216,West,Water Bottle,Lifestyle,4,14.08,0.0,56.32,27.03,2025-01
10260,2025-01-31,C1272,North,Printer Ink,Electronics,2,28.75,0.15,48.88,14.12,2025-01
10261,2025-01-31,C1027,West,Printer Ink,Electronics,2,28.6,0.15,48.62,15.35,2025-01
10262,2025-01-31,C1012,South,Water Bottle,Lifestyle,1,15.32,0.0,15.32,7.65,2025-01
10263,2025-01-31,C1108,West,Office Chair,Furniture,3,119.47,0.05,340.49,128.95,2025-01
10264,2025-01-31,C1027,North,USB-C Cable,Accessories,3,12.46,0.15,31.77,14.19,2025-01
10265,2025-02-01,C1137,North,Desk Lamp,Furniture,2,31.38,0.0,62.76,23.81,2025-02
10266,2025-02-01,C1229,West,Laptop Sleeve,Accessories,3,18.65,0.05,53.15,23.83,2025-02
10267,2025-02-01,C1169,South,USB-C Cable,Accessories,2,11.29,0.05,21.45,8.5,2025-02
10268,2025-02-01,C1032,West,USB-C Cable,Accessories,1,11.55,0.0,11.55,4.61,2025-02
10269,2025-02-01,C1263,North,Printer Ink,Electronics,5,29.7,0.0,148.5,46.43,2025-02
10270,2025-02-01,C1204,West,USB-C Cable,Accessories,3,11.17,0.0,33.51,14.59,2025-02
10271,2025-02-02,C1180,North,Wireless Mouse,Accessories,2,26.13,0.0,52.26,23.22,2025-02
10272,2025-02-02,C1187,West,Desk Lamp,Furniture,2,33.59,0.1,60.46,22.3,2025-02
10273,2025-02-02,C1225,North,Desk Lamp,Furniture,5,29.67,0.0,148.35,55.77,2025-02
10274,2025-02-02,C1201,East,Wireless Mouse,Accessories,2,24.1,0.05,45.79,19.69,2025-02
10275,2025-02-02,C1069,South,Wireless Mouse,Accessories,6,26.98,0.0,161.88,72.06,2025-02
10276,2025-02-02,C1153,East,Laptop Sleeve,Accessories,4,17.19,0.0,68.76,29.1,2025-02
10277,2025-02-02,C1007,West,Laptop Sleeve,Accessories,4,19.3,0.15,65.62,28.74,2025-02
10278,2025-02-02,C1092,South,USB-C Cable,Accessories,2,12.54,0.15,21.32,8.07,2025-02
10279,2025-02-02,C1170,North,Desk Lamp,Furniture,1,31.27,0.1,28.14,10.24,2025-02
10280,2025-02-02,C1140,West,Laptop Sleeve,Accessories,2,18.89,0.0,37.78,16.51,2025-02
10281,2025-02-03,C1098,West,Monitor Stand,Furniture,3,38.82,0.0,116.46,44.19,2025-02
10282,2025-02-03,C1113,East,Monitor Stand,Furniture,3,38.39,0.0,115.17,42.45,2025-02
10283,2025-02-04,C1153,West,Office Chair,Furniture,3,126.52,0.0,379.56,143.37,2025-02
10284,2025-02-04,C1102,South,Water Bottle,Lifestyle,4,15.22,0.0,60.88,29.78,2025-02
10285,2025-02-04,C1282,East,Laptop Sleeve,Accessories,2,19.09,0.0,38.18,16.99,2025-02
10286,2025-02-04,C1278,South,USB-C Cable,Accessories,4,12.72,0.0,50.88,22.33,2025-02
10287,2025-02-04,C1102,South,Monitor Stand,Furniture,4,37.16,0.0,148.64,56.08,2025-02
10288,2025-02-04,C1238,South,Bluetooth Speaker,Electronics,2,46.65,0.15,79.3,24.93,2025-02
10289,2025-02-04,C1046,West,Office Chair,Furniture,4,115.61,0.0,462.44,175.05,2025-02
10290,2025-02-04,C1161,West,USB-C Cable,Accessories,4,11.19,0.0,44.76,18.72,2025-02
10291,2025-02-04,C1152,East,USB-C Cable,Accessories,2,11.55,0.0,23.1,9.8,2025-02
10292,2025-02-04,C1270,East,Laptop Sleeve,Accessories,3,19.36,0.0,58.08,25.82,2025-02
10293,2025-02-05,C1042,South,Monitor Stand,Furniture,2,39.74,0.0,79.48,29.43,2025-02
10294,2025-02-05,C1167,North,USB-C Cable,Accessories,4,12.39,0.05,47.08,20.09,2025-02
10295,2025-02-05,C1042,East,Laptop Sleeve,Accessories,3,18.86,0.0,56.58,24.67,2025-02
10296,2025-02-05,C1006,North,Water Bottle,Lifestyle,2,15.89,0.0,31.78,14.3,2025-02
10297,2025-02-05,C1052,West,Bluetooth Speaker,Electronics,4,42.57,0.0,170.28,54.45,2025-02
10298,2025-02-05,C1018,South,Bluetooth Speaker,Electronics,4,41.89,0.0,167.56,53.05,2025-02
10299,2025-02-05,C1214,North,Printer Ink,Electronics,2,30.16,0.0,60.32,17.84,2025-02
10300,2025-02-05,C1056,South,Wireless Mouse,Accessories,2,24.11,0.0,48.22,20.83,2025-02
10301,2025-02-05,C1081,South,Laptop Sleeve,Accessories,2,18.14,0.15,30.84,12.77,2025-02
10302,2025-02-05,C1123,South,Printer Ink,Electronics,3,26.68,0.0,80.04,25.08,2025-02
10303,2025-02-05,C1040,East,Notebook Pack,Stationery,2,7.58,0.1,13.64,7.37,2025-02
10304,2025-02-05,C1265,East,Laptop Sleeve,Accessories,3,16.6,0.15,42.33,18.55,2025-02
10305,2025-02-05,C1265,East,Office Chair,Furniture,3,110.44,0.0,331.32,125.67,2025-02
10306,2025-02-05,C1283,North,Notebook Pack,Stationery,2,8.35,0.0,16.7,8.44,2025-02
10307,2025-02-05,C1261,South,Notebook Pack,Stationery,4,8.29,0.0,33.16,16.76,2025-02
10308,2025-02-06,C1247,West,USB-C Cable,Accessories,2,11.87,0.0,23.74,10.66,2025-02
10309,2025-02-06,C1046,East,Wireless Mouse,Accessories,3,25.62,0.05,73.02,32.76,2025-02
10310,2025-02-06,C1160,South,Laptop Sleeve,Accessories,1,16.78,0.1,15.1,6.09,2025-02
10311,2025-02-06,C1237,North,Printer Ink,Electronics,7,28.52,0.0,199.64,62.41,2025-02
10312,2025-02-07,C1062,South,USB-C Cable,Accessories,5,11.32,0.0,56.6,24.63,2025-02
10313,2025-02-07,C1087,South,Bluetooth Speaker,Electronics,1,43.57,0.0,43.57,13.83,2025-02
10314,2025-02-07,C1201,North,Monitor Stand,Furniture,4,35.93,0.0,143.72,54.47,2025-02
10315,2025-02-07,C1152,West,Monitor Stand,Furniture,5,40.58,0.0,202.9,76.0,2025-02
10316,2025-02-07,C1096,South,Bluetooth Speaker,Electronics,6,43.95,0.0,263.7,82.5,2025-02
10317,2025-02-07,C1260,West,Bluetooth Speaker,Electronics,1,47.37,0.0,47.37,14.12,2025-02
10318,2025-02-07,C1111,West,Printer Ink,Electronics,5,28.78,0.0,143.9,44.66,2025-02
10319,2025-02-07,C1149,North,Laptop Sleeve,Accessories,1,18.63,0.0,18.63,7.35,2025-02
10320,2025-02-07,C1233,South,Desk Lamp,Furniture,4,32.69,0.0,130.76,49.45,2025-02
10321,2025-02-08,C1140,East,Monitor Stand,Furniture,3,38.25,0.0,114.75,42.2,2025-02
10322,2025-02-08,C1127,East,Water Bottle,Lifestyle,2,15.25,0.0,30.5,14.58,2025-02
10323,2025-02-08,C1102,East,Monitor Stand,Furniture,1,39.61,0.0,39.61,13.51,2025-02
10324,2025-02-08,C1281,North,Office Chair,Furniture,2,119.51,0.0,239.02,89.57,2025-02
10325,2025-02-08,C1146,North,Wireless Mouse,Accessories,6,24.33,0.0,145.98,64.79,2025-02
10326,2025-02-09,C1044,South,Water Bottle,Lifestyle,3,15.36,0.0,46.08,22.29,2025-02
10327,2025-02-09,C1039,North,Monitor Stand,Furniture,2,37.67,0.0,75.34,27.17,2025-02
10328,2025-02-09,C1158,South,Laptop Sleeve,Accessories,5,17.19,0.0,85.95,37.71,2025-02
10329,2025-02-09,C1294,West,USB-C Cable,Accessories,2,12.51,0.0,25.02,9.7,2025-02
10330,2025-02-09,C1091,West,Printer Ink,Electronics,1,26.69,0.0,26.69,7.77,2025-02
10331,2025-02-09,C1268,West,Wireless Mouse,Accessories,7,25.53,0.0,178.71,79.47,2025-02
10332,2025-02-09,C1137,South,Printer Ink,Electronics,2,28.45,0.05,54.05,15.56,2025-02
10333,2025-02-09,C1145,North,Desk Lamp,Furniture,1,33.0,0.0,33.0,10.9,2025-02
10334,2025-02-10,C1095,West,USB-C Cable,Accessories,6,11.46,0.0,68.76,30.41,2025-02
10335,2025-02-10,C1186,East,Wireless Mouse,Accessories,1,25.67,0.0,25.67,9.76,2025-02
10336,2025-02-10,C1037,West,Desk Lamp,Furniture,3,33.27,0.05,94.82,34.62,2025-02
10337,2025-02-10,C1186,West,Laptop Sleeve,Accessories,6,16.68,0.0,100.08,44.78,2025-02
10338,2025-02-10,C1113,South,USB-C Cable,Accessories,1,11.19,0.0,11.19,5.0,2025-02
10339,2025-02-10,C1196,South,Printer Ink,Electronics,1,28.05,0.0,28.05,7.1,2025-02
10340,2025-02-10,C1109,East,Water Bottle,Lifestyle,6,14.35,0.0,86.1,41.19,2025-02
10341,2025-02-10,C1165,East,Bluetooth Speaker,Electronics,3,44.96,0.05,128.14,40.08,2025-02
10342,2025-02-10,C1058,North,Notebook Pack,Stationery,4,8.57,0.0,34.28,17.85,2025-02
10343,2025-02-10,C1213,East,Printer Ink,Electronics,2,28.61,0.0,57.22,17.95,2025-02
10344,2025-02-10,C1206,South,Notebook Pack,Stationery,2,8.24,0.0,16.48,8.72,2025-02
10345,2025-02-10,C1291,West,USB-C Cable,Accessories,4,11.34,0.0,45.36,19.86,2025-02
10346,2025-02-10,C1208,West,Laptop Sleeve,Accessories,1,18.27,0.0,18.27,8.09,2025-02
10347,2025-02-11,C1272,East,Water Bottle,Lifestyle,4,14.6,0.0,58.4,27.25,2025-02
10348,2025-02-11,C1289,West,USB-C Cable,Accessories,1,11.78,0.0,11.78,4.88,2025-02
10349,2025-02-11,C1295,North,Desk Lamp,Furniture,2,31.68,0.0,63.36,22.11,2025-02
10350,2025-02-11,C1137,North,Laptop Sleeve,Accessories,2,18.38,0.0,36.76,16.5,2025-02
10351,2025-02-11,C1165,South,Wireless Mouse,Accessories,2,23.84,0.05,45.3,20.09,2025-02
10352,2025-02-11,C1095,North,Water Bottle,Lifestyle,1,14.96,0.0,14.96,6.35,2025-02
10353,2025-02-11,C1064,South,Wireless Mouse,Accessories,3,23.01,0.0,69.03,29.31,2025-02
10354,2025-02-11,C1175,South,Office Chair,Furniture,2,118.44,0.0,236.88,88.56,2025-02
10355,2025-02-11,C1031,West,Notebook Pack,Stationery,2,7.42,0.0,14.84,7.04,2025-02
10356,2025-02-11,C1210,South,Water Bottle,Lifestyle,2,15.58,0.0,31.16,14.61,2025-02
10357,2025-02-11,C1228,North,Notebook Pack,Stationery,2,8.25,0.0,16.5,8.05,2025-02
10358,2025-02-11,C1052,West,Desk Lamp,Furniture,6,30.87,0.0,185.22,68.67,2025-02
10359,2025-02-12,C1189,West,Bluetooth Speaker,Electronics,2,45.41,0.05,86.28,26.02,2025-02
10360,2025-02-12,C1044,North,Monitor Stand,Furniture,2,38.13,0.0,76.26,27.48,2025-02
10361,2025-02-12,C1057,West,Water Bottle,Lifestyle,3,14.9,0.0,44.7,22.16,2025-02
10362,2025-02-12,C1245,West,Wireless Mouse,Accessories,6,26.09,0.0,156.54,69.21,2025-02
10363,2025-02-12,C1115,East,Office Chair,Furniture,5,110.98,0.0,554.9,210.18,2025-02
10364,2025-02-12,C1136,South,Notebook Pack,Stationery,2,8.16,0.0,16.32,7.27,2025-02
10365,2025-02-12,C1236,North,USB-C Cable,Accessories,1,11.9,0.0,11.9,5.26,2025-02
10366,2025-02-12,C1138,East,Laptop Sleeve,Accessories,2,17.65,0.05,33.53,14.3,2025-02
10367,2025-02-13,C1272,South,Bluetooth Speaker,Electronics,2,43.52,0.0,87.04,26.58,2025-02
10368,2025-02-13,C1163,North,Notebook Pack,Stationery,3,8.01,0.0,24.03,11.39,2025-02
10369,2025-02-13,C1209,North,Monitor Stand,Furniture,5,37.03,0.0,185.15,69.47,2025-02
10370,2025-02-13,C1286,East,Monitor Stand,Furniture,4,35.96,0.0,143.84,53.24,2025-02
10371,2025-02-13,C1009,West,Wireless Mouse,Accessories,3,24.88,0.0,74.64,32.09,2025-02
10372,2025-02-13,C1104,South,Wireless Mouse,Accessories,1,26.77,0.0,26.77,11.12,2025-02
10373,2025-02-13,C1157,South,Notebook Pack,Stationery,5,8.24,0.0,41.2,22.28,2025-02
10374,2025-02-13,C1249,East,Monitor Stand,Furniture,3,37.91,0.0,113.73,41.85,2025-02
10375,2025-02-13,C1090,West,Laptop Sleeve,Accessories,4,16.69,0.0,66.76,30.01,2025-02
10376,2025-02-13,C1060,West,Monitor Stand,Furniture,4,36.95,0.0,147.8,54.51,2025-02
10377,2025-02-13,C1196,North,USB-C Cable,Accessories,1,11.73,0.0,11.73,4.11,2025-02
10378,2025-02-14,C1246,East,Wireless Mouse,Accessories,5,26.88,0.0,134.4,59.78,2025-02
10379,2025-02-14,C1181,North,Laptop Sleeve,Accessories,2,19.41,0.0,38.82,17.19,2025-02
10380,2025-02-14,C1272,West,Water Bottle,Lifestyle,1,15.95,0.0,15.95,7.66,2025-02
10381,2025-02-14,C1013,North,Bluetooth Speaker,Electronics,1,44.76,0.0,44.76,12.64,2025-02
10382,2025-02-14,C1216,West,Bluetooth Speaker,Electronics,4,48.11,0.0,192.44,59.71,2025-02
10383,2025-02-14,C1248,West,Notebook Pack,Stationery,2,8.2,0.0,16.4,8.36,2025-02
10384,2025-02-15,C1140,East,Bluetooth Speaker,Electronics,5,43.24,0.0,216.2,68.47,2025-02
10385,2025-02-15,C1189,East,Desk Lamp,Furniture,2,30.91,0.0,61.82,23.43,2025-02
10386,2025-02-15,C1044,North,Wireless Mouse,Accessories,3,24.27,0.15,61.89,27.33,2025-02
10387,2025-02-15,C1196,North,USB-C Cable,Accessories,3,11.59,0.0,34.77,15.02,2025-02
10388,2025-02-15,C1092,South,USB-C Cable,Accessories,4,12.85,0.0,51.4,22.91,2025-02
10389,2025-02-15,C1105,North,Water Bottle,Lifestyle,4,15.18,0.0,60.72,30.28,2025-02
10390,2025-02-15,C1149,West,Laptop Sleeve,Accessories,4,18.49,0.05,70.26,29.72,2025-02
10391,2025-02-16,C1236,North,Monitor Stand,Furniture,3,38.28,0.0,114.84,43.32,2025-02
10392,2025-02-16,C1265,South,Notebook Pack,Stationery,5,7.43,0.0,37.15,19.76,2025-02
10393,2025-02-16,C1297,North,Wireless Mouse,Accessories,3,23.93,0.05,68.2,28.84,2025-02
10394,2025-02-16,C1238,North,Monitor Stand,Furniture,2,40.18,0.0,80.36,28.64,2025-02
10395,2025-02-16,C1062,East,Laptop Sleeve,Accessories,4,18.6,0.0,74.4,31.67,2025-02
10396,2025-02-16,C1283,South,Laptop Sleeve,Accessories,4,18.91,0.1,68.08,30.45,2025-02
10397,2025-02-16,C1292,East,Laptop Sleeve,Accessories,2,17.52,0.0,35.04,14.03,2025-02
10398,2025-02-17,C1220,North,Office Chair,Furniture,3,116.88,0.05,333.11,126.09,2025-02
10399,2025-02-17,C1147,South,Bluetooth Speaker,Electronics,2,42.2,0.0,84.4,25.26,2025-02
10400,2025-02-17,C1289,West,Printer Ink,Electronics,2,29.07,0.0,58.14,17.26,2025-02
10401,2025-02-17,C1188,South,Laptop Sleeve,Accessories,2,17.05,0.0,34.1,13.82,2025-02
10402,2025-02-17,C1244,West,Notebook Pack,Stationery,4,8.21,0.0,32.84,16.77,2025-02
10403,2025-02-17,C1094,North,Office Chair,Furniture,1,112.31,0.0,112.31,41.63,2025-02
10404,2025-02-17,C1259,South,Desk Lamp,Furniture,2,33.44,0.0,66.88,24.21,2025-02
10405,2025-02-17,C1181,North,Laptop Sleeve,Accessories,5,18.27,0.0,91.35,39.74,2025-02
10406,2025-02-17,C1041,North,Office Chair,Furniture,3,114.88,0.0,344.64,129.47,2025-02
10407,2025-02-17,C1159,East,Wireless Mouse,Accessories,2,25.81,0.0,51.62,21.24,2025-02
10408,2025-02-18,C1284,North,Wireless Mouse,Accessories,4,24.18,0.0,96.72,41.59,2025-02
10409,2025-02-18,C1215,East,USB-C Cable,Accessories,2,11.74,0.0,23.48,8.89,2025-02
10410,2025-02-18,C1216,West,Bluetooth Speaker,Electronics,2,46.55,0.0,93.1,28.74,2025-02
10411,2025-02-18,C1148,West,Bluetooth Speaker,Electronics,3,46.85,0.0,140.55,43.13,2025-02
10412,2025-02-18,C1141,East,Notebook Pack,Stationery,1,8.29,0.0,8.29,3.23,2025-02
10413,2025-02-19,C1189,West,Bluetooth Speaker,Electronics,1,43.72,0.0,43.72,13.69,2025-02
10414,2025-02-19,C1218,West,Desk Lamp,Furniture,4,32.25,0.0,129.0,47.81,2025-02
10415,2025-02-19,C1053,North,Wireless Mouse,Accessories,2,23.71,0.15,40.31,17.25,2025-02
10416,2025-02-19,C1028,West,Water Bottle,Lifestyle,4,14.77,0.0,59.08,28.18,2025-02
10417,2025-02-19,C1242,South,Printer Ink,Electronics,3,28.33,0.0,84.99,25.59,2025-02
10418,2025-02-19,C1042,West,Desk Lamp,Furniture,2,29.57,0.0,59.14,21.59,2025-02
10419,2025-02-19,C1019,North,Wireless Mouse,Accessories,2,24.91,0.0,49.82,21.34,2025-02
10420,2025-02-19,C1097,West,Notebook Pack,Stationery,3,7.42,0.0,22.26,10.38,2025-02
10421,2025-02-19,C1051,East,Desk Lamp,Furniture,2,32.58,0.05,61.9,21.9,2025-02
10422,2025-02-20,C1010,North,Bluetooth Speaker,Electronics,4,44.25,0.0,177.0,55.73,2025-02
10423,2025-02-20,C1269,East,Bluetooth Speaker,Electronics,4,47.27,0.0,189.08,60.35,2025-02
10424,2025-02-20,C1105,East,Wireless Mouse,Accessories,4,23.46,0.05,89.15,39.29,2025-02
10425,2025-02-20,C1168,East,Notebook Pack,Stationery,3,7.89,0.0,23.67,12.75,2025-02
10426,2025-02-20,C1187,North,Wireless Mouse,Accessories,2,26.47,0.0,52.94,23.5,2025-02
10427,2025-02-20,C1290,West,Wireless Mouse,Accessories,2,25.21,0.0,50.42,20.95,2025-02
10428,2025-02-20,C1015,North,Laptop Sleeve,Accessories,3,18.27,0.0,54.81,24.32,2025-02
10429,2025-02-20,C1029,West,Notebook Pack,Stationery,3,7.77,0.0,23.31,11.82,2025-02
10430,2025-02-20,C1086,South,Laptop Sleeve,Accessories,4,19.27,0.0,77.08,32.94,2025-02
10431,2025-02-21,C1257,North,Water Bottle,Lifestyle,5,14.34,0.0,71.7,35.15,2025-02
10432,2025-02-21,C1185,South,Notebook Pack,Stationery,1,8.13,0.1,7.32,3.26,2025-02
10433,2025-02-21,C1024,North,Office Chair,Furniture,5,121.05,0.05,574.99,217.23,2025-02
10434,2025-02-21,C1149,North,Office Chair,Furniture,3,118.37,0.0,355.11,133.99,2025-02
10435,2025-02-21,C1265,East,Laptop Sleeve,Accessories,3,18.48,0.0,55.44,24.06,2025-02
10436,2025-02-21,C1007,South,Wireless Mouse,Accessories,1,24.59,0.0,24.59,10.1,2025-02
10437,2025-02-21,C1008,North,USB-C Cable,Accessories,2,11.18,0.0,22.36,8.93,2025-02
10438,2025-02-22,C1011,East,Wireless Mouse,Accessories,2,26.78,0.05,50.88,22.3,2025-02
10439,2025-02-22,C1024,West,Monitor Stand,Furniture,3,35.32,0.0,105.96,38.81,2025-02
10440,2025-02-22,C1154,South,Laptop Sleeve,Accessories,2,16.57,0.0,33.14,13.63,2025-02
10441,2025-02-22,C1005,South,USB-C Cable,Accessories,3,12.94,0.0,38.82,15.53,2025-02
10442,2025-02-23,C1034,South,Notebook Pack,Stationery,2,7.72,0.0,15.44,6.93,2025-02
10443,2025-02-23,C1219,East,Bluetooth Speaker,Electronics,6,41.52,0.0,249.12,78.1,2025-02
10444,2025-02-23,C1079,East,Office Chair,Furniture,4,123.69,0.0,494.76,187.18,2025-02
10445,2025-02-23,C1235,East,Printer Ink,Electronics,2,28.59,0.0,57.18,16.31,2025-02
10446,2025-02-23,C1157,East,Printer Ink,Electronics,2,27.59,0.0,55.18,17.05,2025-02
10447,2025-02-23,C1167,South,Monitor Stand,Furniture,3,36.88,0.0,110.64,41.9,2025-02
10448,2025-02-23,C1286,South,Wireless Mouse,Accessories,1,25.8,0.0,25.8,10.12,2025-02
10449,2025-02-24,C1074,North,Printer Ink,Electronics,2,29.83,0.0,59.66,18.91,2025-02
10450,2025-02-24,C1236,West,Notebook Pack,Stationery,2,7.48,0.0,14.96,7.13,2025-02
10451,2025-02-24,C1210,East,Wireless Mouse,Accessories,3,25.35,0.0,76.05,32.97,2025-02
10452,2025-02-24,C1033,South,Notebook Pack,Stationery,2,7.57,0.0,15.14,6.75,2025-02
10453,2025-02-24,C1009,East,Office Chair,Furniture,2,126.37,0.0,252.74,94.6,2025-02
10454,2025-02-24,C1008,North,Desk Lamp,Furniture,2,33.6,0.0,67.2,24.24,2025-02
10455,2025-02-25,C1116,North,Printer Ink,Electronics,1,28.62,0.0,28.62,9.04,2025-02
10456,2025-02-25,C1072,West,Laptop Sleeve,Accessories,1,17.16,0.0,17.16,7.01,2025-02
10457,2025-02-25,C1205,South,USB-C Cable,Accessories,2,12.91,0.0,25.82,9.75,2025-02
10458,2025-02-25,C1152,West,Bluetooth Speaker,Electronics,2,43.77,0.0,87.54,27.65,2025-02
10459,2025-02-25,C1191,East,Printer Ink,Electronics,2,27.16,0.0,54.32,16.09,2025-02
10460,2025-02-25,C1014,South,Notebook Pack,Stationery,1,8.03,0.1,7.23,2.35,2025-02
10461,2025-02-25,C1231,West,USB-C Cable,Accessories,4,11.69,0.0,46.76,20.07,2025-02
10462,2025-02-25,C1214,North,USB-C Cable,Accessories,5,12.55,0.0,62.75,26.41,2025-02
10463,2025-02-25,C1283,South,USB-C Cable,Accessories,1,12.33,0.0,12.33,5.06,2025-02
10464,2025-02-25,C1178,West,USB-C Cable,Accessories,2,11.67,0.0,23.34,9.0,2025-02
10465,2025-02-26,C1164,South,Printer Ink,Electronics,3,29.51,0.0,88.53,27.95,2025-02
10466,2025-02-26,C1094,East,Desk Lamp,Furniture,5,33.73,0.0,168.65,62.69,2025-02
10467,2025-02-26,C1069,West,Water Bottle,Lifestyle,1,14.78,0.05,14.04,6.93,2025-02
10468,2025-02-26,C1188,West,Bluetooth Speaker,Electronics,3,47.62,0.0,142.86,43.76,2025-02
10469,2025-02-26,C1191,North,Laptop Sleeve,Accessories,4,17.55,0.0,70.2,30.71,2025-02
10470,2025-02-26,C1084,North,Desk Lamp,Furniture,3,32.84,0.0,98.52,36.61,2025-02
10471,2025-02-26,C1080,West,Office Chair,Furniture,4,115.72,0.0,462.88,174.03,2025-02
10472,2025-02-26,C1264,South,Monitor Stand,Furniture,3,36.2,0.0,108.6,40.83,2025-02
10473,2025-02-26,C1000,East,Notebook Pack,Stationery,4,8.48,0.0,33.92,18.19,2025-02
10474,2025-02-26,C1227,East,Laptop Sleeve,Accessories,2,18.35,0.0,36.7,16.29,2025-02
10475,2025-02-27,C1145,West,Office Chair,Furniture,6,120.67,0.0,724.02,273.51,2025-02
10476,2025-02-27,C1008,West,Monitor Stand,Furniture,2,40.99,0.05,77.88,29.4,2025-02
10477,2025-02-27,C1240,South,Laptop Sleeve,Accessories,3,18.94,0.0,56.82,24.95,2025-02
10478,2025-02-27,C1021,East,Laptop Sleeve,Accessories,2,16.74,0.0,33.48,14.34,2025-02
10479,2025-02-27,C1206,West,Monitor Stand,Furniture,4,39.27,0.15,133.52,50.11,2025-02
10480,2025-02-27,C1197,North,USB-C Cable,Accessories,2,11.18,0.1,20.12,8.67,2025-02
10481,2025-02-28,C1205,West,Desk Lamp,Furniture,5,30.9,0.0,154.5,57.96,2025-02
10482,2025-02-28,C1287,North,Desk Lamp,Furniture,2,31.03,0.0,62.06,21.99,2025-02
10483,2025-02-28,C1096,East,Office Chair,Furniture,1,118.11,0.0,118.11,44.44,2025-02
10484,2025-02-28,C1129,North,Laptop Sleeve,Accessories,4,17.08,0.0,68.32,28.85,2025-02
10485,2025-02-28,C1168,North,USB-C Cable,Accessories,4,12.25,0.0,49.0,21.76,2025-02
10486,2025-02-28,C1208,West,Desk Lamp,Furniture,8,33.66,0.0,269.28,101.22,2025-02
10487,2025-03-01,C1175,North,Office Chair,Furniture,2,121.46,0.05,230.77,86.24,2025-03
10488,2025-03-01,C1228,South,Wireless Mouse,Accessories,1,23.59,0.0,23.59,10.44,2025-03
10489,2025-03-01,C1202,South,USB-C Cable,Accessories,3,11.25,0.0,33.75,14.02,2025-03
10490,2025-03-01,C1044,South,Wireless Mouse,Accessories,2,26.51,0.0,53.02,23.26,2025-03
10491,2025-03-01,C1270,South,Bluetooth Speaker,Electronics,5,47.74,0.0,238.7,75.87,2025-03
10492,2025-03-01,C1180,West,Wireless Mouse,Accessories,1,24.95,0.0,24.95,10.7,2025-03
10493,2025-03-01,C1153,West,Wireless Mouse,Accessories,3,24.25,0.0,72.75,31.14,2025-03
10494,2025-03-01,C1199,West,Bluetooth Speaker,Electronics,6,41.77,0.0,250.62,78.85,2025-03
10495,2025-03-01,C1198,South,USB-C Cable,Accessories,2,12.48,0.0,24.96,10.82,2025-03
10496,2025-03-01,C1107,North,Desk Lamp,Furniture,2,32.16,0.0,64.32,23.22,2025-03
10497,2025-03-01,C1065,West,Desk Lamp,Furniture,3,31.73,0.0,95.19,35.76,2025-03
10498,2025-03-01,C1045,South,Laptop Sleeve,Accessories,2,16.96,0.0,33.92,13.55,2025-03
10499,2025-03-01,C1011,West,Notebook Pack,Stationery,5,7.45,0.05,35.39,19.23,2025-03
10500,2025-03-02,C1153,East,Bluetooth Speaker,Electronics,4,42.26,0.0,169.04,53.52,2025-03
10501,2025-03-02,C1237,South,Laptop Sleeve,Accessories,5,18.63,0.1,83.84,36.67,2025-03
10502,2025-03-02,C1003,West,Desk Lamp,Furniture,1,33.49,0.05,31.82,11.13,2025-03
10503,2025-03-02,C1124,West,Wireless Mouse,Accessories,4,23.49,0.0,93.96,41.91,2025-03
10504,2025-03-02,C1007,East,Notebook Pack,Stationery,4,8.02,0.0,32.08,16.03,2025-03
10505,2025-03-02,C1128,South,USB-C Cable,Accessories,5,11.17,0.05,53.06,23.1,2025-03
10506,2025-03-02,C1050,West,Printer Ink,Electronics,4,25.98,0.0,103.92,33.13,2025-03
10507,2025-03-02,C1243,West,Laptop Sleeve,Accessories,3,17.95,0.0,53.85,24.08,2025-03
10508,2025-03-03,C1017,North,Laptop Sleeve,Accessories,2,16.69,0.0,33.38,13.33,2025-03
10509,2025-03-03,C1176,South,Laptop Sleeve,Accessories,4,17.57,0.0,70.28,29.86,2025-03
10510,2025-03-03,C1278,West,Monitor Stand,Furniture,4,38.8,0.0,155.2,58.01,2025-03
10511,2025-03-03,C1111,North,Wireless Mouse,Accessories,1,24.68,0.0,24.68,10.76,2025-03
10512,2025-03-03,C1075,East,Notebook Pack,Stationery,2,8.45,0.0,16.9,8.27,2025-03
10513,2025-03-03,C1150,West,Water Bottle,Lifestyle,4,14.75,0.05,56.05,27.33,2025-03
10514,2025-03-03,C1126,West,Notebook Pack,Stationery,5,7.53,0.0,37.65,20.3,2025-03
10515,2025-03-04,C1089,South,Wireless Mouse,Accessories,4,26.94,0.05,102.37,44.45,2025-03
10516,2025-03-04,C1098,West,USB-C Cable,Accessories,1,12.07,0.1,10.86,4.11,2025-03
10517,2025-03-04,C1255,West,Laptop Sleeve,Accessories,6,17.52,0.0,105.12,45.77,2025-03
10518,2025-03-04,C1003,North,Monitor Stand,Furniture,2,37.39,0.0,74.78,28.01,2025-03
10519,2025-03-04,C1062,North,Monitor Stand,Furniture,3,38.78,0.0,116.34,42.51,2025-03
10520,2025-03-04,C1115,North,Notebook Pack,Stationery,3,7.67,0.0,23.01,10.81,2025-03
10521,2025-03-04,C1169,South,Bluetooth Speaker,Electronics,2,44.28,0.0,88.56,27.17,2025-03
10522,2025-03-04,C1048,North,Printer Ink,Electronics,3,27.02,0.0,81.06,25.43,2025-03
10523,2025-03-04,C1097,East,Printer Ink,Electronics,1,27.41,0.15,23.3,6.61,2025-03
10524,2025-03-04,C1194,South,Water Bottle,Lifestyle,4,16.05,0.0,64.2,31.15,2025-03
10525,2025-03-05,C1036,East,USB-C Cable,Accessories,1,12.91,0.0,12.91,5.23,2025-03
10526,2025-03-05,C1006,South,Water Bottle,Lifestyle,2,14.51,0.0,29.02,13.57,2025-03
10527,2025-03-05,C1009,North,Laptop Sleeve,Accessories,3,17.88,0.0,53.64,24.03,2025-03
10528,2025-03-05,C1084,West,Printer Ink,Electronics,1,26.19,0.0,26.19,7.82,2025-03
10529,2025-03-05,C1295,North,USB-C Cable,Accessories,1,11.08,0.0,11.08,4.16,2025-03
10530,2025-03-05,C1291,North,Office Chair,Furniture,2,125.03,0.05,237.56,89.41,2025-03
10531,2025-03-05,C1119,South,Desk Lamp,Furniture,7,31.76,0.0,222.32,82.56,2025-03
10532,2025-03-05,C1054,South,Desk Lamp,Furniture,6,31.73,0.0,190.38,71.63,2025-03
10533,2025-03-06,C1245,East,USB-C Cable,Accessories,7,12.07,0.0,84.49,36.52,2025-03
10534,2025-03-06,C1215,East,Desk Lamp,Furniture,2,34.44,0.05,65.44,23.87,2025-03
10535,2025-03-06,C1209,North,Laptop Sleeve,Accessories,1,17.41,0.0,17.41,6.5,2025-03
10536,2025-03-06,C1187,West,Bluetooth Speaker,Electronics,2,43.9,0.0,87.8,26.53,2025-03
10537,2025-03-06,C1095,East,USB-C Cable,Accessories,3,11.47,0.0,34.41,14.96,2025-03
10538,2025-03-06,C1253,East,Notebook Pack,Stationery,5,8.09,0.05,38.43,19.97,2025-03
10539,2025-03-06,C1199,South,Notebook Pack,Stationery,1,7.7,0.0,7.7,2.8,2025-03
10540,2025-03-07,C1145,South,Laptop Sleeve,Accessories,2,17.97,0.0,35.94,15.79,2025-03
10541,2025-03-07,C1161,East,USB-C Cable,Accessories,4,12.67,0.0,50.68,21.81,2025-03
10542,2025-03-07,C1002,East,Laptop Sleeve,Accessories,3,16.65,0.05,47.45,20.43,2025-03
10543,2025-03-07,C1003,West,Laptop Sleeve,Accessories,1,17.13,0.0,17.13,6.47,2025-03
10544,2025-03-07,C1151,West,Laptop Sleeve,Accessories,4,18.03,0.0,72.12,30.72,2025-03
10545,2025-03-07,C1295,West,Monitor Stand,Furniture,2,36.89,0.0,73.78,27.02,2025-03
10546,2025-03-07,C1257,West,Laptop Sleeve,Accessories,1,18.42,0.0,18.42,7.82,2025-03
10547,2025-03-07,C1215,South,Laptop Sleeve,Accessories,4,18.9,0.0,75.6,33.13,2025-03
10548,2025-03-07,C1056,West,Water Bottle,Lifestyle,1,14.05,0.0,14.05,5.96,2025-03
10549,2025-03-07,C1183,East,USB-C Cable,Accessories,2,11.68,0.0,23.36,8.73,2025-03
10550,2025-03-07,C1019,West,Notebook Pack,Stationery,2,7.94,0.0,15.88,6.87,2025-03
10551,2025-03-07,C1090,North,Bluetooth Speaker,Electronics,2,48.08,0.05,91.35,27.82,2025-03
10552,2025-03-08,C1078,North,USB-C Cable,Accessories,2,12.7,0.0,25.4,10.84,2025-03
10553,2025-03-08,C1168,East,Laptop Sleeve,Accessories,2,16.86,0.0,33.72,13.42,2025-03
10554,2025-03-08,C1127,West,Wireless Mouse,Accessories,2,25.97,0.0,51.94,22.74,2025-03
10555,2025-03-08,C1223,West,Office Chair,Furniture,1,117.82,0.05,111.93,40.59,2025-03
10556,2025-03-08,C1063,North,Printer Ink,Electronics,3,27.29,0.15,69.59,21.74,2025-03
10557,2025-03-08,C1065,East,Notebook Pack,Stationery,2,7.65,0.0,15.3,7.72,2025-03
10558,2025-03-08,C1083,West,Laptop Sleeve,Accessories,3,18.43,0.15,47.0,19.33,2025-03
10559,2025-03-08,C1009,South,Laptop Sleeve,Accessories,4,17.79,0.0,71.16,30.16,2025-03
10560,2025-03-09,C1012,East,Bluetooth Speaker,Electronics,1,41.49,0.0,41.49,11.85,2025-03
10561,2025-03-09,C1173,South,Office Chair,Furniture,1,123.28,0.05,117.12,44.02,2025-03
10562,2025-03-09,C1247,South,Monitor Stand,Furniture,3,36.51,0.0,109.53,41.57,2025-03
10563,2025-03-09,C1079,West,Laptop Sleeve,Accessories,3,16.82,0.0,50.46,21.54,2025-03
10564,2025-03-09,C1224,North,Water Bottle,Lifestyle,4,15.06,0.0,60.24,29.71,2025-03
10565,2025-03-09,C1041,South,Desk Lamp,Furniture,4,33.73,0.0,134.92,49.9,2025-03
10566,2025-03-09,C1128,South,Wireless Mouse,Accessories,1,23.52,0.0,23.52,8.87,2025-03
10567,2025-03-09,C1081,East,Laptop Sleeve,Accessories,2,18.29,0.0,36.58,14.91,2025-03
10568,2025-03-09,C1104,North,USB-C Cable,Accessories,4,11.64,0.1,41.9,18.79,2025-03
10569,2025-03-09,C1034,West,Wireless Mouse,Accessories,2,24.98,0.1,44.96,19.81,2025-03
10570,2025-03-09,C1192,North,Monitor Stand,Furniture,3,40.4,0.0,121.2,45.35,2025-03
10571,2025-03-10,C1131,North,Water Bottle,Lifestyle,2,15.38,0.1,27.68,13.5,2025-03
10572,2025-03-10,C1035,East,Notebook Pack,Stationery,2,7.96,0.0,15.92,7.12,2025-03
10573,2025-03-10,C1180,North,Laptop Sleeve,Accessories,3,16.94,0.0,50.82,22.47,2025-03
10574,2025-03-10,C1099,North,Desk Lamp,Furniture,2,30.08,0.0,60.16,22.4,2025-03
10575,2025-03-10,C1072,East,Printer Ink,Electronics,2,27.8,0.05,52.82,15.76,2025-03
10576,2025-03-10,C1001,South,Office Chair,Furniture,2,119.37,0.0,238.74,90.27,2025-03
10577,2025-03-10,C1105,West,Laptop Sleeve,Accessories,4,17.82,0.0,71.28,30.55,2025-03
10578,2025-03-10,C1113,West,Office Chair,Furniture,4,127.21,0.0,508.84,193.35,2025-03
10579,2025-03-10,C1171,North,Printer Ink,Electronics,2,27.44,0.0,54.88,17.27,2025-03
10580,2025-03-11,C1068,North,USB-C Cable,Accessories,3,11.2,0.0,33.6,13.86,2025-03
10581,2025-03-11,C1184,West,Monitor Stand,Furniture,2,35.57,0.0,71.14,25.4,2025-03
10582,2025-03-11,C1129,North,Wireless Mouse,Accessories,3,25.84,0.1,69.77,31.12,2025-03
10583,2025-03-11,C1109,North,Laptop Sleeve,Accessories,1,18.23,0.1,16.41,6.39,2025-03
10584,2025-03-11,C1002,North,Desk Lamp,Furniture,5,30.09,0.0,150.45,56.57,2025-03
10585,2025-03-11,C1084,West,Desk Lamp,Furniture,5,32.53,0.0,162.65,60.97,2025-03
10586,2025-03-11,C1097,North,Notebook Pack,Stationery,3,7.8,0.0,23.4,11.63,2025-03
10587,2025-03-11,C1189,West,Wireless Mouse,Accessories,5,23.03,0.0,115.15,50.64,2025-03
10588,2025-03-11,C1134,North,Desk Lamp,Furniture,3,33.94,0.0,101.82,36.73,2025-03
10589,2025-03-12,C1165,East,Wireless Mouse,Accessories,4,25.26,0.1,90.94,39.32,2025-03
10590,2025-03-12,C1245,East,Laptop Sleeve,Accessories,3,17.19,0.0,51.57,21.54,2025-03
10591,2025-03-12,C1232,East,Monitor Stand,Furniture,3,37.24,0.0,111.72,41.21,2025-03
10592,2025-03-12,C1185,South,Wireless Mouse,Accessories,1,24.87,0.05,23.63,8.77,2025-03
10593,2025-03-12,C1209,East,Office Chair,Furniture,1,129.3,0.0,129.3,48.56,2025-03
10594,2025-03-12,C1209,North,Monitor Stand,Furniture,3,39.68,0.0,119.04,44.01,2025-03
10595,2025-03-12,C1138,East,Laptop Sleeve,Accessories,1,17.73,0.0,17.73,6.91,2025-03
10596,2025-03-12,C1191,North,Printer Ink,Electronics,2,27.6,0.0,55.2,17.62,2025-03
10597,2025-03-12,C1293,South,Printer Ink,Electronics,4,30.15,0.0,120.6,37.11,2025-03
10598,2025-03-12,C1167,West,USB-C Cable,Accessories,4,11.97,0.05,45.49,18.65,2025-03
10599,2025-03-13,C1129,South,Notebook Pack,Stationery,3,8.62,0.0,25.86,13.22,2025-03
10600,2025-03-13,C1019,North,Printer Ink,Electronics,1,28.45,0.0,28.45,7.2,2025-03
10601,2025-03-13,C1012,North,Desk Lamp,Furniture,4,30.2,0.0,120.8,45.56,2025-03
10602,2025-03-13,C1204,East,Wireless Mouse,Accessories,1,25.57,0.0,25.57,10.34,2025-03
10603,2025-03-13,C1211,North,Laptop Sleeve,Accessories,3,18.68,0.05,53.24,22.92,2025-03
10604,2025-03-13,C1136,North,Notebook Pack,Stationery,4,7.48,0.0,29.92,14.71,2025-03
10605,2025-03-13,C1145,North,Laptop Sleeve,Accessories,5,17.35,0.0,86.75,37.51,2025-03
10606,2025-03-13,C1150,East,Water Bottle,Lifestyle,1,14.83,0.0,14.83,6.01,2025-03
10607,2025-03-14,C1188,West,Notebook Pack,Stationery,3,7.43,0.0,22.29,11.08,2025-03
10608,2025-03-14,C1221,West,Printer Ink,Electronics,6,26.24,0.0,157.44,50.04,2025-03
10609,2025-03-14,C1227,North,Bluetooth Speaker,Electronics,3,43.97,0.0,131.91,40.28,2025-03
10610,2025-03-14,C1102,North,Wireless Mouse,Accessories,3,23.31,0.0,69.93,30.99,2025-03
10611,2025-03-14,C1254,East,Bluetooth Speaker,Electronics,3,47.54,0.0,142.62,43.89,2025-03
10612,2025-03-14,C1023,South,Printer Ink,Electronics,2,26.56,0.0,53.12,16.83,2025-03
10613,2025-03-14,C1181,West,Monitor Stand,Furniture,4,39.23,0.0,156.92,57.65,2025-03
10614,2025-03-15,C1028,West,Monitor Stand,Furniture,3,35.88,0.0,107.64,40.15,2025-03
10615,2025-03-15,C1278,North,Desk Lamp,Furniture,1,29.96,0.0,29.96,9.52,2025-03
10616,2025-03-15,C1201,East,USB-C Cable,Accessories,4,12.49,0.0,49.96,22.43,2025-03
10617,2025-03-16,C1150,West,Laptop Sleeve,Accessories,2,18.97,0.0,37.94,16.47,2025-03
10618,2025-03-16,C1042,North,Bluetooth Speaker,Electronics,4,42.42,0.0,169.68,53.05,2025-03
10619,2025-03-16,C1134,West,Wireless Mouse,Accessories,1,26.53,0.0,26.53,11.28,2025-03
10620,2025-03-16,C1228,South,Laptop Sleeve,Accessories,2,17.6,0.0,35.2,15.33,2025-03
10621,2025-03-16,C1155,North,Laptop Sleeve,Accessories,2,18.4,0.0,36.8,14.72,2025-03
10622,2025-03-16,C1205,North,Notebook Pack,Stationery,3,8.34,0.1,22.52,11.42,2025-03
10623,2025-03-17,C1126,West,USB-C Cable,Accessories,2,11.76,0.0,23.52,8.99,2025-03
10624,2025-03-17,C1111,West,Office Chair,Furniture,2,113.79,0.1,204.82,77.69,2025-03
10625,2025-03-17,C1082,South,Desk Lamp,Furniture,1,32.01,0.0,32.01,10.22,2025-03
10626,2025-03-17,C1209,East,Notebook Pack,Stationery,4,8.06,0.0,32.24,16.22,2025-03
10627,2025-03-17,C1026,North,Wireless Mouse,Accessories,1,23.37,0.0,23.37,8.73,2025-03
10628,2025-03-18,C1200,North,USB-C Cable,Accessories,5,11.62,0.0,58.1,25.44,2025-03
10629,2025-03-18,C1288,South,Notebook Pack,Stationery,7,8.39,0.0,58.73,32.18,2025-03
10630,2025-03-18,C1086,North,Office Chair,Furniture,1,120.68,0.0,120.68,45.25,2025-03
10631,2025-03-18,C1138,West,Bluetooth Speaker,Electronics,4,42.0,0.0,168.0,53.14,2025-03
10632,2025-03-18,C1033,North,Printer Ink,Electronics,2,28.29,0.0,56.58,18.08,2025-03
10633,2025-03-18,C1204,West,Desk Lamp,Furniture,3,30.82,0.0,92.46,33.27,2025-03
10634,2025-03-18,C1238,East,Notebook Pack,Stationery,1,8.15,0.0,8.15,3.39,2025-03
10635,2025-03-19,C1252,West,Laptop Sleeve,Accessories,3,18.7,0.0,56.1,24.87,2025-03
10636,2025-03-19,C1092,North,Bluetooth Speaker,Electronics,5,43.37,0.15,184.32,57.79,2025-03
10637,2025-03-19,C1089,North,Monitor Stand,Furniture,1,35.86,0.0,35.86,12.73,2025-03
10638,2025-03-19,C1092,South,Desk Lamp,Furniture,3,31.82,0.0,95.46,35.34,2025-03
10639,2025-03-19,C1223,West,Wireless Mouse,Accessories,3,26.66,0.0,79.98,35.61,2025-03
10640,2025-03-20,C1090,South,Wireless Mouse,Accessories,4,25.26,0.0,101.04,44.64,2025-03
10641,2025-03-20,C1253,North,Notebook Pack,Stationery,4,8.54,0.0,34.16,17.69,2025-03
10642,2025-03-20,C1180,West,Wireless Mouse,Accessories,1,26.55,0.0,26.55,11.32,2025-03
10643,2025-03-20,C1175,West,Bluetooth Speaker,Electronics,2,42.76,0.0,85.52,26.74,2025-03
10644,2025-03-20,C1209,West,Bluetooth Speaker,Electronics,5,43.29,0.0,216.45,68.95,2025-03
10645,2025-03-20,C1091,West,Bluetooth Speaker,Electronics,2,46.69,0.0,93.38,28.9,2025-03
10646,2025-03-20,C1161,East,Notebook Pack,Stationery,6,8.2,0.0,49.2,26.77,2025-03
10647,2025-03-20,C1112,South,Monitor Stand,Furniture,1,38.31,0.05,36.39,11.83,2025-03
10648,2025-03-20,C1112,South,Laptop Sleeve,Accessories,2,18.64,0.0,37.28,15.41,2025-03
10649,2025-03-21,C1274,West,Monitor Stand,Furniture,7,35.67,0.0,249.69,94.63,2025-03
10650,2025-03-21,C1176,South,Notebook Pack,Stationery,3,7.7,0.0,23.1,11.03,2025-03
10651,2025-03-21,C1126,North,Wireless Mouse,Accessories,3,24.77,0.05,70.59,30.94,2025-03
10652,2025-03-21,C1140,West,Desk Lamp,Furniture,4,32.81,0.0,131.24,48.75,2025-03
10653,2025-03-21,C1158,East,USB-C Cable,Accessories,1,12.54,0.05,11.91,3.76,2025-03
10654,2025-03-21,C1015,East,Water Bottle,Lifestyle,3,15.57,0.0,46.71,22.41,2025-03
10655,2025-03-21,C1202,West,Printer Ink,Electronics,3,27.37,0.05,78.0,24.49,2025-03
10656,2025-03-22,C1152,West,Notebook Pack,Stationery,3,8.39,0.15,21.39,11.23,2025-03
10657,2025-03-22,C1194,East,Printer Ink,Electronics,3,27.18,0.0,81.54,25.5,2025-03
10658,2025-03-22,C1085,West,USB-C Cable,Accessories,2,12.49,0.1,22.48,9.64,2025-03
10659,2025-03-23,C1274,East,Wireless Mouse,Accessories,3,24.5,0.1,66.15,28.76,2025-03
10660,2025-03-23,C1288,West,Monitor Stand,Furniture,1,39.03,0.0,39.03,13.89,2025-03
10661,2025-03-23,C1047,North,Bluetooth Speaker,Electronics,2,46.4,0.0,92.8,28.73,2025-03
10662,2025-03-23,C1215,North,Water Bottle,Lifestyle,6,15.05,0.0,90.3,44.63,2025-03
10663,2025-03-23,C1021,North,USB-C Cable,Accessories,1,12.2,0.0,12.2,4.14,2025-03
10664,2025-03-23,C1226,East,Notebook Pack,Stationery,2,7.75,0.0,15.5,7.22,2025-03
10665,2025-03-23,C1051,West,Desk Lamp,Furniture,3,32.29,0.0,96.87,35.99,2025-03
10666,2025-03-23,C1265,West,Notebook Pack,Stationery,2,7.94,0.0,15.88,8.22,2025-03
10667,2025-03-23,C1056,West,Office Chair,Furniture,4,118.28,0.05,449.46,169.0,2025-03
10668,2025-03-23,C1093,North,Water Bottle,Lifestyle,3,14.37,0.0,43.11,21.05,2025-03
10669,2025-03-24,C1151,South,Laptop Sleeve,Accessories,3,16.94,0.05,48.28,20.46,2025-03
10670,2025-03-24,C1041,North,Water Bottle,Lifestyle,4,15.04,0.0,60.16,29.28,2025-03
10671,2025-03-24,C1287,East,Bluetooth Speaker,Electronics,1,47.09,0.0,47.09,13.71,2025-03
10672,2025-03-24,C1090,West,Desk Lamp,Furniture,3,31.0,0.0,93.0,35.33,2025-03
10673,2025-03-24,C1298,South,Bluetooth Speaker,Electronics,6,43.07,0.0,258.42,81.05,2025-03
10674,2025-03-24,C1164,North,Laptop Sleeve,Accessories,3,18.26,0.05,52.04,21.64,2025-03
10675,2025-03-24,C1187,East,Laptop Sleeve,Accessories,2,18.14,0.05,34.47,14.56,2025-03
10676,2025-03-24,C1193,West,Wireless Mouse,Accessories,2,25.25,0.1,45.45,20.44,2025-03
10677,2025-03-24,C1040,West,Laptop Sleeve,Accessories,6,18.71,0.15,95.42,41.49,2025-03
10678,2025-03-24,C1224,North,Notebook Pack,Stationery,3,8.53,0.0,25.59,13.95,2025-03
10679,2025-03-25,C1009,East,Water Bottle,Lifestyle,2,14.49,0.0,28.98,13.58,2025-03
10680,2025-03-25,C1109,South,Laptop Sleeve,Accessories,3,18.66,0.05,53.18,22.05,2025-03
10681,2025-03-25,C1222,East,USB-C Cable,Accessories,3,11.65,0.0,34.95,15.16,2025-03
10682,2025-03-25,C1122,North,Monitor Stand,Furniture,2,38.49,0.0,76.98,28.52,2025-03
10683,2025-03-25,C1047,West,USB-C Cable,Accessories,4,11.23,0.0,44.92,18.88,2025-03
10684,2025-03-25,C1277,North,Desk Lamp,Furniture,4,31.91,0.0,127.64,46.55,2025-03
10685,2025-03-25,C1014,West,Wireless Mouse,Accessories,2,25.7,0.0,51.4,21.27,2025-03
10686,2025-03-25,C1276,West,Desk Lamp,Furniture,3,32.61,0.0,97.83,35.24,2025-03
10687,2025-03-25,C1195,West,Notebook Pack,Stationery,3,8.43,0.0,25.29,12.89,2025-03
10688,2025-03-26,C1168,East,Water Bottle,Lifestyle,1,15.98,0.1,14.38,7.03,2025-03
10689,2025-03-26,C1286,West,Wireless Mouse,Accessories,2,23.61,0.0,47.22,20.39,2025-03
10690,2025-03-26,C1104,South,Notebook Pack,Stationery,3,7.6,0.0,22.8,12.01,2025-03
10691,2025-03-26,C1162,North,Laptop Sleeve,Accessories,3,19.26,0.0,57.78,24.32,2025-03
10692,2025-03-26,C1252,South,Desk Lamp,Furniture,6,29.46,0.0,176.76,66.33,2025-03
10693,2025-03-26,C1189,North,Wireless Mouse,Accessories,3,23.92,0.05,68.17,28.97,2025-03
10694,2025-03-26,C1135,North,Water Bottle,Lifestyle,1,16.02,0.0,16.02,7.25,2025-03
10695,2025-03-27,C1027,West,Printer Ink,Electronics,3,26.0,0.0,78.0,24.86,2025-03
10696,2025-03-27,C1140,South,USB-C Cable,Accessories,5,12.13,0.0,60.65,27.02,2025-03
10697,2025-03-27,C1058,West,Printer Ink,Electronics,4,27.86,0.05,105.87,32.6,2025-03
10698,2025-03-27,C1224,West,Printer Ink,Electronics,5,27.1,0.0,135.5,41.67,2025-03
10699,2025-03-27,C1248,South,USB-C Cable,Accessories,1,11.19,0.0,11.19,3.75,2025-03
10700,2025-03-27,C1045,South,Notebook Pack,Stationery,4,7.61,0.0,30.44,14.87,2025-03
10701,2025-03-27,C1270,South,Bluetooth Speaker,Electronics,2,47.19,0.0,94.38,28.49,2025-03
10702,2025-03-27,C1218,East,Bluetooth Speaker,Electronics,3,44.68,0.0,134.04,41.25,2025-03
10703,2025-03-27,C1157,South,Notebook Pack,Stationery,3,7.8,0.05,22.23,12.02,2025-03
10704,2025-03-27,C1051,North,Wireless Mouse,Accessories,3,25.02,0.05,71.31,31.61,2025-03
10705,2025-03-27,C1151,West,Wireless Mouse,Accessories,4,23.31,0.0,93.24,40.72,2025-03
10706,2025-03-28,C1176,West,Notebook Pack,Stationery,3,8.55,0.0,25.65,12.65,2025-03
10707,2025-03-28,C1143,North,USB-C Cable,Accessories,3,11.94,0.0,35.82,15.19,2025-03
10708,2025-03-28,C1282,North,USB-C Cable,Accessories,7,12.19,0.0,85.33,37.4,2025-03
10709,2025-03-28,C1092,East,Monitor Stand,Furniture,1,35.08,0.15,29.82,10.89,2025-03
10710,2025-03-28,C1151,East,Wireless Mouse,Accessories,4,26.06,0.0,104.24,45.94,2025-03
10711,2025-03-28,C1064,East,Notebook Pack,Stationery,2,8.63,0.0,17.26,7.98,2025-03
10712,2025-03-28,C1052,South,Laptop Sleeve,Accessories,3,17.24,0.05,49.13,22.09,2025-03
10713,2025-03-28,C1252,West,Monitor Stand,Furniture,2,37.92,0.0,75.84,27.76,2025-03
10714,2025-03-28,C1230,West,Office Chair,Furniture,3,120.33,0.1,324.89,121.85,2025-03
10715,2025-03-29,C1233,West,Bluetooth Speaker,Electronics,2,46.23,0.0,92.46,28.61,2025-03
10716,2025-03-29,C1095,North,Water Bottle,Lifestyle,6,13.91,0.0,83.46,40.48,2025-03
10717,2025-03-29,C1077,South,Wireless Mouse,Accessories,3,26.85,0.05,76.52,33.89,2025-03
10718,2025-03-29,C1122,South,Desk Lamp,Furniture,4,33.87,0.0,135.48,50.61,2025-03
10719,2025-03-29,C1172,North,Notebook Pack,Stationery,5,8.39,0.0,41.95,22.87,2025-03
10720,2025-03-29,C1195,West,Monitor Stand,Furniture,2,36.38,0.0,72.76,26.09,2025-03
10721,2025-03-29,C1181,West,Wireless Mouse,Accessories,3,25.42,0.0,76.26,33.34,2025-03
10722,2025-03-29,C1137,West,USB-C Cable,Accessories,3,11.93,0.0,35.79,14.64,2025-03
10723,2025-03-29,C1022,West,Laptop Sleeve,Accessories,3,18.75,0.0,56.25,23.43,2025-03
10724,2025-03-30,C1102,West,Bluetooth Speaker,Electronics,3,48.22,0.0,144.66,46.27,2025-03
10725,2025-03-30,C1023,East,Laptop Sleeve,Accessories,3,19.06,0.0,57.18,24.86,2025-03
10726,2025-03-30,C1003,North,USB-C Cable,Accessories,4,11.96,0.0,47.84,21.19,2025-03
10727,2025-03-30,C1239,West,USB-C Cable,Accessories,3,12.1,0.0,36.3,16.25,2025-03
10728,2025-03-30,C1127,West,Monitor Stand,Furniture,3,36.95,0.0,110.85,41.96,2025-03
10729,2025-03-30,C1059,South,Bluetooth Speaker,Electronics,3,44.5,0.05,126.82,39.98,2025-03
10730,2025-03-30,C1296,West,USB-C Cable,Accessories,2,11.24,0.05,21.36,8.56,2025-03
10731,2025-03-30,C1233,East,Desk Lamp,Furniture,5,29.98,0.0,149.9,56.64,2025-03
10732,2025-03-30,C1130,East,Water Bottle,Lifestyle,5,14.7,0.0,73.5,36.61,2025-03
10733,2025-03-30,C1147,South,Printer Ink,Electronics,2,27.74,0.0,55.48,17.23,2025-03
10734,2025-03-31,C1218,South,Desk Lamp,Furniture,2,30.43,0.0,60.86,21.65,2025-03
10735,2025-03-31,C1079,East,Laptop Sleeve,Accessories,2,16.72,0.0,33.44,13.06,2025-03
10736,2025-03-31,C1226,North,Laptop Sleeve,Accessories,4,18.56,0.0,74.24,32.38,2025-03
10737,2025-03-31,C1227,South,Office Chair,Furniture,4,119.93,0.0,479.72,181.96,2025-03
10738,2025-03-31,C1167,North,Printer Ink,Electronics,3,26.97,0.0,80.91,25.11,2025-03
10739,2025-03-31,C1125,South,Bluetooth Speaker,Electronics,2,47.89,0.0,95.78,29.38,2025-03
10740,2025-04-01,C1286,North,Office Chair,Furniture,4,112.22,0.15,381.55,144.42,2025-04
10741,2025-04-01,C1049,West,Laptop Sleeve,Accessories,3,17.03,0.05,48.54,20.47,2025-04
10742,2025-04-01,C1089,North,Notebook Pack,Stationery,4,7.99,0.0,31.96,17.44,2025-04
10743,2025-04-01,C1159,South,Office Chair,Furniture,3,126.99,0.0,380.97,144.38,2025-04
10744,2025-04-01,C1073,North,Printer Ink,Electronics,3,27.86,0.0,83.58,26.54,2025-04
10745,2025-04-01,C1130,East,Notebook Pack,Stationery,2,7.61,0.0,15.22,8.32,2025-04
10746,2025-04-02,C1121,West,Water Bottle,Lifestyle,7,15.8,0.0,110.6,53.51,2025-04
10747,2025-04-02,C1141,East,Wireless Mouse,Accessories,5,24.03,0.0,120.15,53.33,2025-04
10748,2025-04-02,C1111,East,Water Bottle,Lifestyle,5,14.61,0.0,73.05,36.48,2025-04
10749,2025-04-03,C1190,South,Office Chair,Furniture,3,128.86,0.0,386.58,145.29,2025-04
10750,2025-04-03,C1131,South,Office Chair,Furniture,3,111.79,0.05,318.6,120.64,2025-04
10751,2025-04-03,C1053,North,USB-C Cable,Accessories,1,12.11,0.1,10.9,4.08,2025-04
10752,2025-04-03,C1081,East,Water Bottle,Lifestyle,2,14.99,0.15,25.48,11.2,2025-04
10753,2025-04-03,C1241,South,USB-C Cable,Accessories,3,11.75,0.0,35.25,14.74,2025-04
10754,2025-04-03,C1202,East,Bluetooth Speaker,Electronics,4,42.01,0.0,168.04,53.32,2025-04
10755,2025-04-03,C1280,South,Office Chair,Furniture,1,114.16,0.05,108.45,39.55,2025-04
10756,2025-04-04,C1172,North,USB-C Cable,Accessories,6,12.25,0.0,73.5,32.7,2025-04
10757,2025-04-04,C1267,East,Wireless Mouse,Accessories,2,25.52,0.0,51.04,22.38,2025-04
10758,2025-04-04,C1079,West,Bluetooth Speaker,Electronics,3,48.25,0.0,144.75,44.91,2025-04
10759,2025-04-04,C1007,North,Laptop Sleeve,Accessories,6,16.56,0.0,99.36,43.64,2025-04
10760,2025-04-04,C1135,West,Wireless Mouse,Accessories,4,26.4,0.15,89.76,38.62,2025-04
10761,2025-04-05,C1037,North,Notebook Pack,Stationery,3,7.76,0.0,23.28,11.0,2025-04
10762,2025-04-05,C1183,North,Desk Lamp,Furniture,2,34.18,0.15,58.11,21.7,2025-04
10763,2025-04-05,C1016,North,Notebook Pack,Stationery,5,8.51,0.0,42.55,22.43,2025-04
10764,2025-04-05,C1271,West,Desk Lamp,Furniture,4,30.1,0.0,120.4,43.96,2025-04
10765,2025-04-05,C1177,South,Laptop Sleeve,Accessories,3,16.91,0.0,50.73,21.46,2025-04
10766,2025-04-05,C1068,North,Wireless Mouse,Accessories,6,25.57,0.0,153.42,67.8,2025-04
10767,2025-04-05,C1076,South,Bluetooth Speaker,Electronics,2,46.63,0.05,88.6,27.52,2025-04
10768,2025-04-06,C1219,West,Notebook Pack,Stationery,3,8.15,0.0,24.45,12.31,2025-04
10769,2025-04-06,C1077,North,Water Bottle,Lifestyle,5,14.63,0.0,73.15,34.58,2025-04
10770,2025-04-06,C1210,South,Notebook Pack,Stationery,1,7.4,0.0,7.4,2.55,2025-04
10771,2025-04-06,C1069,North,Laptop Sleeve,Accessories,3,18.24,0.0,54.72,24.33,2025-04
10772,2025-04-06,C1047,South,Monitor Stand,Furniture,4,39.51,0.1,142.24,53.77,2025-04
10773,2025-04-06,C1094,West,Office Chair,Furniture,3,128.82,0.0,386.46,146.17,2025-04
10774,2025-04-06,C1119,West,Notebook Pack,Stationery,3,8.13,0.0,24.39,11.94,2025-04
10775,2025-04-06,C1075,South,Monitor Stand,Furniture,2,35.04,0.1,63.07,23.71,2025-04
10776,2025-04-06,C1069,North,Printer Ink,Electronics,2,29.11,0.0,58.22,16.87,2025-04
10777,2025-04-06,C1198,North,Notebook Pack,Stationery,1,8.1,0.1,7.29,2.28,2025-04
10778,2025-04-06,C1284,South,Notebook Pack,Stationery,2,8.28,0.0,16.56,7.69,2025-04
10779,2025-04-07,C1259,North,Water Bottle,Lifestyle,5,15.2,0.0,76.0,37.56,2025-04
10780,2025-04-07,C1143,West,Notebook Pack,Stationery,2,8.46,0.0,16.92,8.93,2025-04
10781,2025-04-07,C1154,South,USB-C Cable,Accessories,3,12.94,0.0,38.82,16.46,2025-04
10782,2025-04-07,C1058,North,Laptop Sleeve,Accessories,1,16.86,0.0,16.86,7.13,2025-04
10783,2025-04-07,C1075,West,Wireless Mouse,Accessories,4,24.65,0.0,98.6,43.47,2025-04
10784,2025-04-07,C1165,South,Monitor Stand,Furniture,2,36.18,0.0,72.36,27.08,2025-04
10785,2025-04-07,C1042,East,Desk Lamp,Furniture,4,31.55,0.0,126.2,46.5,2025-04
10786,2025-04-07,C1270,West,Desk Lamp,Furniture,4,29.51,0.0,118.04,43.46,2025-04
10787,2025-04-08,C1113,South,Notebook Pack,Stationery,2,7.91,0.15,13.45,6.8,2025-04
10788,2025-04-08,C1016,North,USB-C Cable,Accessories,6,12.28,0.0,73.68,33.05,2025-04
10789,2025-04-08,C1246,East,Desk Lamp,Furniture,4,31.91,0.0,127.64,46.85,2025-04
10790,2025-04-08,C1126,West,Laptop Sleeve,Accessories,5,17.73,0.0,88.65,38.33,2025-04
10791,2025-04-08,C1234,West,Laptop Sleeve,Accessories,1,18.85,0.0,18.85,7.5,2025-04
10792,2025-04-08,C1050,West,Notebook Pack,Stationery,5,7.97,0.0,39.85,21.7,2025-04
10793,2025-04-08,C1196,East,Bluetooth Speaker,Electronics,1,45.93,0.0,45.93,14.51,2025-04
10794,2025-04-08,C1206,West,Bluetooth Speaker,Electronics,1,44.6,0.0,44.6,13.57,2025-04
10795,2025-04-08,C1156,South,Desk Lamp,Furniture,3,31.39,0.0,94.17,34.53,2025-04
10796,2025-04-09,C1210,West,Monitor Stand,Furniture,1,35.12,0.0,35.12,12.14,2025-04
10797,2025-04-09,C1296,West,Water Bottle,Lifestyle,2,15.97,0.0,31.94,15.66,2025-04
10798,2025-04-09,C1268,West,Printer Ink,Electronics,2,28.84,0.0,57.68,17.58,2025-04
10799,2025-04-09,C1195,South,USB-C Cable,Accessories,4,11.57,0.0,46.28,20.59,2025-04
10800,2025-04-09,C1275,West,Bluetooth Speaker,Electronics,3,48.54,0.0,145.62,45.79,2025-04
10801,2025-04-09,C1162,East,Wireless Mouse,Accessories,1,26.36,0.0,26.36,10.59,2025-04
10802,2025-04-09,C1147,South,Desk Lamp,Furniture,3,33.14,0.0,99.42,37.28,2025-04
10803,2025-04-09,C1242,South,Notebook Pack,Stationery,3,8.35,0.05,23.8,12.97,2025-04
10804,2025-04-09,C1011,North,Wireless Mouse,Accessories,2,24.09,0.05,45.77,19.9,2025-04
10805,2025-04-09,C1192,South,Laptop Sleeve,Accessories,3,18.7,0.05,53.29,23.44,2025-04
10806,2025-04-09,C1091,North,Water Bottle,Lifestyle,1,14.22,0.15,12.09,4.66,2025-04
10807,2025-04-09,C1125,South,Office Chair,Furniture,2,121.0,0.0,242.0,91.45,2025-04
10808,2025-04-10,C1040,North,Wireless Mouse,Accessories,1,25.86,0.0,25.86,10.97,2025-04
10809,2025-04-10,C1291,East,Wireless Mouse,Accessories,3,24.26,0.0,72.78,32.32,2025-04
10810,2025-04-10,C1220,South,Water Bottle,Lifestyle,4,14.38,0.0,57.52,28.3,2025-04
10811,2025-04-10,C1234,East,Monitor Stand,Furniture,2,36.12,0.0,72.24,26.28,2025-04
10812,2025-04-10,C1041,West,USB-C Cable,Accessories,6,12.24,0.0,73.44,32.8,2025-04
10813,2025-04-11,C1203,South,Notebook Pack,Stationery,1,7.52,0.1,6.77,1.99,2025-04
10814,2025-04-11,C1137,West,Notebook Pack,Stationery,3,7.87,0.15,20.07,9.96,2025-04
10815,2025-04-11,C1186,South,Water Bottle,Lifestyle,2,15.12,0.0,30.24,14.89,2025-04
10816,2025-04-11,C1033,North,Bluetooth Speaker,Electronics,3,48.19,0.0,144.57,45.9,2025-04
10817,2025-04-11,C1102,South,Bluetooth Speaker,Electronics,3,44.43,0.0,133.29,41.9,2025-04
10818,2025-04-11,C1281,West,Laptop Sleeve,Accessories,1,19.4,0.0,19.4,7.43,2025-04
10819,2025-04-11,C1182,South,Desk Lamp,Furniture,3,33.18,0.0,99.54,37.64,2025-04
10820,2025-04-11,C1121,North,Bluetooth Speaker,Electronics,2,48.54,0.0,97.08,30.66,2025-04
10821,2025-04-11,C1199,North,Bluetooth Speaker,Electronics,1,46.41,0.0,46.41,14.39,2025-04
10822,2025-04-12,C1251,North,Laptop Sleeve,Accessories,2,17.06,0.0,34.12,15.32,2025-04
10823,2025-04-12,C1057,South,Printer Ink,Electronics,1,28.85,0.15,24.52,6.39,2025-04
10824,2025-04-12,C1085,North,USB-C Cable,Accessories,2,11.36,0.0,22.72,8.27,2025-04
10825,2025-04-12,C1068,North,Office Chair,Furniture,3,112.53,0.0,337.59,127.78,2025-04
10826,2025-04-12,C1053,North,Laptop Sleeve,Accessories,1,17.5,0.0,17.5,6.41,2025-04
10827,2025-04-12,C1221,South,Printer Ink,Electronics,2,27.51,0.0,55.02,16.0,2025-04
10828,2025-04-12,C1055,East,Laptop Sleeve,Accessories,3,19.39,0.0,58.17,24.59,2025-04
10829,2025-04-12,C1232,South,Desk Lamp,Furniture,2,31.08,0.0,62.16,22.41,2025-04
10830,2025-04-12,C1175,South,Printer Ink,Electronics,1,26.07,0.0,26.07,7.3,2025-04
10831,2025-04-13,C1084,North,Wireless Mouse,Accessories,4,26.61,0.0,106.44,46.1,2025-04
10832,2025-04-13,C1167,East,Monitor Stand,Furniture,1,36.11,0.0,36.11,12.04,2025-04
10833,2025-04-13,C1004,North,Printer Ink,Electronics,1,27.91,0.0,27.91,8.45,2025-04
10834,2025-04-13,C1081,North,Laptop Sleeve,Accessories,2,17.77,0.0,35.54,15.04,2025-04
10835,2025-04-14,C1039,South,Wireless Mouse,Accessories,3,25.69,0.0,77.07,33.56,2025-04
10836,2025-04-14,C1056,West,Desk Lamp,Furniture,5,34.26,0.0,171.3,64.17,2025-04
10837,2025-04-14,C1046,North,Notebook Pack,Stationery,1,7.39,0.0,7.39,2.3,2025-04
10838,2025-04-14,C1073,West,Printer Ink,Electronics,1,27.71,0.15,23.55,5.87,2025-04
10839,2025-04-14,C1191,North,Notebook Pack,Stationery,2,8.04,0.0,16.08,8.53,2025-04
10840,2025-04-14,C1070,South,USB-C Cable,Accessories,1,12.24,0.0,12.24,4.21,2025-04
10841,2025-04-14,C1282,North,Laptop Sleeve,Accessories,3,18.23,0.0,54.69,24.27,2025-04
10842,2025-04-14,C1091,North,Desk Lamp,Furniture,2,32.45,0.0,64.9,23.0,2025-04
10843,2025-04-15,C1156,West,Wireless Mouse,Accessories,2,26.4,0.05,50.16,21.86,2025-04
10844,2025-04-15,C1034,North,Wireless Mouse,Accessories,2,24.52,0.0,49.04,20.11,2025-04
10845,2025-04-15,C1130,North,Office Chair,Furniture,1,125.29,0.0,125.29,46.09,2025-04
10846,2025-04-15,C1204,South,Bluetooth Speaker,Electronics,5,46.43,0.0,232.15,72.54,2025-04
10847,2025-04-15,C1227,East,Wireless Mouse,Accessories,1,26.45,0.15,22.48,9.62,2025-04
10848,2025-04-15,C1188,East,Laptop Sleeve,Accessories,2,17.16,0.0,34.32,14.61,2025-04
10849,2025-04-15,C1242,North,Notebook Pack,Stationery,3,7.72,0.05,22.0,10.83,2025-04
10850,2025-04-15,C1214,West,Office Chair,Furniture,2,117.73,0.1,211.91,79.87,2025-04
10851,2025-04-15,C1017,West,Printer Ink,Electronics,4,27.14,0.0,108.56,32.81,2025-04
10852,2025-04-15,C1023,North,Laptop Sleeve,Accessories,6,17.69,0.0,106.14,47.54,2025-04
10853,2025-04-15,C1060,West,Monitor Stand,Furniture,2,38.08,0.0,76.16,28.58,2025-04
10854,2025-04-16,C1124,West,Wireless Mouse,Accessories,2,23.0,0.0,46.0,18.87,2025-04
10855,2025-04-16,C1098,West,Monitor Stand,Furniture,3,35.86,0.0,107.58,39.91,2025-04
10856,2025-04-16,C1003,West,Office Chair,Furniture,3,118.59,0.0,355.77,135.15,2025-04
10857,2025-04-16,C1041,East,Office Chair,Furniture,2,117.89,0.0,235.78,88.44,2025-04
10858,2025-04-16,C1051,North,Bluetooth Speaker,Electronics,6,46.15,0.0,276.9,87.58,2025-04
10859,2025-04-16,C1048,West,USB-C Cable,Accessories,1,12.9,0.1,11.61,4.51,2025-04
10860,2025-04-16,C1051,South,Office Chair,Furniture,2,121.8,0.0,243.6,90.91,2025-04
10861,2025-04-16,C1254,East,Water Bottle,Lifestyle,6,14.46,0.0,86.76,42.6,2025-04
10862,2025-04-16,C1211,West,Wireless Mouse,Accessories,1,25.71,0.0,25.71,10.88,2025-04
10863,2025-04-16,C1289,North,Wireless Mouse,Accessories,2,23.07,0.05,43.83,19.45,2025-04
10864,2025-04-17,C1104,East,Desk Lamp,Furniture,4,31.75,0.0,127.0,46.89,2025-04
10865,2025-04-17,C1071,North,Desk Lamp,Furniture,2,31.61,0.0,63.22,22.22,2025-04
10866,2025-04-17,C1145,West,Monitor Stand,Furniture,3,40.09,0.0,120.27,43.73,2025-04
10867,2025-04-17,C1165,East,Laptop Sleeve,Accessories,3,18.54,0.0,55.62,24.59,2025-04
10868,2025-04-17,C1012,South,Office Chair,Furniture,5,126.28,0.0,631.4,239.38,2025-04
10869,2025-04-17,C1043,South,Notebook Pack,Stationery,4,8.19,0.0,32.76,16.1,2025-04
10870,2025-04-17,C1274,South,Notebook Pack,Stationery,3,7.56,0.05,21.55,10.99,2025-04
10871,2025-04-17,C1265,South,Laptop Sleeve,Accessories,4,17.29,0.05,65.7,27.67,2025-04
10872,2025-04-17,C1155,East,Desk Lamp,Furniture,1,30.31,0.0,30.31,10.33,2025-04
10873,2025-04-17,C1169,West,Office Chair,Furniture,6,122.85,0.0,737.1,278.89,2025-04
10874,2025-04-18,C1085,West,Monitor Stand,Furniture,2,36.56,0.0,73.12,26.3,2025-04
10875,2025-04-18,C1164,West,Laptop Sleeve,Accessories,4,19.12,0.05,72.66,31.65,2025-04
10876,2025-04-18,C1090,West,Water Bottle,Lifestyle,7,14.31,0.0,100.17,49.24,2025-04
10877,2025-04-18,C1290,North,Printer Ink,Electronics,4,26.12,0.0,104.48,32.25,2025-04
10878,2025-04-18,C1066,South,Office Chair,Furniture,1,120.32,0.0,120.32,45.42,2025-04
10879,2025-04-18,C1101,West,Monitor Stand,Furniture,3,40.02,0.0,120.06,45.2,2025-04
10880,2025-04-18,C1234,North,Bluetooth Speaker,Electronics,2,46.23,0.0,92.46,27.79,2025-04
10881,2025-04-18,C1058,West,USB-C Cable,Accessories,1,11.81,0.0,11.81,4.81,2025-04
10882,2025-04-19,C1249,East,Notebook Pack,Stationery,4,8.22,0.05,31.24,17.07,2025-04
10883,2025-04-19,C1210,South,Printer Ink,Electronics,2,28.03,0.0,56.06,16.99,2025-04
10884,2025-04-19,C1295,South,Desk Lamp,Furniture,2,33.29,0.0,66.58,24.86,2025-04
10885,2025-04-19,C1275,East,Wireless Mouse,Accessories,2,23.15,0.0,46.3,20.25,2025-04
10886,2025-04-19,C1053,South,Notebook Pack,Stationery,3,8.63,0.0,25.89,14.09,2025-04
10887,2025-04-19,C1273,South,Laptop Sleeve,Accessories,4,16.74,0.0,66.96,30.12,2025-04
10888,2025-04-19,C1024,North,Monitor Stand,Furniture,4,38.45,0.05,146.11,55.04,2025-04
10889,2025-04-19,C1176,North,Laptop Sleeve,Accessories,2,19.42,0.0,38.84,17.36,2025-04
10890,2025-04-19,C1232,North,Desk Lamp,Furniture,3,30.54,0.0,91.62,33.67,2025-04
10891,2025-04-19,C1174,North,Office Chair,Furniture,6,119.08,0.0,714.48,270.23,2025-04
10892,2025-04-20,C1230,North,Laptop Sleeve,Accessories,3,17.7,0.0,53.1,22.2,2025-04
10893,2025-04-20,C1140,East,Notebook Pack,Stationery,1,8.57,0.0,8.57,4.06,2025-04
10894,2025-04-20,C1269,North,Bluetooth Speaker,Electronics,4,42.2,0.0,168.8,53.16,2025-04
10895,2025-04-20,C1239,North,USB-C Cable,Accessories,2,12.91,0.0,25.82,10.15,2025-04
10896,2025-04-20,C1140,West,Water Bottle,Lifestyle,4,15.22,0.05,57.84,28.21,2025-04
10897,2025-04-20,C1227,North,Wireless Mouse,Accessories,4,26.57,0.0,106.28,47.2,2025-04
10898,2025-04-20,C1279,West,Bluetooth Speaker,Electronics,6,45.55,0.0,273.3,85.81,2025-04
10899,2025-04-20,C1251,West,USB-C Cable,Accessories,2,12.12,0.0,24.24,10.23,2025-04
10900,2025-04-20,C1270,East,Wireless Mouse,Accessories,6,24.7,0.0,148.2,65.33,2025-04
10901,2025-04-20,C1200,North,Wireless Mouse,Accessories,3,25.88,0.0,77.64,34.27,2025-04
10902,2025-04-20,C1272,East,Notebook Pack,Stationery,2,8.25,0.0,16.5,7.19,2025-04
10903,2025-04-20,C1179,East,Office Chair,Furniture,4,128.67,0.0,514.68,194.83,2025-04
10904,2025-04-21,C1137,North,Laptop Sleeve,Accessories,1,16.86,0.05,16.02,7.13,2025-04
10905,2025-04-21,C1262,West,Wireless Mouse,Accessories,3,24.53,0.0,73.59,32.89,2025-04
10906,2025-04-21,C1245,North,Laptop Sleeve,Accessories,2,18.17,0.0,36.34,15.31,2025-04
10907,2025-04-21,C1171,West,USB-C Cable,Accessories,2,11.65,0.15,19.8,8.4,2025-04
10908,2025-04-21,C1142,South,Notebook Pack,Stationery,5,7.5,0.05,35.62,17.6,2025-04
10909,2025-04-21,C1191,West,Monitor Stand,Furniture,2,36.18,0.1,65.12,23.04,2025-04
10910,2025-04-21,C1208,West,Printer Ink,Electronics,3,29.93,0.0,89.79,27.02,2025-04
10911,2025-04-21,C1095,South,USB-C Cable,Accessories,4,12.51,0.0,50.04,22.11,2025-04
10912,2025-04-21,C1151,West,USB-C Cable,Accessories,6,11.77,0.0,70.62,31.57,2025-04
10913,2025-04-21,C1150,North,Water Bottle,Lifestyle,5,15.05,0.0,75.25,37.38,2025-04
10914,2025-04-21,C1092,South,Laptop Sleeve,Accessories,2,17.2,0.0,34.4,13.59,2025-04
10915,2025-04-21,C1135,North,USB-C Cable,Accessories,1,12.24,0.0,12.24,4.7,2025-04
10916,2025-04-21,C1054,North,Notebook Pack,Stationery,5,8.28,0.0,41.4,21.39,2025-04
10917,2025-04-22,C1235,East,Monitor Stand,Furniture,3,37.44,0.0,112.32,41.59,2025-04
10918,2025-04-22,C1161,West,Notebook Pack,Stationery,3,7.63,0.0,22.89,12.11,2025-04
10919,2025-04-22,C1023,East,Water Bottle,Lifestyle,6,14.45,0.0,86.7,42.81,2025-04
10920,2025-04-22,C1002,North,Laptop Sleeve,Accessories,2,17.23,0.0,34.46,14.38,2025-04
10921,2025-04-22,C1114,South,Office Chair,Furniture,1,123.38,0.0,123.38,45.44,2025-04
10922,2025-04-22,C1175,South,Wireless Mouse,Accessories,6,23.82,0.05,135.77,60.02,2025-04
10923,2025-04-22,C1085,East,Printer Ink,Electronics,4,29.94,0.0,119.76,37.32,2025-04
10924,2025-04-22,C1023,East,USB-C Cable,Accessories,3,11.81,0.0,35.43,15.28,2025-04
10925,2025-04-22,C1267,North,Office Chair,Furniture,4,115.99,0.05,440.76,166.59,2025-04
10926,2025-04-22,C1194,South,Desk Lamp,Furniture,2,29.94,0.0,59.88,22.31,2025-04
10927,2025-04-22,C1239,South,Printer Ink,Electronics,1,26.21,0.0,26.21,7.01,2025-04
10928,2025-04-22,C1036,West,Laptop Sleeve,Accessories,2,17.24,0.0,34.48,15.14,2025-04
10929,2025-04-23,C1258,North,Bluetooth Speaker,Electronics,2,42.33,0.0,84.66,26.08,2025-04
10930,2025-04-23,C1015,North,Bluetooth Speaker,Electronics,5,42.98,0.0,214.9,67.25,2025-04
10931,2025-04-23,C1037,West,Bluetooth Speaker,Electronics,2,45.3,0.0,90.6,28.83,2025-04
10932,2025-04-23,C1276,West,USB-C Cable,Accessories,6,12.57,0.15,64.11,27.91,2025-04
10933,2025-04-23,C1158,East,Office Chair,Furniture,2,120.79,0.0,241.58,91.75,2025-04
10934,2025-04-23,C1277,South,Wireless Mouse,Accessories,1,23.72,0.0,23.72,9.69,2025-04
10935,2025-04-24,C1218,South,USB-C Cable,Accessories,3,12.74,0.0,38.22,16.34,2025-04
10936,2025-04-24,C1127,West,Laptop Sleeve,Accessories,4,17.65,0.1,63.54,27.53,2025-04
10937,2025-04-24,C1130,North,Bluetooth Speaker,Electronics,4,46.25,0.0,185.0,57.51,2025-04
10938,2025-04-24,C1155,West,Laptop Sleeve,Accessories,5,17.56,0.05,83.41,37.13,2025-04
10939,2025-04-24,C1024,East,Printer Ink,Electronics,2,29.05,0.0,58.1,18.37,2025-04
10940,2025-04-24,C1175,North,Office Chair,Furniture,3,125.87,0.0,377.61,142.33,2025-04
10941,2025-04-24,C1109,West,Notebook Pack,Stationery,1,8.36,0.0,8.36,3.47,2025-04
10942,2025-04-25,C1247,West,Laptop Sleeve,Accessories,4,18.23,0.0,72.92,32.63,2025-04
10943,2025-04-25,C1258,North,Bluetooth Speaker,Electronics,1,44.72,0.0,44.72,14.27,2025-04
10944,2025-04-25,C1229,East,Bluetooth Speaker,Electronics,2,44.33,0.0,88.66,27.3,2025-04
10945,2025-04-25,C1268,West,Laptop Sleeve,Accessories,1,16.73,0.0,16.73,5.74,2025-04
10946,2025-04-25,C1058,North,Notebook Pack,Stationery,5,7.87,0.1,35.42,17.93,2025-04
10947,2025-04-25,C1184,East,Notebook Pack,Stationery,1,7.71,0.1,6.94,3.11,2025-04
10948,2025-04-26,C1043,North,Printer Ink,Electronics,1,26.82,0.0,26.82,7.63,2025-04
10949,2025-04-26,C1090,West,Monitor Stand,Furniture,2,37.69,0.0,75.38,28.35,2025-04
10950,2025-04-26,C1131,North,Bluetooth Speaker,Electronics,5,46.16,0.0,230.8,72.96,2025-04
10951,2025-04-26,C1229,West,Wireless Mouse,Accessories,4,25.9,0.0,103.6,46.28,2025-04
10952,2025-04-26,C1265,East,Notebook Pack,Stationery,2,7.84,0.0,15.68,7.28,2025-04
10953,2025-04-27,C1253,South,Laptop Sleeve,Accessories,3,18.61,0.0,55.83,23.46,2025-04
10954,2025-04-27,C1011,South,Desk Lamp,Furniture,3,32.09,0.0,96.27,35.47,2025-04
10955,2025-04-27,C1170,West,Notebook Pack,Stationery,2,7.41,0.0,14.82,8.03,2025-04
10956,2025-04-28,C1056,West,Notebook Pack,Stationery,2,7.95,0.05,15.1,8.12,2025-04
10957,2025-04-28,C1077,West,Printer Ink,Electronics,2,26.77,0.0,53.54,15.92,2025-04
10958,2025-04-28,C1209,North,USB-C Cable,Accessories,2,11.7,0.0,23.4,9.59,2025-04
10959,2025-04-28,C1065,South,Laptop Sleeve,Accessories,4,18.59,0.0,74.36,32.84,2025-04
10960,2025-04-28,C1267,East,Wireless Mouse,Accessories,3,26.53,0.05,75.61,32.86,2025-04
10961,2025-04-28,C1257,South,Desk Lamp,Furniture,4,33.66,0.0,134.64,50.96,2025-04
10962,2025-04-28,C1133,East,Wireless Mouse,Accessories,3,24.01,0.0,72.03,30.51,2025-04
10963,2025-04-28,C1039,North,Bluetooth Speaker,Electronics,2,41.89,0.0,83.78,25.9,2025-04
10964,2025-04-28,C1106,South,Notebook Pack,Stationery,3,7.56,0.1,20.41,11.1,2025-04
10965,2025-04-29,C1283,West,Notebook Pack,Stationery,3,8.3,0.0,24.9,13.2,2025-04
10966,2025-04-29,C1114,West,Office Chair,Furniture,4,128.09,0.0,512.36,194.14,2025-04
10967,2025-04-29,C1172,West,Bluetooth Speaker,Electronics,2,45.69,0.05,86.81,27.68,2025-04
10968,2025-04-29,C1177,West,Monitor Stand,Furniture,4,39.83,0.1,143.39,53.28,2025-04
10969,2025-04-30,C1005,East,Desk Lamp,Furniture,5,34.06,0.1,153.27,56.38,2025-04
10970,2025-04-30,C1090,North,Notebook Pack,Stationery,2,7.75,0.0,15.5,8.43,2025-04
10971,2025-04-30,C1107,South,Notebook Pack,Stationery,4,7.9,0.0,31.6,17.1,2025-04
10972,2025-04-30,C1223,East,Laptop Sleeve,Accessories,3,17.46,0.05,49.76,21.28,2025-04
10973,2025-04-30,C1163,South,Bluetooth Speaker,Electronics,5,44.47,0.0,222.35,70.69,2025-04
10974,2025-04-30,C1141,South,Laptop Sleeve,Accessories,2,18.02,0.0,36.04,14.39,2025-04
10975,2025-04-30,C1103,North,Wireless Mouse,Accessories,3,23.75,0.05,67.69,29.94,2025-04
10976,2025-04-30,C1013,South,Wireless Mouse,Accessories,1,25.94,0.0,25.94,10.41,2025-04
10977,2025-04-30,C1143,East,Laptop Sleeve,Accessories,3,17.53,0.0,52.59,22.51,2025-04
10978,2025-05-01,C1190,East,Bluetooth Speaker,Electronics,1,41.64,0.05,39.56,11.29,2025-05
10979,2025-05-01,C1226,West,Printer Ink,Electronics,2,29.94,0.0,59.88,18.95,2025-05
10980,2025-05-01,C1058,East,USB-C Cable,Accessories,3,11.17,0.0,33.51,13.2,2025-05
10981,2025-05-01,C1112,West,Wireless Mouse,Accessories,4,26.04,0.15,88.54,39.48,2025-05
10982,2025-05-01,C1208,North,Bluetooth Speaker,Electronics,4,48.57,0.0,194.28,60.94,2025-05
10983,2025-05-01,C1287,North,Water Bottle,Lifestyle,2,14.03,0.0,28.06,12.74,2025-05
10984,2025-05-01,C1248,North,Laptop Sleeve,Accessories,3,17.97,0.0,53.91,22.52,2025-05
10985,2025-05-01,C1134,North,Bluetooth Speaker,Electronics,4,43.6,0.0,174.4,55.2,2025-05
10986,2025-05-02,C1015,East,USB-C Cable,Accessories,2,12.56,0.0,25.12,10.23,2025-05
10987,2025-05-02,C1085,North,Bluetooth Speaker,Electronics,3,48.0,0.0,144.0,45.77,2025-05
10988,2025-05-02,C1219,West,Laptop Sleeve,Accessories,6,16.8,0.0,100.8,45.35,2025-05
10989,2025-05-02,C1129,West,Notebook Pack,Stationery,1,8.09,0.05,7.69,3.27,2025-05
10990,2025-05-02,C1102,South,Notebook Pack,Stationery,2,8.03,0.1,14.45,6.34,2025-05
10991,2025-05-02,C1287,South,Laptop Sleeve,Accessories,3,17.38,0.0,52.14,22.94,2025-05
10992,2025-05-02,C1213,North,Wireless Mouse,Accessories,4,25.3,0.05,96.14,42.14,2025-05
10993,2025-05-02,C1273,North,Monitor Stand,Furniture,4,36.76,0.0,147.04,55.71,2025-05
10994,2025-05-02,C1075,West,USB-C Cable,Accessories,4,12.7,0.0,50.8,22.03,2025-05
10995,2025-05-02,C1272,West,Notebook Pack,Stationery,3,7.58,0.0,22.74,11.85,2025-05
10996,2025-05-02,C1014,West,Laptop Sleeve,Accessories,2,17.32,0.1,31.18,13.3,2025-05
10997,2025-05-02,C1107,North,Office Chair,Furniture,5,118.94,0.15,505.5,190.42,2025-05
10998,2025-05-02,C1287,West,Notebook Pack,Stationery,6,8.41,0.0,50.46,27.36,2025-05
10999,2025-05-03,C1201,South,Desk Lamp,Furniture,3,30.73,0.0,92.19,34.33,2025-05
11000,2025-05-03,C1116,East,USB-C Cable,Accessories,3,11.97,0.0,35.91,15.18,2025-05
11001,2025-05-03,C1230,North,Printer Ink,Electronics,2,26.06,0.15,44.3,12.26,2025-05
11002,2025-05-03,C1181,West,USB-C Cable,Accessories,3,12.22,0.0,36.66,15.34,2025-05
11003,2025-05-03,C1144,West,Water Bottle,Lifestyle,3,13.88,0.05,39.56,18.88,2025-05
11004,2025-05-04,C1074,South,Notebook Pack,Stationery,2,8.18,0.0,16.36,7.48,2025-05
11005,2025-05-04,C1244,East,Printer Ink,Electronics,2,28.56,0.0,57.12,17.16,2025-05
11006,2025-05-04,C1086,North,Laptop Sleeve,Accessories,2,19.18,0.0,38.36,15.79,2025-05
11007,2025-05-04,C1082,North,Notebook Pack,Stationery,3,8.15,0.1,22.01,10.19,2025-05
11008,2025-05-04,C1042,South,Water Bottle,Lifestyle,2,16.01,0.0,32.02,15.56,2025-05
11009,2025-05-04,C1178,North,Notebook Pack,Stationery,1,8.33,0.15,7.08,2.27,2025-05
11010,2025-05-04,C1145,South,Water Bottle,Lifestyle,3,15.66,0.0,46.98,22.86,2025-05
11011,2025-05-04,C1065,East,Laptop Sleeve,Accessories,2,18.44,0.0,36.88,15.09,2025-05
11012,2025-05-04,C1161,West,Water Bottle,Lifestyle,3,14.61,0.0,43.83,20.87,2025-05
11013,2025-05-04,C1273,North,Office Chair,Furniture,5,111.02,0.0,555.1,209.51,2025-05
11014,2025-05-05,C1147,South,Wireless Mouse,Accessories,3,24.96,0.0,74.88,33.27,2025-05
11015,2025-05-05,C1120,North,Wireless Mouse,Accessories,3,24.05,0.0,72.15,31.06,2025-05
11016,2025-05-05,C1026,North,Laptop Sleeve,Accessories,1,18.32,0.0,18.32,6.74,2025-05
11017,2025-05-05,C1055,East,Monitor Stand,Furniture,2,40.2,0.0,80.4,28.88,2025-05
11018,2025-05-05,C1083,East,Notebook Pack,Stationery,4,7.41,0.0,29.64,16.06,2025-05
11019,2025-05-05,C1275,North,Printer Ink,Electronics,2,29.86,0.05,56.73,17.41,2025-05
11020,2025-05-05,C1251,West,USB-C Cable,Accessories,5,11.58,0.0,57.9,24.46,2025-05
11021,2025-05-05,C1082,South,Bluetooth Speaker,Electronics,1,44.68,0.05,42.45,11.93,2025-05
11022,2025-05-06,C1167,North,Desk Lamp,Furniture,2,33.34,0.0,66.68,24.09,2025-05
11023,2025-05-06,C1046,South,Office Chair,Furniture,2,127.51,0.0,255.02,96.61,2025-05
11024,2025-05-06,C1042,North,Water Bottle,Lifestyle,2,14.52,0.0,29.04,12.74,2025-05
11025,2025-05-06,C1111,West,Printer Ink,Electronics,3,28.44,0.0,85.32,25.6,2025-05
11026,2025-05-06,C1071,North,Wireless Mouse,Accessories,2,23.11,0.0,46.22,18.85,2025-05
11027,2025-05-06,C1172,West,Water Bottle,Lifestyle,4,15.49,0.0,61.96,30.41,2025-05
11028,2025-05-06,C1174,East,Water Bottle,Lifestyle,4,14.71,0.0,58.84,28.24,2025-05
11029,2025-05-06,C1106,West,Desk Lamp,Furniture,4,30.85,0.0,123.4,46.46,2025-05
11030,2025-05-07,C1234,South,Laptop Sleeve,Accessories,2,18.25,0.0,36.5,14.68,2025-05
11031,2025-05-07,C1093,South,Wireless Mouse,Accessories,4,26.82,0.1,96.55,43.34,2025-05
11032,2025-05-07,C1233,South,Bluetooth Speaker,Electronics,2,48.04,0.0,96.08,29.5,2025-05
11033,2025-05-07,C1243,West,Notebook Pack,Stationery,5,8.63,0.0,43.15,23.4,2025-05
11034,2025-05-07,C1098,North,Notebook Pack,Stationery,2,7.77,0.0,15.54,7.58,2025-05
11035,2025-05-07,C1285,East,USB-C Cable,Accessories,2,12.46,0.05,23.67,10.09,2025-05
11036,2025-05-07,C1048,North,Monitor Stand,Furniture,5,40.9,0.0,204.5,75.8,2025-05
11037,2025-05-07,C1077,West,Bluetooth Speaker,Electronics,3,47.09,0.0,141.27,43.61,2025-05
11038,2025-05-08,C1163,North,Laptop Sleeve,Accessories,5,18.69,0.15,79.43,34.83,2025-05
11039,2025-05-08,C1167,South,Water Bottle,Lifestyle,4,15.19,0.0,60.76,30.17,2025-05
11040,2025-05-08,C1290,South,Desk Lamp,Furniture,4,33.24,0.0,132.96,50.41,2025-05
11041,2025-05-08,C1096,North,Water Bottle,Lifestyle,3,15.24,0.0,45.72,22.13,2025-05
11042,2025-05-08,C1153,North,Notebook Pack,Stationery,1,8.12,0.0,8.12,4.36,2025-05
11043,2025-05-08,C1212,North,USB-C Cable,Accessories,4,11.08,0.05,42.1,18.66,2025-05
11044,2025-05-08,C1151,West,Water Bottle,Lifestyle,5,15.59,0.0,77.95,37.68,2025-05
11045,2025-05-08,C1039,South,Notebook Pack,Stationery,5,8.41,0.0,42.05,23.04,2025-05
11046,2025-05-08,C1153,West,Wireless Mouse,Accessories,3,26.75,0.05,76.24,32.91,2025-05
11047,2025-05-08,C1220,East,Wireless Mouse,Accessories,3,25.98,0.0,77.94,34.49,2025-05
11048,2025-05-09,C1095,South,Water Bottle,Lifestyle,3,14.63,0.0,43.89,20.43,2025-05
11049,2025-05-09,C1145,North,Bluetooth Speaker,Electronics,2,45.82,0.1,82.48,26.3,2025-05
11050,2025-05-09,C1136,South,Notebook Pack,Stationery,3,7.7,0.0,23.1,11.54,2025-05
11051,2025-05-09,C1110,South,Office Chair,Furniture,1,110.72,0.0,110.72,40.68,2025-05
11052,2025-05-09,C1184,North,Wireless Mouse,Accessories,1,24.74,0.0,24.74,9.45,2025-05
11053,2025-05-09,C1146,West,Laptop Sleeve,Accessories,2,16.7,0.0,33.4,14.32,2025-05
11054,2025-05-09,C1203,North,USB-C Cable,Accessories,2,12.2,0.0,24.4,9.31,2025-05
11055,2025-05-10,C1112,East,Laptop Sleeve,Accessories,2,18.26,0.0,36.52,16.36,2025-05
11056,2025-05-10,C1207,North,Wireless Mouse,Accessories,2,26.07,0.0,52.14,21.7,2025-05
11057,2025-05-10,C1068,North,Laptop Sleeve,Accessories,2,18.57,0.0,37.14,16.05,2025-05
11058,2025-05-10,C1011,East,Notebook Pack,Stationery,6,7.89,0.0,47.34,24.87,2025-05
11059,2025-05-11,C1254,East,Monitor Stand,Furniture,3,36.0,0.0,108.0,40.4,2025-05
11060,2025-05-11,C1218,West,Monitor Stand,Furniture,2,37.61,0.0,75.22,27.43,2025-05
11061,2025-05-11,C1185,North,Notebook Pack,Stationery,3,8.09,0.0,24.27,13.33,2025-05
11062,2025-05-11,C1250,East,Monitor Stand,Furniture,4,36.85,0.0,147.4,55.33,2025-05
11063,2025-05-11,C1051,South,Bluetooth Speaker,Electronics,5,47.33,0.0,236.65,73.75,2025-05
11064,2025-05-11,C1261,South,Desk Lamp,Furniture,1,34.03,0.05,32.33,12.01,2025-05
11065,2025-05-11,C1057,East,Notebook Pack,Stationery,3,7.79,0.0,23.37,11.49,2025-05
11066,2025-05-11,C1046,North,Desk Lamp,Furniture,3,31.51,0.0,94.53,34.62,2025-05
11067,2025-05-11,C1017,East,Bluetooth Speaker,Electronics,4,47.17,0.0,188.68,59.95,2025-05
11068,2025-05-12,C1143,South,Bluetooth Speaker,Electronics,5,45.52,0.05,216.22,68.24,2025-05
11069,2025-05-12,C1251,South,Desk Lamp,Furniture,5,31.29,0.0,156.45,57.66,2025-05
11070,2025-05-12,C1244,West,Bluetooth Speaker,Electronics,3,45.47,0.0,136.41,43.56,2025-05
11071,2025-05-12,C1072,West,Desk Lamp,Furniture,3,29.8,0.0,89.4,33.05,2025-05
11072,2025-05-12,C1295,North,Wireless Mouse,Accessories,2,26.09,0.05,49.57,21.08,2025-05
11073,2025-05-12,C1145,South,Bluetooth Speaker,Electronics,4,43.54,0.0,174.16,55.59,2025-05
11074,2025-05-12,C1244,West,Bluetooth Speaker,Electronics,1,42.32,0.0,42.32,11.92,2025-05
11075,2025-05-12,C1198,West,USB-C Cable,Accessories,3,11.39,0.0,34.17,15.05,2025-05
11076,2025-05-12,C1177,South,Laptop Sleeve,Accessories,4,18.46,0.0,73.84,31.73,2025-05
11077,2025-05-12,C1275,North,Water Bottle,Lifestyle,4,16.08,0.0,64.32,31.97,2025-05
11078,2025-05-12,C1298,East,Water Bottle,Lifestyle,3,14.22,0.0,42.66,20.6,2025-05
11079,2025-05-12,C1263,West,USB-C Cable,Accessories,3,11.98,0.0,35.94,14.95,2025-05
11080,2025-05-12,C1255,East,Laptop Sleeve,Accessories,1,18.96,0.0,18.96,7.5,2025-05
11081,2025-05-13,C1058,West,Office Chair,Furniture,3,121.68,0.0,365.04,137.75,2025-05
11082,2025-05-13,C1188,South,Monitor Stand,Furniture,2,40.36,0.0,80.72,29.34,2025-05
11083,2025-05-13,C1297,West,USB-C Cable,Accessories,3,12.8,0.0,38.4,15.84,2025-05
11084,2025-05-13,C1121,North,Notebook Pack,Stationery,5,8.27,0.0,41.35,22.35,2025-05
11085,2025-05-13,C1137,South,Office Chair,Furniture,2,117.14,0.05,222.57,84.44,2025-05
11086,2025-05-13,C1132,East,Notebook Pack,Stationery,1,7.57,0.0,7.57,3.08,2025-05
11087,2025-05-13,C1116,South,Bluetooth Speaker,Electronics,2,48.23,0.0,96.46,30.56,2025-05
11088,2025-05-13,C1024,South,Wireless Mouse,Accessories,2,26.82,0.0,53.64,22.74,2025-05
11089,2025-05-13,C1015,West,Laptop Sleeve,Accessories,3,16.91,0.0,50.73,22.32,2025-05
11090,2025-05-13,C1079,East,Monitor Stand,Furniture,5,40.24,0.0,201.2,76.2,2025-05
11091,2025-05-14,C1077,East,USB-C Cable,Accessories,3,12.01,0.0,36.03,14.27,2025-05
11092,2025-05-14,C1017,South,USB-C Cable,Accessories,6,12.64,0.0,75.84,32.2,2025-05
11093,2025-05-14,C1188,South,Laptop Sleeve,Accessories,4,17.38,0.05,66.04,29.56,2025-05
11094,2025-05-14,C1215,East,Wireless Mouse,Accessories,4,24.98,0.0,99.92,43.05,2025-05
11095,2025-05-14,C1012,East,Notebook Pack,Stationery,3,7.57,0.0,22.71,10.63,2025-05
11096,2025-05-14,C1141,North,Notebook Pack,Stationery,3,7.5,0.0,22.5,11.16,2025-05
11097,2025-05-14,C1022,West,Desk Lamp,Furniture,2,31.9,0.0,63.8,24.03,2025-05
11098,2025-05-14,C1219,East,Office Chair,Furniture,4,125.28,0.0,501.12,190.04,2025-05
11099,2025-05-14,C1176,South,Water Bottle,Lifestyle,1,14.38,0.0,14.38,5.26,2025-05
11100,2025-05-14,C1128,West,Monitor Stand,Furniture,4,36.54,0.0,146.16,55.17,2025-05
11101,2025-05-14,C1287,West,Office Chair,Furniture,4,119.72,0.0,478.88,180.19,2025-05
11102,2025-05-15,C1068,East,Notebook Pack,Stationery,4,7.63,0.0,30.52,16.7,2025-05
11103,2025-05-15,C1270,North,USB-C Cable,Accessories,2,12.19,0.05,23.16,8.91,2025-05
11104,2025-05-15,C1061,West,Desk Lamp,Furniture,5,32.23,0.0,161.15,59.5,2025-05
11105,2025-05-15,C1265,South,Printer Ink,Electronics,4,29.68,0.1,106.85,32.85,2025-05
11106,2025-05-15,C1052,West,Laptop Sleeve,Accessories,1,18.48,0.0,18.48,6.9,2025-05
11107,2025-05-15,C1171,North,Notebook Pack,Stationery,3,7.71,0.0,23.13,11.89,2025-05
11108,2025-05-15,C1188,North,Laptop Sleeve,Accessories,3,16.76,0.15,42.74,17.46,2025-05
11109,2025-05-15,C1017,South,Printer Ink,Electronics,2,27.49,0.0,54.98,17.26,2025-05
11110,2025-05-15,C1004,East,USB-C Cable,Accessories,2,12.18,0.0,24.36,10.12,2025-05
11111,2025-05-15,C1152,North,Bluetooth Speaker,Electronics,2,46.59,0.0,93.18,28.52,2025-05
11112,2025-05-15,C1225,South,Laptop Sleeve,Accessories,2,17.59,0.15,29.9,11.53,2025-05
11113,2025-05-15,C1206,East,Bluetooth Speaker,Electronics,2,42.35,0.05,80.46,23.75,2025-05
11114,2025-05-16,C1005,South,Desk Lamp,Furniture,5,33.92,0.0,169.6,63.72,2025-05
11115,2025-05-16,C1288,South,Bluetooth Speaker,Electronics,2,47.86,0.0,95.72,29.7,2025-05
11116,2025-05-16,C1059,South,Laptop Sleeve,Accessories,6,18.71,0.0,112.26,49.77,2025-05
11117,2025-05-16,C1005,West,Laptop Sleeve,Accessories,5,19.05,0.0,95.25,40.96,2025-05
11118,2025-05-16,C1033,North,Notebook Pack,Stationery,7,8.35,0.0,58.45,30.81,2025-05
11119,2025-05-16,C1206,North,Wireless Mouse,Accessories,3,25.96,0.0,77.88,34.57,2025-05
11120,2025-05-16,C1109,West,Wireless Mouse,Accessories,1,26.84,0.0,26.84,10.92,2025-05
11121,2025-05-16,C1270,West,USB-C Cable,Accessories,3,11.44,0.0,34.32,15.27,2025-05
11122,2025-05-16,C1200,North,Notebook Pack,Stationery,3,7.84,0.0,23.52,12.39,2025-05
11123,2025-05-16,C1107,West,Laptop Sleeve,Accessories,6,18.48,0.0,110.88,48.62,2025-05
11124,2025-05-16,C1023,North,Bluetooth Speaker,Electronics,2,45.5,0.0,91.0,27.55,2025-05
11125,2025-05-17,C1148,West,Laptop Sleeve,Accessories,2,18.97,0.0,37.94,16.21,2025-05
11126,2025-05-17,C1054,West,Office Chair,Furniture,2,112.36,0.0,224.72,84.0,2025-05
11127,2025-05-17,C1194,West,Office Chair,Furniture,3,125.68,0.0,377.04,143.05,2025-05
11128,2025-05-17,C1204,South,Laptop Sleeve,Accessories,4,18.01,0.0,72.04,31.73,2025-05
11129,2025-05-17,C1244,South,USB-C Cable,Accessories,2,12.68,0.0,25.36,9.98,2025-05
11130,2025-05-17,C1035,North,Notebook Pack,Stationery,5,7.4,0.05,35.15,18.24,2025-05
11131,2025-05-17,C1246,East,Water Bottle,Lifestyle,3,14.16,0.0,42.48,20.11,2025-05
11132,2025-05-17,C1293,South,Laptop Sleeve,Accessories,4,17.32,0.0,69.28,29.24,2025-05
11133,2025-05-17,C1149,North,Notebook Pack,Stationery,1,8.15,0.0,8.15,3.26,2025-05
11134,2025-05-17,C1053,South,Water Bottle,Lifestyle,3,14.54,0.05,41.44,20.1,2025-05
11135,2025-05-18,C1015,West,Laptop Sleeve,Accessories,2,16.76,0.0,33.52,14.07,2025-05
11136,2025-05-18,C1030,North,Laptop Sleeve,Accessories,4,18.4,0.0,73.6,31.4,2025-05
11137,2025-05-18,C1290,North,Wireless Mouse,Accessories,3,23.46,0.05,66.86,30.03,2025-05
11138,2025-05-18,C1271,East,Wireless Mouse,Accessories,4,23.63,0.0,94.52,41.05,2025-05
11139,2025-05-18,C1164,North,Office Chair,Furniture,3,128.67,0.1,347.41,131.73,2025-05
11140,2025-05-19,C1160,West,Laptop Sleeve,Accessories,5,17.63,0.0,88.15,38.21,2025-05
11141,2025-05-19,C1219,North,Notebook Pack,Stationery,2,8.1,0.0,16.2,8.04,2025-05
11142,2025-05-19,C1273,South,Water Bottle,Lifestyle,3,14.28,0.0,42.84,19.91,2025-05
11143,2025-05-19,C1065,West,Laptop Sleeve,Accessories,2,18.28,0.0,36.56,14.49,2025-05
11144,2025-05-19,C1108,North,Laptop Sleeve,Accessories,4,18.76,0.0,75.04,33.12,2025-05
11145,2025-05-20,C1267,East,USB-C Cable,Accessories,1,12.35,0.0,12.35,4.37,2025-05
11146,2025-05-20,C1250,West,Desk Lamp,Furniture,3,33.7,0.0,101.1,38.22,2025-05
11147,2025-05-20,C1245,South,Laptop Sleeve,Accessories,2,19.38,0.0,38.76,15.81,2025-05
11148,2025-05-20,C1208,South,Water Bottle,Lifestyle,3,14.08,0.0,42.24,19.2,2025-05
11149,2025-05-20,C1038,West,Desk Lamp,Furniture,3,33.85,0.0,101.55,37.35,2025-05
11150,2025-05-20,C1166,South,Desk Lamp,Furniture,3,31.85,0.0,95.55,36.02,2025-05
11151,2025-05-20,C1202,East,Laptop Sleeve,Accessories,3,16.94,0.0,50.82,22.44,2025-05
11152,2025-05-20,C1270,North,Laptop Sleeve,Accessories,4,18.32,0.0,73.28,32.35,2025-05
11153,2025-05-20,C1221,North,Office Chair,Furniture,1,120.81,0.05,114.77,42.26,2025-05
11154,2025-05-20,C1160,South,USB-C Cable,Accessories,3,12.55,0.0,37.65,15.85,2025-05
11155,2025-05-20,C1053,South,Laptop Sleeve,Accessories,4,19.09,0.0,76.36,34.14,2025-05
11156,2025-05-20,C1243,South,Wireless Mouse,Accessories,2,25.39,0.05,48.24,20.94,2025-05
11157,2025-05-21,C1178,West,Notebook Pack,Stationery,2,7.51,0.0,15.02,7.56,2025-05
11158,2025-05-21,C1207,West,USB-C Cable,Accessories,5,12.6,0.0,63.0,27.45,2025-05
11159,2025-05-21,C1071,North,Laptop Sleeve,Accessories,6,18.07,0.0,108.42,48.11,2025-05
11160,2025-05-21,C1041,South,Bluetooth Speaker,Electronics,2,42.01,0.0,84.02,26.66,2025-05
11161,2025-05-21,C1247,South,Laptop Sleeve,Accessories,1,18.73,0.0,18.73,7.54,2025-05
11162,2025-05-21,C1155,North,Bluetooth Speaker,Electronics,2,48.23,0.0,96.46,30.26,2025-05
11163,2025-05-21,C1090,North,Desk Lamp,Furniture,3,30.69,0.0,92.07,33.26,2025-05
11164,2025-05-21,C1240,South,Printer Ink,Electronics,3,29.67,0.0,89.01,27.45,2025-05
11165,2025-05-21,C1154,North,Printer Ink,Electronics,2,27.19,0.0,54.38,15.99,2025-05
11166,2025-05-21,C1189,West,Notebook Pack,Stationery,1,7.47,0.05,7.1,2.19,2025-05
11167,2025-05-21,C1190,North,Monitor Stand,Furniture,3,40.54,0.0,121.62,45.11,2025-05
11168,2025-05-21,C1135,West,Laptop Sleeve,Accessories,4,17.9,0.0,71.6,31.05,2025-05
11169,2025-05-22,C1078,South,Bluetooth Speaker,Electronics,1,47.27,0.0,47.27,13.97,2025-05
11170,2025-05-22,C1235,West,Monitor Stand,Furniture,2,35.98,0.0,71.96,25.72,2025-05
11171,2025-05-22,C1130,West,Desk Lamp,Furniture,3,31.0,0.0,93.0,33.44,2025-05
11172,2025-05-22,C1186,South,Laptop Sleeve,Accessories,2,19.17,0.0,38.34,16.81,2025-05
11173,2025-05-22,C1280,East,Notebook Pack,Stationery,2,7.66,0.0,15.32,7.88,2025-05
11174,2025-05-22,C1292,West,Laptop Sleeve,Accessories,1,17.85,0.0,17.85,7.69,2025-05
11175,2025-05-22,C1162,West,USB-C Cable,Accessories,2,11.93,0.1,21.47,7.86,2025-05
11176,2025-05-22,C1096,North,Desk Lamp,Furniture,2,32.7,0.1,58.86,20.37,2025-05
11177,2025-05-22,C1096,West,Notebook Pack,Stationery,1,8.24,0.0,8.24,4.12,2025-05
11178,2025-05-22,C1179,North,Notebook Pack,Stationery,3,8.32,0.0,24.96,13.61,2025-05
11179,2025-05-22,C1180,South,Notebook Pack,Stationery,3,7.49,0.0,22.47,11.94,2025-05
11180,2025-05-22,C1256,West,Printer Ink,Electronics,6,29.2,0.0,175.2,55.44,2025-05
11181,2025-05-22,C1287,North,Laptop Sleeve,Accessories,2,19.11,0.0,38.22,17.13,2025-05
11182,2025-05-22,C1236,North,Printer Ink,Electronics,5,28.04,0.0,140.2,44.64,2025-05
11183,2025-05-23,C1012,North,Water Bottle,Lifestyle,1,14.18,0.0,14.18,6.65,2025-05
11184,2025-05-23,C1013,West,Notebook Pack,Stationery,6,8.18,0.05,46.63,25.64,2025-05
11185,2025-05-23,C1219,East,Printer Ink,Electronics,3,28.78,0.15,73.39,21.92,2025-05
11186,2025-05-23,C1069,South,Bluetooth Speaker,Electronics,3,46.63,0.0,139.89,44.7,2025-05
11187,2025-05-23,C1212,West,Monitor Stand,Furniture,2,36.42,0.0,72.84,26.54,2025-05
11188,2025-05-23,C1182,East,USB-C Cable,Accessories,1,11.87,0.0,11.87,3.52,2025-05
11189,2025-05-23,C1105,South,USB-C Cable,Accessories,3,11.12,0.0,33.36,13.41,2025-05
11190,2025-05-23,C1120,West,Monitor Stand,Furniture,5,35.55,0.0,177.75,66.68,2025-05
11191,2025-05-23,C1081,North,Monitor Stand,Furniture,5,40.37,0.05,191.76,71.35,2025-05
11192,2025-05-23,C1151,East,Laptop Sleeve,Accessories,5,18.89,0.1,85.01,36.68,2025-05
11193,2025-05-23,C1127,West,Notebook Pack,Stationery,5,7.96,0.0,39.8,21.41,2025-05
11194,2025-05-24,C1191,North,Printer Ink,Electronics,2,28.27,0.0,56.54,16.74,2025-05
11195,2025-05-24,C1023,West,Laptop Sleeve,Accessories,2,17.94,0.0,35.88,14.51,2025-05
11196,2025-05-24,C1213,East,Notebook Pack,Stationery,1,7.87,0.1,7.08,1.9,2025-05
11197,2025-05-24,C1214,North,Wireless Mouse,Accessories,6,23.46,0.0,140.76,62.21,2025-05
11198,2025-05-24,C1048,West,USB-C Cable,Accessories,2,12.92,0.0,25.84,9.89,2025-05
11199,2025-05-25,C1092,West,Wireless Mouse,Accessories,2,23.39,0.0,46.78,20.78,2025-05
11200,2025-05-25,C1154,North,Laptop Sleeve,Accessories,4,18.59,0.0,74.36,33.37,2025-05
11201,2025-05-25,C1094,North,Bluetooth Speaker,Electronics,4,43.26,0.0,173.04,55.18,2025-05
11202,2025-05-25,C1252,East,Bluetooth Speaker,Electronics,3,48.0,0.0,144.0,45.53,2025-05
11203,2025-05-25,C1187,North,Wireless Mouse,Accessories,3,26.87,0.0,80.61,35.45,2025-05
11204,2025-05-25,C1230,North,Monitor Stand,Furniture,3,40.9,0.0,122.7,44.88,2025-05
11205,2025-05-25,C1243,North,Notebook Pack,Stationery,5,7.5,0.0,37.5,18.82,2025-05
11206,2025-05-25,C1129,West,Office Chair,Furniture,5,122.39,0.0,611.95,230.87,2025-05
11207,2025-05-25,C1194,South,Laptop Sleeve,Accessories,5,18.72,0.0,93.6,41.22,2025-05
11208,2025-05-25,C1026,West,Wireless Mouse,Accessories,1,26.83,0.0,26.83,11.98,2025-05
11209,2025-05-25,C1205,West,Wireless Mouse,Accessories,2,25.49,0.0,50.98,21.25,2025-05
11210,2025-05-25,C1137,North,Printer Ink,Electronics,4,27.0,0.0,108.0,33.26,2025-05
11211,2025-05-25,C1072,East,Printer Ink,Electronics,3,25.84,0.0,77.52,24.38,2025-05
11212,2025-05-25,C1166,North,Wireless Mouse,Accessories,4,26.89,0.0,107.56,47.57,2025-05
11213,2025-05-25,C1272,South,Monitor Stand,Furniture,3,35.11,0.0,105.33,38.86,2025-05
11214,2025-05-26,C1196,East,Notebook Pack,Stationery,2,7.54,0.05,14.33,6.65,2025-05
11215,2025-05-26,C1291,West,Wireless Mouse,Accessories,4,26.92,0.0,107.68,47.85,2025-05
11216,2025-05-26,C1122,South,USB-C Cable,Accessories,7,11.7,0.0,81.9,36.01,2025-05
11217,2025-05-26,C1082,South,Water Bottle,Lifestyle,2,14.6,0.0,29.2,14.15,2025-05
11218,2025-05-26,C1155,South,Notebook Pack,Stationery,3,7.51,0.0,22.53,11.7,2025-05
11219,2025-05-27,C1282,North,Laptop Sleeve,Accessories,2,17.96,0.0,35.92,14.82,2025-05
11220,2025-05-27,C1163,South,Wireless Mouse,Accessories,5,26.79,0.0,133.95,58.67,2025-05
11221,2025-05-27,C1058,West,Notebook Pack,Stationery,4,8.49,0.0,33.96,16.7,2025-05
11222,2025-05-27,C1292,North,Printer Ink,Electronics,3,27.01,0.05,76.98,23.53,2025-05
11223,2025-05-27,C1240,West,Laptop Sleeve,Accessories,4,18.27,0.0,73.08,31.0,2025-05
11224,2025-05-27,C1136,West,Monitor Stand,Furniture,7,38.96,0.15,231.81,86.34,2025-05
11225,2025-05-27,C1060,South,Notebook Pack,Stationery,3,8.63,0.15,22.01,10.84,2025-05
11226,2025-05-27,C1183,North,Laptop Sleeve,Accessories,3,17.05,0.0,51.15,22.82,2025-05
11227,2025-05-27,C1114,South,USB-C Cable,Accessories,2,12.1,0.0,24.2,9.66,2025-05
11228,2025-05-28,C1231,West,Water Bottle,Lifestyle,1,14.07,0.0,14.07,6.83,2025-05
11229,2025-05-28,C1181,East,USB-C Cable,Accessories,2,11.05,0.0,22.1,9.3,2025-05
11230,2025-05-28,C1277,East,Notebook Pack,Stationery,5,8.35,0.0,41.75,22.88,2025-05
11231,2025-05-28,C1214,North,Monitor Stand,Furniture,4,39.46,0.0,157.84,58.64,2025-05
11232,2025-05-28,C1109,North,Notebook Pack,Stationery,4,8.13,0.0,32.52,17.21,2025-05
11233,2025-05-28,C1146,South,Laptop Sleeve,Accessories,4,19.13,0.0,76.52,33.24,2025-05
11234,2025-05-28,C1083,North,Monitor Stand,Furniture,2,36.72,0.0,73.44,25.93,2025-05
11235,2025-05-28,C1125,South,Bluetooth Speaker,Electronics,2,47.31,0.05,89.89,27.05,2025-05
11236,2025-05-28,C1001,North,Printer Ink,Electronics,2,25.8,0.15,43.86,13.17,2025-05
11237,2025-05-29,C1114,West,Notebook Pack,Stationery,2,7.49,0.0,14.98,8.06,2025-05
11238,2025-05-29,C1160,North,Laptop Sleeve,Accessories,3,18.46,0.0,55.38,24.24,2025-05
11239,2025-05-29,C1138,North,Water Bottle,Lifestyle,2,13.81,0.0,27.62,11.98,2025-05
11240,2025-05-30,C1218,North,Notebook Pack,Stationery,2,8.42,0.0,16.84,8.7,2025-05
11241,2025-05-30,C1197,South,Laptop Sleeve,Accessories,2,19.19,0.0,38.38,17.14,2025-05
11242,2025-05-30,C1128,West,Desk Lamp,Furniture,3,31.95,0.0,95.85,36.01,2025-05
11243,2025-05-30,C1011,West,USB-C Cable,Accessories,4,12.46,0.0,49.84,21.66,2025-05
11244,2025-05-30,C1241,North,Notebook Pack,Stationery,2,8.31,0.0,16.62,8.32,2025-05
11245,2025-05-30,C1203,North,Desk Lamp,Furniture,2,32.95,0.0,65.9,24.8,2025-05
11246,2025-05-30,C1124,West,Wireless Mouse,Accessories,2,23.45,0.0,46.9,19.54,2025-05
11247,2025-05-30,C1125,West,Notebook Pack,Stationery,4,7.93,0.0,31.72,16.41,2025-05
11248,2025-05-30,C1239,West,Notebook Pack,Stationery,1,8.49,0.0,8.49,4.17,2025-05
11249,2025-05-30,C1015,South,Bluetooth Speaker,Electronics,3,42.33,0.0,126.99,40.33,2025-05
11250,2025-05-31,C1090,South,Notebook Pack,Stationery,1,8.29,0.05,7.88,2.39,2025-05
11251,2025-05-31,C1211,West,USB-C Cable,Accessories,3,11.46,0.0,34.38,14.37,2025-05
11252,2025-05-31,C1181,North,Office Chair,Furniture,3,120.88,0.0,362.64,136.94,2025-05
11253,2025-05-31,C1226,North,Wireless Mouse,Accessories,4,25.96,0.0,103.84,45.94,2025-05
11254,2025-05-31,C1152,East,USB-C Cable,Accessories,3,11.22,0.0,33.66,13.31,2025-05
11255,2025-05-31,C1165,West,Desk Lamp,Furniture,3,30.4,0.0,91.2,33.9,2025-05
11256,2025-05-31,C1049,West,Wireless Mouse,Accessories,3,25.07,0.0,75.21,32.98,2025-05
11257,2025-05-31,C1118,East,Water Bottle,Lifestyle,4,14.45,0.1,52.02,24.35,2025-05
11258,2025-05-31,C1227,East,Laptop Sleeve,Accessories,2,18.44,0.0,36.88,15.97,2025-05
11259,2025-06-01,C1287,North,Printer Ink,Electronics,1,26.11,0.0,26.11,6.46,2025-06
11260,2025-06-01,C1114,South,Bluetooth Speaker,Electronics,3,41.54,0.0,124.62,39.04,2025-06
11261,2025-06-01,C1037,West,Laptop Sleeve,Accessories,3,18.82,0.0,56.46,23.9,2025-06
11262,2025-06-01,C1240,East,Wireless Mouse,Accessories,5,25.33,0.0,126.65,55.06,2025-06
11263,2025-06-01,C1153,South,Desk Lamp,Furniture,2,31.33,0.0,62.66,22.67,2025-06
11264,2025-06-01,C1268,West,Laptop Sleeve,Accessories,4,17.32,0.0,69.28,29.65,2025-06
11265,2025-06-01,C1047,West,Printer Ink,Electronics,3,26.1,0.0,78.3,23.67,2025-06
11266,2025-06-01,C1096,West,USB-C Cable,Accessories,4,11.28,0.0,45.12,19.24,2025-06
11267,2025-06-01,C1245,West,Monitor Stand,Furniture,2,35.57,0.0,71.14,25.62,2025-06
11268,2025-06-01,C1068,East,USB-C Cable,Accessories,6,11.23,0.0,67.38,29.36,2025-06
11269,2025-06-01,C1221,West,Notebook Pack,Stationery,2,7.44,0.0,14.88,6.75,2025-06
11270,2025-06-02,C1159,West,Notebook Pack,Stationery,2,7.43,0.0,14.86,6.8,2025-06
11271,2025-06-02,C1088,North,Laptop Sleeve,Accessories,1,19.27,0.05,18.31,6.55,2025-06
11272,2025-06-02,C1188,East,Laptop Sleeve,Accessories,3,18.49,0.0,55.47,24.07,2025-06
11273,2025-06-02,C1253,North,Water Bottle,Lifestyle,2,15.25,0.0,30.5,14.49,2025-06
11274,2025-06-02,C1070,West,Notebook Pack,Stationery,2,7.57,0.0,15.14,8.07,2025-06
11275,2025-06-02,C1251,North,Water Bottle,Lifestyle,5,15.52,0.0,77.6,36.83,2025-06
11276,2025-06-02,C1248,West,USB-C Cable,Accessories,2,12.65,0.1,22.77,9.97,2025-06
11277,2025-06-02,C1002,West,Laptop Sleeve,Accessories,1,17.14,0.0,17.14,6.23,2025-06
11278,2025-06-03,C1050,North,Bluetooth Speaker,Electronics,2,45.36,0.0,90.72,28.81,2025-06
11279,2025-06-03,C1239,East,Laptop Sleeve,Accessories,1,18.97,0.0,18.97,8.19,2025-06
11280,2025-06-03,C1023,East,Laptop Sleeve,Accessories,2,17.2,0.0,34.4,15.04,2025-06
11281,2025-06-03,C1196,East,Bluetooth Speaker,Electronics,2,44.77,0.0,89.54,27.48,2025-06
11282,2025-06-03,C1173,East,USB-C Cable,Accessories,3,12.76,0.0,38.28,17.04,2025-06
11283,2025-06-03,C1227,North,Bluetooth Speaker,Electronics,1,47.25,0.05,44.89,12.76,2025-06
11284,2025-06-03,C1223,South,USB-C Cable,Accessories,3,11.33,0.0,33.99,14.46,2025-06
11285,2025-06-03,C1165,East,USB-C Cable,Accessories,4,12.42,0.0,49.68,22.0,2025-06
11286,2025-06-03,C1275,North,Bluetooth Speaker,Electronics,3,42.89,0.0,128.67,40.93,2025-06
11287,2025-06-03,C1005,North,Laptop Sleeve,Accessories,4,18.55,0.0,74.2,31.44,2025-06
11288,2025-06-03,C1172,West,USB-C Cable,Accessories,5,11.88,0.0,59.4,26.61,2025-06
11289,2025-06-03,C1116,West,Printer Ink,Electronics,2,29.77,0.0,59.54,18.11,2025-06
11290,2025-06-03,C1206,East,Bluetooth Speaker,Electronics,2,41.42,0.0,82.84,24.92,2025-06
11291,2025-06-04,C1213,East,Office Chair,Furniture,2,126.81,0.15,215.58,81.28,2025-06
11292,2025-06-04,C1094,South,Laptop Sleeve,Accessories,1,17.58,0.0,17.58,7.16,2025-06
11293,2025-06-04,C1195,East,Office Chair,Furniture,4,120.44,0.0,481.76,181.29,2025-06
11294,2025-06-04,C1091,South,Wireless Mouse,Accessories,4,25.07,0.0,100.28,44.3,2025-06
11295,2025-06-04,C1060,South,Laptop Sleeve,Accessories,3,16.9,0.0,50.7,21.11,2025-06
11296,2025-06-04,C1026,East,Monitor Stand,Furniture,4,36.05,0.0,144.2,53.47,2025-06
11297,2025-06-04,C1075,South,Water Bottle,Lifestyle,1,16.1,0.0,16.1,6.8,2025-06
11298,2025-06-04,C1126,South,Notebook Pack,Stationery,3,8.38,0.15,21.37,11.61,2025-06
11299,2025-06-04,C1177,South,Bluetooth Speaker,Electronics,5,48.44,0.0,242.2,77.29,2025-06
11300,2025-06-05,C1233,South,Bluetooth Speaker,Electronics,3,47.94,0.0,143.82,44.22,2025-06
11301,2025-06-05,C1146,West,USB-C Cable,Accessories,5,12.67,0.0,63.35,27.73,2025-06
11302,2025-06-05,C1046,West,Desk Lamp,Furniture,5,32.58,0.0,162.9,61.88,2025-06
11303,2025-06-05,C1219,West,Notebook Pack,Stationery,4,8.2,0.0,32.8,16.92,2025-06
11304,2025-06-05,C1122,West,Printer Ink,Electronics,3,29.48,0.0,88.44,27.15,2025-06
11305,2025-06-05,C1078,North,Notebook Pack,Stationery,1,7.76,0.0,7.76,4.03,2025-06
11306,2025-06-05,C1001,West,Monitor Stand,Furniture,3,35.13,0.05,100.12,37.65,2025-06
11307,2025-06-05,C1219,South,Wireless Mouse,Accessories,3,25.01,0.1,67.53,28.76,2025-06
11308,2025-06-05,C1210,West,Notebook Pack,Stationery,2,7.43,0.0,14.86,6.33,2025-06
11309,2025-06-05,C1245,North,Desk Lamp,Furniture,5,31.82,0.0,159.1,58.64,2025-06
11310,2025-06-05,C1115,North,Laptop Sleeve,Accessories,5,16.68,0.15,70.89,31.87,2025-06
11311,2025-06-05,C1066,North,USB-C Cable,Accessories,4,12.95,0.0,51.8,22.88,2025-06
11312,2025-06-05,C1106,North,Printer Ink,Electronics,5,30.14,0.0,150.7,46.49,2025-06
11313,2025-06-05,C1054,East,Notebook Pack,Stationery,2,7.69,0.05,14.61,7.81,2025-06
11314,2025-06-06,C1032,North,Office Chair,Furniture,1,123.34,0.0,123.34,45.98,2025-06
11315,2025-06-06,C1169,East,Notebook Pack,Stationery,3,8.53,0.0,25.59,12.41,2025-06
11316,2025-06-06,C1122,North,Notebook Pack,Stationery,4,7.84,0.0,31.36,16.48,2025-06
11317,2025-06-06,C1133,North,USB-C Cable,Accessories,3,12.91,0.0,38.73,16.23,2025-06
11318,2025-06-06,C1033,West,Notebook Pack,Stationery,4,8.06,0.1,29.02,14.71,2025-06
11319,2025-06-06,C1175,East,Wireless Mouse,Accessories,2,23.77,0.05,45.16,18.56,2025-06
11320,2025-06-06,C1019,South,USB-C Cable,Accessories,1,12.5,0.0,12.5,5.08,2025-06
11321,2025-06-06,C1193,North,Wireless Mouse,Accessories,4,24.32,0.0,97.28,43.37,2025-06
11322,2025-06-07,C1064,North,USB-C Cable,Accessories,3,11.13,0.0,33.39,14.85,2025-06
11323,2025-06-07,C1046,East,Notebook Pack,Stationery,4,8.2,0.0,32.8,17.91,2025-06
11324,2025-06-07,C1217,North,Laptop Sleeve,Accessories,2,18.59,0.0,37.18,15.39,2025-06
11325,2025-06-07,C1102,North,Notebook Pack,Stationery,3,7.81,0.05,22.26,11.77,2025-06
11326,2025-06-07,C1171,South,Desk Lamp,Furniture,5,31.35,0.0,156.75,57.72,2025-06
11327,2025-06-07,C1111,South,Laptop Sleeve,Accessories,2,17.08,0.0,34.16,13.54,2025-06
11328,2025-06-07,C1091,West,Bluetooth Speaker,Electronics,2,47.19,0.0,94.38,28.39,2025-06
11329,2025-06-07,C1043,East,Notebook Pack,Stationery,5,7.86,0.0,39.3,20.51,2025-06
11330,2025-06-07,C1234,South,Wireless Mouse,Accessories,5,24.69,0.0,123.45,53.58,2025-06
11331,2025-06-08,C1194,West,Office Chair,Furniture,1,116.48,0.15,99.01,37.32,2025-06
11332,2025-06-08,C1054,North,Wireless Mouse,Accessories,4,26.67,0.0,106.68,46.33,2025-06
11333,2025-06-08,C1296,North,Water Bottle,Lifestyle,3,13.99,0.0,41.97,20.57,2025-06
11334,2025-06-08,C1067,West,Notebook Pack,Stationery,4,8.51,0.0,34.04,18.25,2025-06
11335,2025-06-08,C1144,North,Notebook Pack,Stationery,4,8.29,0.0,33.16,17.37,2025-06
11336,2025-06-08,C1122,West,Printer Ink,Electronics,3,26.42,0.0,79.26,23.91,2025-06
11337,2025-06-08,C1214,East,Office Chair,Furniture,1,115.63,0.0,115.63,43.31,2025-06
11338,2025-06-08,C1264,South,Bluetooth Speaker,Electronics,2,42.08,0.0,84.16,26.86,2025-06
11339,2025-06-09,C1215,West,Notebook Pack,Stationery,3,8.31,0.1,22.44,10.62,2025-06
11340,2025-06-09,C1120,North,Monitor Stand,Furniture,5,40.44,0.0,202.2,76.13,2025-06
11341,2025-06-09,C1217,North,Notebook Pack,Stationery,5,7.66,0.0,38.3,20.84,2025-06
11342,2025-06-09,C1112,East,Laptop Sleeve,Accessories,4,18.2,0.0,72.8,31.4,2025-06
11343,2025-06-09,C1119,East,USB-C Cable,Accessories,6,11.92,0.0,71.52,30.91,2025-06
11344,2025-06-09,C1297,North,Office Chair,Furniture,4,123.34,0.1,444.02,168.03,2025-06
11345,2025-06-09,C1105,South,Laptop Sleeve,Accessories,2,19.33,0.0,38.66,16.77,2025-06
11346,2025-06-09,C1296,South,Water Bottle,Lifestyle,4,14.66,0.05,55.71,27.77,2025-06
11347,2025-06-09,C1065,West,USB-C Cable,Accessories,3,11.42,0.0,34.26,14.08,2025-06
11348,2025-06-09,C1055,West,Wireless Mouse,Accessories,2,25.9,0.0,51.8,21.32,2025-06
11349,2025-06-09,C1175,North,Notebook Pack,Stationery,4,8.51,0.0,34.04,17.25,2025-06
11350,2025-06-09,C1278,West,Desk Lamp,Furniture,2,32.61,0.0,65.22,23.65,2025-06
11351,2025-06-09,C1016,East,Monitor Stand,Furniture,2,35.94,0.0,71.88,26.45,2025-06
11352,2025-06-10,C1075,East,Wireless Mouse,Accessories,2,24.32,0.0,48.64,20.11,2025-06
11353,2025-06-10,C1291,East,Wireless Mouse,Accessories,2,23.03,0.15,39.15,16.3,2025-06
11354,2025-06-10,C1096,North,Desk Lamp,Furniture,4,33.74,0.0,134.96,50.85,2025-06
11355,2025-06-10,C1174,West,Laptop Sleeve,Accessories,2,19.32,0.05,36.71,15.01,2025-06
11356,2025-06-10,C1137,West,Bluetooth Speaker,Electronics,3,46.95,0.0,140.85,44.66,2025-06
11357,2025-06-10,C1189,West,Laptop Sleeve,Accessories,3,19.32,0.0,57.96,24.52,2025-06
11358,2025-06-10,C1233,South,Office Chair,Furniture,4,127.46,0.0,509.84,192.59,2025-06
11359,2025-06-10,C1017,East,USB-C Cable,Accessories,1,11.53,0.0,11.53,3.95,2025-06
11360,2025-06-11,C1016,West,Laptop Sleeve,Accessories,3,17.6,0.0,52.8,22.44,2025-06
11361,2025-06-11,C1152,South,Wireless Mouse,Accessories,1,24.2,0.0,24.2,9.96,2025-06
11362,2025-06-11,C1066,South,Bluetooth Speaker,Electronics,1,42.06,0.0,42.06,12.6,2025-06
11363,2025-06-11,C1191,North,USB-C Cable,Accessories,4,11.45,0.0,45.8,20.13,2025-06
11364,2025-06-11,C1203,West,Office Chair,Furniture,2,118.95,0.0,237.9,89.65,2025-06
11365,2025-06-11,C1065,West,USB-C Cable,Accessories,4,11.1,0.0,44.4,18.87,2025-06
11366,2025-06-11,C1221,West,Notebook Pack,Stationery,3,8.57,0.0,25.71,12.68,2025-06
11367,2025-06-11,C1236,North,Desk Lamp,Furniture,4,34.28,0.15,116.55,42.4,2025-06
11368,2025-06-11,C1091,West,Notebook Pack,Stationery,3,7.47,0.1,20.17,10.28,2025-06
11369,2025-06-11,C1133,West,Monitor Stand,Furniture,3,37.28,0.0,111.84,42.41,2025-06
11370,2025-06-11,C1055,North,Water Bottle,Lifestyle,3,15.2,0.0,45.6,21.08,2025-06
11371,2025-06-11,C1155,West,Laptop Sleeve,Accessories,3,16.97,0.0,50.91,21.67,2025-06
11372,2025-06-11,C1183,North,Desk Lamp,Furniture,3,31.51,0.0,94.53,35.47,2025-06
11373,2025-06-11,C1295,West,Wireless Mouse,Accessories,4,25.61,0.0,102.44,44.91,2025-06
11374,2025-06-12,C1022,North,Laptop Sleeve,Accessories,3,19.28,0.0,57.84,26.01,2025-06
11375,2025-06-12,C1131,West,Water Bottle,Lifestyle,2,14.17,0.0,28.34,12.8,2025-06
11376,2025-06-12,C1236,North,Bluetooth Speaker,Electronics,3,47.94,0.0,143.82,44.54,2025-06
11377,2025-06-12,C1267,East,Bluetooth Speaker,Electronics,2,45.41,0.05,86.28,26.96,2025-06
11378,2025-06-12,C1232,West,Desk Lamp,Furniture,1,31.61,0.0,31.61,11.94,2025-06
11379,2025-06-12,C1181,West,Laptop Sleeve,Accessories,6,19.07,0.0,114.42,50.37,2025-06
11380,2025-06-12,C1014,East,Laptop Sleeve,Accessories,5,18.54,0.0,92.7,40.76,2025-06
11381,2025-06-12,C1175,East,Notebook Pack,Stationery,5,7.94,0.0,39.7,21.83,2025-06
11382,2025-06-12,C1108,West,Notebook Pack,Stationery,3,7.45,0.0,22.35,11.79,2025-06
11383,2025-06-12,C1198,North,Laptop Sleeve,Accessories,3,16.77,0.0,50.31,21.12,2025-06
11384,2025-06-12,C1080,North,Laptop Sleeve,Accessories,4,19.12,0.0,76.48,33.79,2025-06
11385,2025-06-12,C1153,West,USB-C Cable,Accessories,3,12.14,0.15,30.96,13.35,2025-06
11386,2025-06-13,C1142,West,Bluetooth Speaker,Electronics,3,47.23,0.0,141.69,44.56,2025-06
11387,2025-06-13,C1103,West,Monitor Stand,Furniture,4,38.36,0.0,153.44,56.35,2025-06
11388,2025-06-13,C1145,North,Monitor Stand,Furniture,3,36.35,0.0,109.05,41.01,2025-06
11389,2025-06-13,C1164,North,Water Bottle,Lifestyle,2,14.76,0.0,29.52,13.74,2025-06
11390,2025-06-13,C1169,North,USB-C Cable,Accessories,2,11.65,0.1,20.97,7.86,2025-06
11391,2025-06-13,C1198,West,Wireless Mouse,Accessories,3,24.09,0.0,72.27,31.21,2025-06
11392,2025-06-13,C1256,South,Laptop Sleeve,Accessories,4,16.79,0.0,67.16,29.72,2025-06
11393,2025-06-13,C1160,North,Bluetooth Speaker,Electronics,2,42.09,0.0,84.18,25.3,2025-06
11394,2025-06-13,C1012,North,Desk Lamp,Furniture,4,32.47,0.0,129.88,48.97,2025-06
11395,2025-06-13,C1211,West,Desk Lamp,Furniture,2,30.79,0.0,61.58,23.19,2025-06
11396,2025-06-13,C1032,East,USB-C Cable,Accessories,2,11.72,0.0,23.44,10.02,2025-06
11397,2025-06-13,C1111,West,USB-C Cable,Accessories,3,12.65,0.1,34.16,13.38,2025-06
11398,2025-06-13,C1267,North,Notebook Pack,Stationery,4,8.45,0.0,33.8,18.52,2025-06
11399,2025-06-13,C1066,North,USB-C Cable,Accessories,2,11.6,0.0,23.2,8.83,2025-06
11400,2025-06-14,C1008,South,USB-C Cable,Accessories,2,11.39,0.1,20.5,7.54,2025-06
11401,2025-06-14,C1253,West,Notebook Pack,Stationery,2,8.05,0.0,16.1,8.48,2025-06
11402,2025-06-14,C1002,East,USB-C Cable,Accessories,4,11.24,0.0,44.96,19.79,2025-06
11403,2025-06-14,C1111,East,Laptop Sleeve,Accessories,2,17.79,0.0,35.58,14.61,2025-06
11404,2025-06-14,C1288,North,Desk Lamp,Furniture,2,34.48,0.0,68.96,25.63,2025-06
11405,2025-06-14,C1127,East,Bluetooth Speaker,Electronics,6,43.79,0.0,262.74,84.05,2025-06
11406,2025-06-14,C1127,West,Office Chair,Furniture,4,111.68,0.0,446.72,169.06,2025-06
11407,2025-06-14,C1111,South,Wireless Mouse,Accessories,2,25.66,0.0,51.32,21.67,2025-06
11408,2025-06-14,C1207,North,Notebook Pack,Stationery,3,8.44,0.0,25.32,12.06,2025-06
11409,2025-06-14,C1186,East,Printer Ink,Electronics,1,30.07,0.0,30.07,9.11,2025-06
11410,2025-06-15,C1255,South,Printer Ink,Electronics,4,28.94,0.0,115.76,36.65,2025-06
11411,2025-06-15,C1137,South,Water Bottle,Lifestyle,6,13.91,0.0,83.46,41.44,2025-06
11412,2025-06-15,C1024,West,Office Chair,Furniture,2,124.7,0.0,249.4,93.47,2025-06
11413,2025-06-15,C1081,West,Laptop Sleeve,Accessories,2,18.52,0.0,37.04,15.81,2025-06
11414,2025-06-15,C1079,North,USB-C Cable,Accessories,5,12.88,0.0,64.4,28.6,2025-06
11415,2025-06-15,C1278,West,Monitor Stand,Furniture,5,37.4,0.0,187.0,70.36,2025-06
11416,2025-06-15,C1219,West,Bluetooth Speaker,Electronics,4,46.1,0.0,184.4,57.64,2025-06
11417,2025-06-15,C1215,South,Water Bottle,Lifestyle,5,13.9,0.0,69.5,34.55,2025-06
11418,2025-06-15,C1099,West,Laptop Sleeve,Accessories,5,18.46,0.0,92.3,41.47,2025-06
11419,2025-06-15,C1117,South,Laptop Sleeve,Accessories,1,18.15,0.0,18.15,7.59,2025-06
11420,2025-06-16,C1203,North,Notebook Pack,Stationery,1,7.39,0.1,6.65,2.21,2025-06
11421,2025-06-16,C1215,West,Monitor Stand,Furniture,4,36.23,0.1,130.43,49.52,2025-06
11422,2025-06-16,C1278,East,Office Chair,Furniture,2,121.77,0.0,243.54,91.56,2025-06
11423,2025-06-16,C1200,South,Wireless Mouse,Accessories,4,23.76,0.0,95.04,41.93,2025-06
11424,2025-06-16,C1072,South,Bluetooth Speaker,Electronics,2,41.59,0.0,83.18,25.36,2025-06
11425,2025-06-16,C1135,South,Wireless Mouse,Accessories,1,23.77,0.1,21.39,9.59,2025-06
11426,2025-06-16,C1016,South,Wireless Mouse,Accessories,2,23.08,0.0,46.16,19.84,2025-06
11427,2025-06-16,C1087,West,Wireless Mouse,Accessories,2,24.8,0.0,49.6,20.53,2025-06
11428,2025-06-16,C1208,South,Wireless Mouse,Accessories,2,24.1,0.05,45.79,19.39,2025-06
11429,2025-06-16,C1023,East,Notebook Pack,Stationery,1,7.78,0.0,7.78,3.9,2025-06
11430,2025-06-17,C1049,East,Printer Ink,Electronics,1,26.56,0.0,26.56,6.88,2025-06
11431,2025-06-17,C1130,North,Bluetooth Speaker,Electronics,5,44.32,0.0,221.6,69.26,2025-06
11432,2025-06-17,C1279,North,Printer Ink,Electronics,3,27.12,0.0,81.36,25.19,2025-06
11433,2025-06-17,C1298,South,Desk Lamp,Furniture,2,29.76,0.15,50.59,19.16,2025-06
11434,2025-06-17,C1270,South,Laptop Sleeve,Accessories,2,19.38,0.0,38.76,16.52,2025-06
11435,2025-06-17,C1093,North,Notebook Pack,Stationery,1,7.89,0.0,7.89,3.41,2025-06
11436,2025-06-17,C1082,East,Laptop Sleeve,Accessories,4,17.91,0.0,71.64,30.97,2025-06
11437,2025-06-17,C1265,West,Laptop Sleeve,Accessories,3,17.27,0.0,51.81,21.78,2025-06
11438,2025-06-17,C1144,West,USB-C Cable,Accessories,3,11.25,0.0,33.75,13.76,2025-06
11439,2025-06-17,C1203,South,Water Bottle,Lifestyle,2,14.64,0.0,29.28,14.39,2025-06
11440,2025-06-17,C1298,East,Laptop Sleeve,Accessories,5,16.78,0.0,83.9,37.57,2025-06
11441,2025-06-17,C1230,South,Monitor Stand,Furniture,4,40.61,0.05,154.32,58.61,2025-06
11442,2025-06-18,C1087,North,USB-C Cable,Accessories,1,11.33,0.0,11.33,3.65,2025-06
11443,2025-06-18,C1232,West,Desk Lamp,Furniture,6,34.18,0.0,205.08,77.83,2025-06
11444,2025-06-18,C1183,South,Water Bottle,Lifestyle,1,13.99,0.0,13.99,6.5,2025-06
11445,2025-06-18,C1229,West,Printer Ink,Electronics,3,28.18,0.0,84.54,27.04,2025-06
11446,2025-06-19,C1259,South,Notebook Pack,Stationery,4,8.43,0.05,32.03,16.68,2025-06
11447,2025-06-19,C1280,West,Water Bottle,Lifestyle,3,13.9,0.0,41.7,20.0,2025-06
11448,2025-06-19,C1198,West,Office Chair,Furniture,4,115.95,0.0,463.8,175.69,2025-06
11449,2025-06-19,C1144,West,Laptop Sleeve,Accessories,3,17.04,0.05,48.56,21.13,2025-06
11450,2025-06-19,C1250,East,Bluetooth Speaker,Electronics,2,43.98,0.0,87.96,27.74,2025-06
11451,2025-06-19,C1087,West,Desk Lamp,Furniture,2,34.3,0.0,68.6,25.79,2025-06
11452,2025-06-19,C1098,East,Office Chair,Furniture,1,126.91,0.0,126.91,47.74,2025-06
11453,2025-06-19,C1066,North,Laptop Sleeve,Accessories,2,16.77,0.0,33.54,14.03,2025-06
11454,2025-06-20,C1298,East,Wireless Mouse,Accessories,1,23.73,0.0,23.73,9.37,2025-06
11455,2025-06-20,C1266,North,Wireless Mouse,Accessories,2,24.58,0.0,49.16,21.25,2025-06
11456,2025-06-20,C1156,West,Printer Ink,Electronics,2,27.45,0.05,52.15,14.77,2025-06
11457,2025-06-20,C1120,West,Notebook Pack,Stationery,4,7.56,0.0,30.24,16.37,2025-06
11458,2025-06-20,C1054,West,Water Bottle,Lifestyle,3,14.98,0.05,42.69,20.96,2025-06
11459,2025-06-20,C1143,West,Laptop Sleeve,Accessories,2,16.99,0.0,33.98,14.92,2025-06
11460,2025-06-20,C1267,South,Laptop Sleeve,Accessories,2,16.83,0.0,33.66,13.18,2025-06
11461,2025-06-20,C1233,North,Office Chair,Furniture,1,126.28,0.0,126.28,46.94,2025-06
11462,2025-06-20,C1036,South,Laptop Sleeve,Accessories,9,18.94,0.05,161.94,71.53,2025-06
11463,2025-06-20,C1296,West,Laptop Sleeve,Accessories,3,18.95,0.05,54.01,22.68,2025-06
11464,2025-06-21,C1039,East,USB-C Cable,Accessories,1,12.5,0.0,12.5,5.39,2025-06
11465,2025-06-21,C1133,West,Laptop Sleeve,Accessories,1,16.67,0.0,16.67,7.38,2025-06
11466,2025-06-21,C1254,North,Wireless Mouse,Accessories,2,23.31,0.0,46.62,20.16,2025-06
11467,2025-06-21,C1137,East,USB-C Cable,Accessories,3,12.45,0.0,37.35,14.87,2025-06
11468,2025-06-21,C1165,North,Notebook Pack,Stationery,3,7.59,0.0,22.77,11.83,2025-06
11469,2025-06-21,C1175,North,Notebook Pack,Stationery,3,8.46,0.1,22.84,11.85,2025-06
11470,2025-06-21,C1231,South,Office Chair,Furniture,4,126.46,0.0,505.84,191.67,2025-06
11471,2025-06-21,C1267,North,Monitor Stand,Furniture,2,38.84,0.0,77.68,27.8,2025-06
11472,2025-06-21,C1097,North,Bluetooth Speaker,Electronics,1,46.73,0.0,46.73,13.02,2025-06
11473,2025-06-21,C1059,West,Laptop Sleeve,Accessories,6,18.77,0.0,112.62,50.58,2025-06
11474,2025-06-21,C1179,South,Water Bottle,Lifestyle,4,14.31,0.0,57.24,27.5,2025-06
11475,2025-06-21,C1018,West,Notebook Pack,Stationery,3,7.67,0.0,23.01,11.94,2025-06
11476,2025-06-22,C1244,West,Printer Ink,Electronics,4,25.83,0.0,103.32,32.5,2025-06
11477,2025-06-22,C1224,West,Desk Lamp,Furniture,6,30.62,0.0,183.72,69.47,2025-06
11478,2025-06-22,C1180,West,Wireless Mouse,Accessories,2,25.91,0.0,51.82,22.57,2025-06
11479,2025-06-22,C1204,East,Office Chair,Furniture,5,113.14,0.0,565.7,213.42,2025-06
11480,2025-06-22,C1289,North,Notebook Pack,Stationery,4,7.72,0.0,30.88,15.29,2025-06
11481,2025-06-22,C1265,East,Bluetooth Speaker,Electronics,4,42.31,0.0,169.24,52.46,2025-06
11482,2025-06-22,C1110,South,Notebook Pack,Stationery,2,7.87,0.0,15.74,6.96,2025-06
11483,2025-06-22,C1187,South,Notebook Pack,Stationery,2,8.23,0.0,16.46,8.2,2025-06
11484,2025-06-22,C1273,East,Water Bottle,Lifestyle,3,14.2,0.0,42.6,21.04,2025-06
11485,2025-06-22,C1113,North,Desk Lamp,Furniture,4,34.47,0.0,137.88,51.21,2025-06
11486,2025-06-22,C1098,East,USB-C Cable,Accessories,5,11.26,0.0,56.3,24.96,2025-06
11487,2025-06-23,C1105,South,Laptop Sleeve,Accessories,3,19.34,0.0,58.02,25.06,2025-06
11488,2025-06-23,C1162,East,USB-C Cable,Accessories,4,11.77,0.0,47.08,20.2,2025-06
11489,2025-06-23,C1287,South,Bluetooth Speaker,Electronics,4,43.39,0.0,173.56,55.3,2025-06
11490,2025-06-23,C1141,East,Wireless Mouse,Accessories,3,23.98,0.05,68.34,30.13,2025-06
11491,2025-06-23,C1006,North,USB-C Cable,Accessories,2,12.73,0.1,22.91,8.88,2025-06
11492,2025-06-23,C1295,West,Notebook Pack,Stationery,2,8.05,0.0,16.1,7.46,2025-06
11493,2025-06-23,C1136,North,Printer Ink,Electronics,1,28.07,0.0,28.07,8.1,2025-06
11494,2025-06-23,C1261,South,USB-C Cable,Accessories,2,12.07,0.0,24.14,9.76,2025-06
11495,2025-06-24,C1179,North,Water Bottle,Lifestyle,2,15.91,0.0,31.82,14.8,2025-06
11496,2025-06-24,C1198,West,Office Chair,Furniture,2,124.16,0.0,248.32,92.78,2025-06
11497,2025-06-24,C1132,North,Bluetooth Speaker,Electronics,4,44.22,0.05,168.04,52.16,2025-06
11498,2025-06-24,C1141,North,Bluetooth Speaker,Electronics,2,46.04,0.15,78.27,25.02,2025-06
11499,2025-06-24,C1106,South,Bluetooth Speaker,Electronics,3,44.27,0.05,126.17,38.44,2025-06
11500,2025-06-24,C1246,East,Laptop Sleeve,Accessories,3,19.25,0.05,54.86,24.31,2025-06
11501,2025-06-24,C1152,West,Office Chair,Furniture,2,122.11,0.0,244.22,91.41,2025-06
11502,2025-06-24,C1109,West,Desk Lamp,Furniture,3,30.26,0.0,90.78,33.41,2025-06
11503,2025-06-24,C1137,East,USB-C Cable,Accessories,2,11.87,0.0,23.74,9.37,2025-06
11504,2025-06-24,C1157,North,Office Chair,Furniture,3,112.43,0.15,286.7,108.46,2025-06
11505,2025-06-24,C1174,West,Desk Lamp,Furniture,2,30.16,0.05,57.3,20.25,2025-06
11506,2025-06-24,C1051,North,Printer Ink,Electronics,4,28.23,0.0,112.92,35.17,2025-06
11507,2025-06-24,C1164,West,Water Bottle,Lifestyle,5,13.84,0.0,69.2,32.88,2025-06
11508,2025-06-24,C1062,East,Water Bottle,Lifestyle,5,16.02,0.0,80.1,39.32,2025-06
11509,2025-06-25,C1145,North,Desk Lamp,Furniture,4,30.41,0.0,121.64,44.66,2025-06
11510,2025-06-25,C1161,North,Wireless Mouse,Accessories,2,24.37,0.0,48.74,21.74,2025-06
11511,2025-06-25,C1048,South,Monitor Stand,Furniture,4,37.99,0.05,144.36,53.22,2025-06
11512,2025-06-25,C1074,North,Office Chair,Furniture,5,120.37,0.05,571.76,216.41,2025-06
11513,2025-06-25,C1015,West,Monitor Stand,Furniture,5,37.36,0.0,186.8,69.2,2025-06
11514,2025-06-25,C1077,East,Monitor Stand,Furniture,5,37.81,0.05,179.6,67.24,2025-06
11515,2025-06-25,C1226,West,Office Chair,Furniture,2,116.51,0.0,233.02,87.97,2025-06
11516,2025-06-25,C1248,East,Laptop Sleeve,Accessories,2,17.77,0.0,35.54,15.16,2025-06
11517,2025-06-25,C1024,West,Laptop Sleeve,Accessories,3,16.6,0.0,49.8,21.22,2025-06
11518,2025-06-26,C1012,South,Desk Lamp,Furniture,3,34.29,0.1,92.58,33.81,2025-06
11519,2025-06-26,C1059,South,Laptop Sleeve,Accessories,3,17.7,0.0,53.1,22.06,2025-06
11520,2025-06-26,C1070,North,Wireless Mouse,Accessories,3,24.81,0.0,74.43,33.43,2025-06
11521,2025-06-26,C1204,East,Printer Ink,Electronics,2,29.26,0.0,58.52,17.25,2025-06
11522,2025-06-26,C1201,East,Printer Ink,Electronics,2,26.88,0.0,53.76,17.17,2025-06
11523,2025-06-26,C1194,North,Office Chair,Furniture,2,120.05,0.0,240.1,90.56,2025-06
11524,2025-06-26,C1019,West,Monitor Stand,Furniture,4,36.18,0.0,144.72,54.3,2025-06
11525,2025-06-27,C1082,East,Bluetooth Speaker,Electronics,2,43.79,0.0,87.58,26.59,2025-06
11526,2025-06-27,C1196,East,USB-C Cable,Accessories,2,11.81,0.1,21.26,8.35,2025-06
11527,2025-06-27,C1063,South,USB-C Cable,Accessories,3,12.96,0.0,38.88,17.08,2025-06
11528,2025-06-27,C1157,West,Bluetooth Speaker,Electronics,4,43.79,0.0,175.16,54.98,2025-06
11529,2025-06-27,C1218,West,Bluetooth Speaker,Electronics,7,43.11,0.0,301.77,95.05,2025-06
11530,2025-06-27,C1086,North,Notebook Pack,Stationery,3,8.46,0.0,25.38,12.12,2025-06
11531,2025-06-27,C1142,North,Wireless Mouse,Accessories,3,23.27,0.0,69.81,29.45,2025-06
11532,2025-06-27,C1097,West,Water Bottle,Lifestyle,3,15.45,0.0,46.35,21.51,2025-06
11533,2025-06-27,C1218,North,USB-C Cable,Accessories,4,11.74,0.0,46.96,19.24,2025-06
11534,2025-06-28,C1085,South,USB-C Cable,Accessories,4,11.08,0.0,44.32,18.66,2025-06
11535,2025-06-28,C1162,North,Printer Ink,Electronics,4,28.58,0.0,114.32,36.48,2025-06
11536,2025-06-28,C1114,West,Desk Lamp,Furniture,2,30.65,0.0,61.3,23.26,2025-06
11537,2025-06-28,C1195,East,Bluetooth Speaker,Electronics,3,46.41,0.0,139.23,43.82,2025-06
11538,2025-06-28,C1232,North,Desk Lamp,Furniture,3,30.87,0.0,92.61,33.39,2025-06
11539,2025-06-28,C1017,East,Office Chair,Furniture,3,115.1,0.0,345.3,129.6,2025-06
11540,2025-06-28,C1063,East,Wireless Mouse,Accessories,3,24.97,0.0,74.91,32.59,2025-06
11541,2025-06-28,C1155,North,USB-C Cable,Accessories,3,12.6,0.0,37.8,15.96,2025-06
11542,2025-06-28,C1284,East,Desk Lamp,Furniture,2,31.92,0.0,63.84,23.74,2025-06
11543,2025-06-28,C1195,East,USB-C Cable,Accessories,2,12.19,0.0,24.38,10.9,2025-06
11544,2025-06-28,C1225,South,Office Chair,Furniture,4,124.07,0.0,496.28,187.59,2025-06
11545,2025-06-28,C1257,West,Laptop Sleeve,Accessories,1,16.64,0.0,16.64,6.95,2025-06
11546,2025-06-28,C1169,West,Printer Ink,Electronics,6,29.96,0.0,179.76,56.11,2025-06
11547,2025-06-28,C1158,North,Monitor Stand,Furniture,3,38.61,0.0,115.83,43.35,2025-06
11548,2025-06-28,C1082,West,Bluetooth Speaker,Electronics,2,44.82,0.0,89.64,27.93,2025-06
11549,2025-06-29,C1087,North,Wireless Mouse,Accessories,5,24.16,0.0,120.8,54.2,2025-06
11550,2025-06-29,C1276,South,Wireless Mouse,Accessories,3,23.35,0.0,70.05,29.98,2025-06
11551,2025-06-29,C1035,South,Laptop Sleeve,Accessories,2,17.65,0.05,33.53,13.26,2025-06
11552,2025-06-29,C1163,North,Notebook Pack,Stationery,1,7.38,0.0,7.38,3.6,2025-06
11553,2025-06-29,C1240,West,Office Chair,Furniture,2,112.1,0.1,201.78,75.61,2025-06
11554,2025-06-29,C1061,East,Laptop Sleeve,Accessories,3,17.25,0.0,51.75,21.56,2025-06
11555,2025-06-29,C1290,West,Office Chair,Furniture,3,127.77,0.0,383.31,144.57,2025-06
11556,2025-06-29,C1166,East,Desk Lamp,Furniture,9,33.46,0.1,271.03,101.57,2025-06
11557,2025-06-29,C1224,West,Wireless Mouse,Accessories,3,23.13,0.0,69.39,30.83,2025-06
11558,2025-06-29,C1132,West,Notebook Pack,Stationery,4,7.52,0.0,30.08,15.24,2025-06
11559,2025-06-29,C1019,East,Desk Lamp,Furniture,2,32.6,0.0,65.2,24.62,2025-06
11560,2025-06-30,C1106,South,USB-C Cable,Accessories,3,11.72,0.15,29.89,11.58,2025-06
11561,2025-06-30,C1248,East,Office Chair,Furniture,1,124.58,0.0,124.58,46.38,2025-06
11562,2025-06-30,C1110,South,Monitor Stand,Furniture,4,39.74,0.1,143.06,53.93,2025-06
11563,2025-06-30,C1239,West,Office Chair,Furniture,2,117.73,0.0,235.46,89.32,2025-06
11564,2025-06-30,C1131,West,Monitor Stand,Furniture,1,41.0,0.0,41.0,15.26,2025-06
11565,2025-06-30,C1222,North,USB-C Cable,Accessories,3,12.54,0.0,37.62,16.83,2025-06
11566,2025-06-30,C1190,West,Water Bottle,Lifestyle,1,15.11,0.0,15.11,7.0,2025-06
11567,2025-06-30,C1167,West,Laptop Sleeve,Accessories,5,17.33,0.0,86.65,38.84,2025-06
11568,2025-06-30,C1041,North,Bluetooth Speaker,Electronics,2,48.52,0.0,97.04,30.72,2025-06
11569,2025-06-30,C1037,East,Wireless Mouse,Accessories,1,24.95,0.0,24.95,9.39,2025-06
11570,2025-06-30,C1253,West,Notebook Pack,Stationery,2,8.5,0.0,17.0,9.08,2025-06
11571,2025-07-01,C1184,West,Wireless Mouse,Accessories,2,26.16,0.0,52.32,21.87,2025-07
11572,2025-07-01,C1090,South,Office Chair,Furniture,4,128.11,0.0,512.44,193.56,2025-07
11573,2025-07-01,C1243,North,Printer Ink,Electronics,3,27.19,0.0,81.57,25.0,2025-07
11574,2025-07-01,C1160,South,Office Chair,Furniture,5,126.62,0.0,633.1,238.71,2025-07
11575,2025-07-01,C1078,West,Office Chair,Furniture,2,117.24,0.0,234.48,89.0,2025-07
11576,2025-07-01,C1145,East,Bluetooth Speaker,Electronics,2,44.28,0.0,88.56,27.63,2025-07
11577,2025-07-01,C1131,East,USB-C Cable,Accessories,2,12.23,0.0,24.46,10.85,2025-07
11578,2025-07-01,C1079,South,Water Bottle,Lifestyle,5,13.94,0.0,69.7,34.78,2025-07
11579,2025-07-02,C1265,South,Notebook Pack,Stationery,3,7.92,0.0,23.76,11.94,2025-07
11580,2025-07-02,C1275,East,Desk Lamp,Furniture,3,30.41,0.0,91.23,32.83,2025-07
11581,2025-07-02,C1241,West,Wireless Mouse,Accessories,2,26.31,0.0,52.62,21.88,2025-07
11582,2025-07-02,C1012,West,Notebook Pack,Stationery,3,8.2,0.0,24.6,13.16,2025-07
11583,2025-07-02,C1136,East,Wireless Mouse,Accessories,2,25.89,0.0,51.78,21.67,2025-07
11584,2025-07-02,C1238,East,Bluetooth Speaker,Electronics,4,46.81,0.0,187.24,59.0,2025-07
11585,2025-07-03,C1117,West,Laptop Sleeve,Accessories,6,18.77,0.0,112.62,49.72,2025-07
11586,2025-07-03,C1049,West,Bluetooth Speaker,Electronics,4,41.81,0.0,167.24,52.59,2025-07
11587,2025-07-03,C1113,West,Monitor Stand,Furniture,2,40.46,0.0,80.92,30.29,2025-07
11588,2025-07-03,C1129,East,Printer Ink,Electronics,2,28.7,0.1,51.66,16.34,2025-07
11589,2025-07-03,C1156,North,Wireless Mouse,Accessories,5,25.39,0.0,126.95,55.8,2025-07
11590,2025-07-03,C1201,West,Monitor Stand,Furniture,3,37.36,0.0,112.08,40.71,2025-07
11591,2025-07-03,C1045,West,Bluetooth Speaker,Electronics,6,47.15,0.0,282.9,89.99,2025-07
11592,2025-07-03,C1263,North,Laptop Sleeve,Accessories,4,19.14,0.0,76.56,33.13,2025-07
11593,2025-07-03,C1214,North,Desk Lamp,Furniture,2,34.1,0.0,68.2,24.65,2025-07
11594,2025-07-04,C1168,North,Office Chair,Furniture,1,123.01,0.0,123.01,45.33,2025-07
11595,2025-07-04,C1221,South,Laptop Sleeve,Accessories,1,18.99,0.0,18.99,8.14,2025-07
11596,2025-07-04,C1094,North,USB-C Cable,Accessories,1,11.12,0.0,11.12,3.59,2025-07
11597,2025-07-04,C1091,South,Notebook Pack,Stationery,8,7.95,0.0,63.6,33.92,2025-07
11598,2025-07-04,C1055,West,USB-C Cable,Accessories,3,12.21,0.05,34.8,13.89,2025-07
11599,2025-07-04,C1227,West,Bluetooth Speaker,Electronics,1,44.91,0.0,44.91,12.65,2025-07
11600,2025-07-04,C1048,North,Notebook Pack,Stationery,3,8.21,0.0,24.63,12.72,2025-07
11601,2025-07-04,C1110,West,Monitor Stand,Furniture,3,35.12,0.0,105.36,38.49,2025-07
11602,2025-07-05,C1115,West,Laptop Sleeve,Accessories,4,18.28,0.0,73.12,32.01,2025-07
11603,2025-07-05,C1053,East,USB-C Cable,Accessories,1,12.23,0.0,12.23,4.27,2025-07
11604,2025-07-05,C1082,East,Notebook Pack,Stationery,3,7.72,0.05,22.0,12.09,2025-07
11605,2025-07-05,C1289,North,Notebook Pack,Stationery,4,7.73,0.0,30.92,15.91,2025-07
11606,2025-07-05,C1119,North,Desk Lamp,Furniture,3,33.06,0.0,99.18,36.7,2025-07
11607,2025-07-05,C1196,North,Office Chair,Furniture,2,118.44,0.0,236.88,88.84,2025-07
11608,2025-07-05,C1298,North,Wireless Mouse,Accessories,4,25.61,0.0,102.44,44.24,2025-07
11609,2025-07-06,C1231,North,USB-C Cable,Accessories,2,11.96,0.0,23.92,9.98,2025-07
11610,2025-07-06,C1094,North,Office Chair,Furniture,3,121.93,0.0,365.79,138.92,2025-07
11611,2025-07-06,C1026,South,Monitor Stand,Furniture,2,39.25,0.0,78.5,28.61,2025-07
11612,2025-07-06,C1066,North,Notebook Pack,Stationery,1,7.41,0.0,7.41,2.42,2025-07
11613,2025-07-06,C1197,North,Monitor Stand,Furniture,6,40.34,0.0,242.04,90.58,2025-07
11614,2025-07-06,C1126,East,Wireless Mouse,Accessories,3,24.48,0.0,73.44,32.6,2025-07
11615,2025-07-06,C1028,South,Water Bottle,Lifestyle,1,14.36,0.0,14.36,5.29,2025-07
11616,2025-07-06,C1153,East,Laptop Sleeve,Accessories,2,18.42,0.0,36.84,16.08,2025-07
11617,2025-07-06,C1147,West,Wireless Mouse,Accessories,4,23.88,0.0,95.52,41.24,2025-07
11618,2025-07-07,C1090,South,Notebook Pack,Stationery,2,7.54,0.05,14.33,6.11,2025-07
11619,2025-07-07,C1239,West,Notebook Pack,Stationery,5,7.85,0.1,35.33,18.88,2025-07
11620,2025-07-07,C1038,West,Laptop Sleeve,Accessories,3,17.35,0.0,52.05,22.3,2025-07
11621,2025-07-07,C1208,North,Wireless Mouse,Accessories,3,25.75,0.05,73.39,31.76,2025-07
11622,2025-07-07,C1137,West,Desk Lamp,Furniture,5,29.67,0.0,148.35,54.93,2025-07
11623,2025-07-07,C1249,East,Wireless Mouse,Accessories,3,24.01,0.0,72.03,32.14,2025-07
11624,2025-07-07,C1205,South,USB-C Cable,Accessories,1,11.99,0.0,11.99,3.42,2025-07
11625,2025-07-07,C1197,North,USB-C Cable,Accessories,3,11.13,0.0,33.39,13.21,2025-07
11626,2025-07-07,C1208,East,Laptop Sleeve,Accessories,4,16.59,0.0,66.36,29.42,2025-07
11627,2025-07-07,C1237,South,USB-C Cable,Accessories,2,11.71,0.0,23.42,9.71,2025-07
11628,2025-07-08,C1281,East,Notebook Pack,Stationery,4,7.52,0.0,30.08,15.78,2025-07
11629,2025-07-08,C1288,East,Bluetooth Speaker,Electronics,2,41.8,0.0,83.6,26.26,2025-07
11630,2025-07-08,C1261,South,Monitor Stand,Furniture,1,37.03,0.0,37.03,13.41,2025-07
11631,2025-07-08,C1095,East,Wireless Mouse,Accessories,5,24.7,0.0,123.5,53.82,2025-07
11632,2025-07-08,C1144,North,Monitor Stand,Furniture,2,36.71,0.0,73.42,27.61,2025-07
11633,2025-07-08,C1015,North,Office Chair,Furniture,2,115.24,0.05,218.96,82.33,2025-07
11634,2025-07-09,C1120,North,Wireless Mouse,Accessories,2,26.74,0.1,48.13,21.56,2025-07
11635,2025-07-09,C1297,North,Monitor Stand,Furniture,2,40.92,0.1,73.66,26.56,2025-07
11636,2025-07-09,C1015,North,Wireless Mouse,Accessories,3,24.24,0.0,72.72,32.25,2025-07
11637,2025-07-09,C1292,West,Laptop Sleeve,Accessories,5,17.07,0.0,85.35,37.09,2025-07
11638,2025-07-09,C1258,West,Wireless Mouse,Accessories,3,23.88,0.0,71.64,31.19,2025-07
11639,2025-07-09,C1130,East,Laptop Sleeve,Accessories,3,18.38,0.0,55.14,23.03,2025-07
11640,2025-07-09,C1234,West,Monitor Stand,Furniture,3,36.26,0.0,108.78,41.17,2025-07
11641,2025-07-09,C1045,South,Desk Lamp,Furniture,1,31.16,0.0,31.16,9.86,2025-07
11642,2025-07-10,C1103,East,USB-C Cable,Accessories,1,12.61,0.0,12.61,4.87,2025-07
11643,2025-07-10,C1294,West,Office Chair,Furniture,4,127.21,0.0,508.84,192.94,2025-07
11644,2025-07-10,C1141,West,Office Chair,Furniture,5,110.99,0.0,554.95,209.76,2025-07
11645,2025-07-10,C1207,North,Printer Ink,Electronics,3,29.02,0.15,74.0,22.09,2025-07
11646,2025-07-10,C1240,North,Water Bottle,Lifestyle,2,14.22,0.15,24.17,11.36,2025-07
11647,2025-07-10,C1203,West,Bluetooth Speaker,Electronics,6,45.8,0.0,274.8,87.5,2025-07
11648,2025-07-10,C1009,West,Monitor Stand,Furniture,3,35.42,0.0,106.26,40.24,2025-07
11649,2025-07-10,C1041,West,Laptop Sleeve,Accessories,3,17.95,0.0,53.85,23.01,2025-07
11650,2025-07-10,C1143,West,USB-C Cable,Accessories,3,11.88,0.0,35.64,15.73,2025-07
11651,2025-07-11,C1050,East,Laptop Sleeve,Accessories,2,17.8,0.05,33.82,13.66,2025-07
11652,2025-07-11,C1244,South,Wireless Mouse,Accessories,2,26.99,0.05,51.28,21.31,2025-07
11653,2025-07-11,C1231,South,Wireless Mouse,Accessories,3,26.62,0.0,79.86,34.53,2025-07
11654,2025-07-11,C1224,South,Water Bottle,Lifestyle,6,14.29,0.0,85.74,42.01,2025-07
11655,2025-07-11,C1287,South,Laptop Sleeve,Accessories,4,16.86,0.0,67.44,28.95,2025-07
11656,2025-07-11,C1050,West,Desk Lamp,Furniture,2,34.19,0.0,68.38,25.68,2025-07
11657,2025-07-11,C1266,South,Laptop Sleeve,Accessories,4,17.02,0.0,68.08,28.99,2025-07
11658,2025-07-11,C1219,West,Desk Lamp,Furniture,3,32.79,0.05,93.45,33.63,2025-07
11659,2025-07-11,C1069,East,Bluetooth Speaker,Electronics,3,47.56,0.1,128.41,40.19,2025-07
11660,2025-07-11,C1124,East,Water Bottle,Lifestyle,2,14.72,0.05,27.97,13.29,2025-07
11661,2025-07-11,C1142,West,Laptop Sleeve,Accessories,5,18.38,0.0,91.9,39.8,2025-07
11662,2025-07-12,C1293,East,Wireless Mouse,Accessories,2,24.6,0.0,49.2,21.05,2025-07
11663,2025-07-12,C1212,South,Desk Lamp,Furniture,3,33.11,0.15,84.43,30.47,2025-07
11664,2025-07-12,C1025,East,Notebook Pack,Stationery,2,7.8,0.1,14.04,7.24,2025-07
11665,2025-07-12,C1251,West,Laptop Sleeve,Accessories,2,18.63,0.0,37.26,15.34,2025-07
11666,2025-07-12,C1213,West,Laptop Sleeve,Accessories,4,17.43,0.0,69.72,30.29,2025-07
11667,2025-07-12,C1195,North,Bluetooth Speaker,Electronics,4,44.3,0.0,177.2,55.98,2025-07
11668,2025-07-13,C1103,South,Printer Ink,Electronics,4,29.26,0.1,105.34,32.55,2025-07
11669,2025-07-13,C1266,West,Water Bottle,Lifestyle,4,15.58,0.0,62.32,30.11,2025-07
11670,2025-07-13,C1074,East,Wireless Mouse,Accessories,4,23.72,0.0,94.88,40.71,2025-07
11671,2025-07-13,C1042,South,Laptop Sleeve,Accessories,3,17.3,0.0,51.9,22.88,2025-07
11672,2025-07-13,C1230,East,Notebook Pack,Stationery,3,7.36,0.0,22.08,10.38,2025-07
11673,2025-07-14,C1025,West,Notebook Pack,Stationery,1,7.67,0.0,7.67,3.21,2025-07
11674,2025-07-14,C1264,North,Printer Ink,Electronics,7,26.65,0.0,186.55,58.28,2025-07
11675,2025-07-14,C1206,East,Wireless Mouse,Accessories,6,25.17,0.0,151.02,67.96,2025-07
11676,2025-07-14,C1129,West,USB-C Cable,Accessories,3,11.07,0.0,33.21,14.7,2025-07
11677,2025-07-14,C1254,East,Notebook Pack,Stationery,3,8.53,0.0,25.59,13.54,2025-07
11678,2025-07-14,C1225,South,USB-C Cable,Accessories,3,11.07,0.0,33.21,13.64,2025-07
11679,2025-07-14,C1153,North,Office Chair,Furniture,1,116.74,0.0,116.74,42.47,2025-07
11680,2025-07-14,C1183,North,Bluetooth Speaker,Electronics,4,42.28,0.0,169.12,53.85,2025-07
11681,2025-07-14,C1014,North,Water Bottle,Lifestyle,1,15.41,0.0,15.41,7.67,2025-07
11682,2025-07-15,C1243,West,Laptop Sleeve,Accessories,3,17.67,0.0,53.01,23.83,2025-07
11683,2025-07-15,C1012,West,Office Chair,Furniture,3,119.93,0.1,323.81,122.4,2025-07
11684,2025-07-15,C1030,East,Bluetooth Speaker,Electronics,3,48.29,0.0,144.87,45.55,2025-07
11685,2025-07-15,C1252,South,Monitor Stand,Furniture,2,40.39,0.0,80.78,30.57,2025-07
11686,2025-07-15,C1102,East,Office Chair,Furniture,4,116.17,0.0,464.68,175.19,2025-07
11687,2025-07-15,C1155,North,Monitor Stand,Furniture,2,38.0,0.05,72.2,26.78,2025-07
11688,2025-07-15,C1016,West,Monitor Stand,Furniture,5,35.09,0.0,175.45,66.52,2025-07
11689,2025-07-15,C1230,West,Printer Ink,Electronics,3,29.51,0.0,88.53,26.93,2025-07
11690,2025-07-15,C1093,South,Laptop Sleeve,Accessories,2,17.24,0.0,34.48,14.38,2025-07
11691,2025-07-15,C1238,North,USB-C Cable,Accessories,1,12.66,0.0,12.66,3.91,2025-07
11692,2025-07-16,C1278,North,USB-C Cable,Accessories,3,12.9,0.0,38.7,15.44,2025-07
11693,2025-07-16,C1071,North,Laptop Sleeve,Accessories,2,16.84,0.0,33.68,14.48,2025-07
11694,2025-07-16,C1147,West,Bluetooth Speaker,Electronics,3,44.48,0.0,133.44,41.96,2025-07
11695,2025-07-16,C1174,East,Monitor Stand,Furniture,1,38.32,0.0,38.32,14.13,2025-07
11696,2025-07-16,C1070,West,Desk Lamp,Furniture,5,30.35,0.0,151.75,55.99,2025-07
11697,2025-07-16,C1242,West,Office Chair,Furniture,6,122.58,0.05,698.71,263.84,2025-07
11698,2025-07-16,C1285,East,Notebook Pack,Stationery,4,7.94,0.0,31.76,16.38,2025-07
11699,2025-07-16,C1132,East,Bluetooth Speaker,Electronics,4,42.22,0.0,168.88,52.65,2025-07
11700,2025-07-16,C1095,North,Printer Ink,Electronics,2,28.05,0.0,56.1,16.22,2025-07
11701,2025-07-16,C1060,South,Laptop Sleeve,Accessories,2,19.21,0.0,38.42,16.5,2025-07
11702,2025-07-17,C1056,West,Water Bottle,Lifestyle,1,16.16,0.0,16.16,6.38,2025-07
11703,2025-07-17,C1205,North,Desk Lamp,Furniture,2,30.58,0.0,61.16,23.05,2025-07
11704,2025-07-17,C1084,North,Wireless Mouse,Accessories,1,24.46,0.0,24.46,9.4,2025-07
11705,2025-07-17,C1149,East,Notebook Pack,Stationery,5,7.43,0.0,37.15,20.02,2025-07
11706,2025-07-17,C1291,North,Monitor Stand,Furniture,4,38.14,0.0,152.56,56.92,2025-07
11707,2025-07-17,C1084,South,Wireless Mouse,Accessories,2,25.79,0.0,51.58,22.7,2025-07
11708,2025-07-17,C1056,South,USB-C Cable,Accessories,4,12.45,0.0,49.8,21.87,2025-07
11709,2025-07-17,C1003,South,Wireless Mouse,Accessories,1,26.82,0.0,26.82,10.49,2025-07
11710,2025-07-18,C1076,South,Notebook Pack,Stationery,6,7.54,0.0,45.24,24.82,2025-07
11711,2025-07-18,C1062,East,Desk Lamp,Furniture,2,32.95,0.0,65.9,24.01,2025-07
11712,2025-07-18,C1150,North,USB-C Cable,Accessories,3,11.34,0.0,34.02,13.51,2025-07
11713,2025-07-18,C1170,East,Desk Lamp,Furniture,6,34.34,0.0,206.04,77.95,2025-07
11714,2025-07-18,C1191,West,Monitor Stand,Furniture,1,37.36,0.0,37.36,12.52,2025-07
11715,2025-07-18,C1151,East,Notebook Pack,Stationery,1,7.66,0.0,7.66,3.82,2025-07
11716,2025-07-18,C1018,East,Desk Lamp,Furniture,1,33.8,0.0,33.8,12.55,2025-07
11717,2025-07-18,C1209,West,Laptop Sleeve,Accessories,5,17.98,0.1,80.91,34.5,2025-07
11718,2025-07-18,C1092,North,Office Chair,Furniture,4,114.87,0.0,459.48,172.76,2025-07
11719,2025-07-19,C1132,West,Laptop Sleeve,Accessories,3,17.3,0.0,51.9,21.64,2025-07
11720,2025-07-19,C1245,West,Wireless Mouse,Accessories,3,26.98,0.0,80.94,36.24,2025-07
11721,2025-07-19,C1242,East,Wireless Mouse,Accessories,2,26.18,0.0,52.36,21.95,2025-07
11722,2025-07-19,C1237,South,Wireless Mouse,Accessories,5,25.02,0.0,125.1,54.45,2025-07
11723,2025-07-19,C1106,South,Office Chair,Furniture,4,121.49,0.0,485.96,184.25,2025-07
11724,2025-07-19,C1022,West,Notebook Pack,Stationery,4,7.89,0.0,31.56,16.58,2025-07
11725,2025-07-19,C1080,North,Printer Ink,Electronics,2,28.45,0.0,56.9,17.11,2025-07
11726,2025-07-19,C1156,East,Monitor Stand,Furniture,1,40.85,0.0,40.85,14.85,2025-07
11727,2025-07-19,C1064,South,Wireless Mouse,Accessories,1,24.24,0.0,24.24,9.74,2025-07
11728,2025-07-19,C1228,West,USB-C Cable,Accessories,6,12.35,0.0,74.1,31.53,2025-07
11729,2025-07-19,C1011,East,Desk Lamp,Furniture,3,33.07,0.0,99.21,37.5,2025-07
11730,2025-07-19,C1131,North,Wireless Mouse,Accessories,2,25.35,0.0,50.7,22.6,2025-07
11731,2025-07-19,C1136,South,Water Bottle,Lifestyle,4,15.23,0.0,60.92,30.06,2025-07
11732,2025-07-20,C1129,West,Printer Ink,Electronics,3,29.78,0.0,89.34,27.19,2025-07
11733,2025-07-20,C1216,West,Office Chair,Furniture,1,124.01,0.0,124.01,46.92,2025-07
11734,2025-07-20,C1018,North,Bluetooth Speaker,Electronics,3,47.25,0.0,141.75,44.93,2025-07
11735,2025-07-20,C1102,North,Laptop Sleeve,Accessories,6,17.68,0.0,106.08,45.86,2025-07
11736,2025-07-20,C1046,West,USB-C Cable,Accessories,4,12.12,0.0,48.48,21.36,2025-07
11737,2025-07-20,C1199,North,Desk Lamp,Furniture,4,31.29,0.1,112.64,41.08,2025-07
11738,2025-07-20,C1188,South,Notebook Pack,Stationery,3,8.48,0.0,25.44,12.35,2025-07
11739,2025-07-20,C1138,East,Monitor Stand,Furniture,3,37.93,0.0,113.79,42.58,2025-07
11740,2025-07-20,C1281,East,USB-C Cable,Accessories,2,12.44,0.0,24.88,9.35,2025-07
11741,2025-07-20,C1129,North,Wireless Mouse,Accessories,4,23.16,0.0,92.64,40.78,2025-07
11742,2025-07-20,C1246,East,Water Bottle,Lifestyle,2,14.68,0.0,29.36,14.31,2025-07
11743,2025-07-20,C1084,West,Water Bottle,Lifestyle,1,14.64,0.1,13.18,6.42,2025-07
11744,2025-07-20,C1254,East,Printer Ink,Electronics,3,28.54,0.0,85.62,26.4,2025-07
11745,2025-07-21,C1069,South,Wireless Mouse,Accessories,3,25.36,0.15,64.67,28.98,2025-07
11746,2025-07-21,C1077,West,Printer Ink,Electronics,2,26.85,0.1,48.33,15.27,2025-07
11747,2025-07-21,C1134,North,Water Bottle,Lifestyle,2,15.3,0.05,29.07,13.87,2025-07
11748,2025-07-21,C1079,East,Wireless Mouse,Accessories,3,23.13,0.0,69.39,29.53,2025-07
11749,2025-07-21,C1061,East,Desk Lamp,Furniture,2,33.6,0.0,67.2,23.76,2025-07
11750,2025-07-21,C1259,North,Laptop Sleeve,Accessories,4,18.91,0.0,75.64,33.84,2025-07
11751,2025-07-21,C1069,East,Desk Lamp,Furniture,5,32.8,0.0,164.0,61.94,2025-07
11752,2025-07-21,C1174,South,USB-C Cable,Accessories,5,11.89,0.0,59.45,25.06,2025-07
11753,2025-07-21,C1031,North,Laptop Sleeve,Accessories,5,17.09,0.0,85.45,38.04,2025-07
11754,2025-07-21,C1224,East,Notebook Pack,Stationery,3,8.09,0.0,24.27,12.94,2025-07
11755,2025-07-21,C1201,West,Laptop Sleeve,Accessories,2,18.26,0.0,36.52,16.39,2025-07
11756,2025-07-22,C1115,West,Notebook Pack,Stationery,4,8.15,0.0,32.6,16.79,2025-07
11757,2025-07-22,C1027,West,Bluetooth Speaker,Electronics,3,41.87,0.1,113.05,34.94,2025-07
11758,2025-07-22,C1284,North,USB-C Cable,Accessories,3,12.06,0.05,34.37,14.52,2025-07
11759,2025-07-22,C1059,East,Desk Lamp,Furniture,2,30.14,0.0,60.28,22.4,2025-07
11760,2025-07-22,C1279,North,Office Chair,Furniture,1,112.14,0.0,112.14,42.6,2025-07
11761,2025-07-22,C1295,West,Office Chair,Furniture,3,115.98,0.0,347.94,131.67,2025-07
11762,2025-07-22,C1190,North,Desk Lamp,Furniture,4,31.1,0.0,124.4,45.66,2025-07
11763,2025-07-22,C1188,North,Bluetooth Speaker,Electronics,2,48.16,0.0,96.32,30.72,2025-07
11764,2025-07-22,C1244,West,Laptop Sleeve,Accessories,2,17.83,0.1,32.09,14.15,2025-07
11765,2025-07-22,C1146,North,Bluetooth Speaker,Electronics,1,48.26,0.0,48.26,14.83,2025-07
11766,2025-07-22,C1146,West,Notebook Pack,Stationery,4,7.74,0.0,30.96,15.76,2025-07
11767,2025-07-22,C1154,East,Monitor Stand,Furniture,2,38.42,0.0,76.84,27.65,2025-07
11768,2025-07-22,C1127,West,Office Chair,Furniture,3,125.94,0.0,377.82,142.17,2025-07
11769,2025-07-23,C1176,North,Printer Ink,Electronics,1,29.94,0.0,29.94,9.19,2025-07
11770,2025-07-23,C1062,South,Bluetooth Speaker,Electronics,1,41.78,0.0,41.78,12.78,2025-07
11771,2025-07-23,C1236,North,Office Chair,Furniture,2,125.58,0.0,251.16,93.99,2025-07
11772,2025-07-23,C1174,North,Bluetooth Speaker,Electronics,3,46.73,0.05,133.18,41.12,2025-07
11773,2025-07-23,C1054,North,Laptop Sleeve,Accessories,3,19.07,0.0,57.21,25.27,2025-07
11774,2025-07-23,C1095,East,Laptop Sleeve,Accessories,4,18.2,0.0,72.8,31.71,2025-07
11775,2025-07-23,C1291,West,USB-C Cable,Accessories,2,11.07,0.0,22.14,9.73,2025-07
11776,2025-07-23,C1265,West,USB-C Cable,Accessories,1,12.07,0.0,12.07,4.98,2025-07
11777,2025-07-23,C1181,North,Printer Ink,Electronics,4,27.78,0.0,111.12,34.89,2025-07
11778,2025-07-23,C1067,West,Notebook Pack,Stationery,1,8.6,0.05,8.17,2.99,2025-07
11779,2025-07-24,C1297,North,Water Bottle,Lifestyle,3,14.82,0.0,44.46,20.52,2025-07
11780,2025-07-24,C1133,North,Bluetooth Speaker,Electronics,2,48.32,0.0,96.64,29.43,2025-07
11781,2025-07-24,C1221,South,Bluetooth Speaker,Electronics,3,45.89,0.0,137.67,42.62,2025-07
11782,2025-07-24,C1297,East,Bluetooth Speaker,Electronics,2,42.84,0.0,85.68,26.89,2025-07
11783,2025-07-24,C1277,West,Notebook Pack,Stationery,3,7.48,0.05,21.32,11.61,2025-07
11784,2025-07-24,C1061,North,USB-C Cable,Accessories,3,12.53,0.0,37.59,15.9,2025-07
11785,2025-07-24,C1068,East,Desk Lamp,Furniture,2,30.18,0.0,60.36,21.69,2025-07
11786,2025-07-24,C1022,East,Laptop Sleeve,Accessories,3,18.82,0.0,56.46,23.94,2025-07
11787,2025-07-24,C1120,West,Wireless Mouse,Accessories,3,24.05,0.0,72.15,32.44,2025-07
11788,2025-07-24,C1238,East,Notebook Pack,Stationery,3,7.83,0.0,23.49,11.78,2025-07
11789,2025-07-24,C1010,North,Notebook Pack,Stationery,3,7.96,0.05,22.69,10.84,2025-07
11790,2025-07-24,C1048,East,Notebook Pack,Stationery,3,8.38,0.15,21.37,10.3,2025-07
11791,2025-07-24,C1145,West,Laptop Sleeve,Accessories,2,18.93,0.0,37.86,15.37,2025-07
11792,2025-07-25,C1162,West,Desk Lamp,Furniture,3,30.57,0.0,91.71,34.15,2025-07
11793,2025-07-25,C1176,South,Notebook Pack,Stationery,4,8.48,0.0,33.92,17.84,2025-07
11794,2025-07-25,C1087,East,Bluetooth Speaker,Electronics,3,46.82,0.0,140.46,43.42,2025-07
11795,2025-07-25,C1041,North,Desk Lamp,Furniture,2,31.54,0.0,63.08,22.91,2025-07
11796,2025-07-25,C1073,East,Bluetooth Speaker,Electronics,2,44.62,0.15,75.85,23.57,2025-07
11797,2025-07-25,C1274,West,Laptop Sleeve,Accessories,3,16.95,0.0,50.85,22.74,2025-07
11798,2025-07-25,C1031,West,Monitor Stand,Furniture,2,35.46,0.0,70.92,26.14,2025-07
11799,2025-07-25,C1032,West,Office Chair,Furniture,4,114.81,0.0,459.24,174.23,2025-07
11800,2025-07-25,C1173,North,Laptop Sleeve,Accessories,4,19.26,0.0,77.04,32.69,2025-07
11801,2025-07-25,C1229,North,Bluetooth Speaker,Electronics,3,44.75,0.0,134.25,42.12,2025-07
11802,2025-07-25,C1290,West,Bluetooth Speaker,Electronics,2,43.65,0.05,82.93,25.49,2025-07
11803,2025-07-25,C1033,South,Laptop Sleeve,Accessories,3,18.26,0.05,52.04,22.02,2025-07
11804,2025-07-25,C1135,West,Bluetooth Speaker,Electronics,3,42.04,0.0,126.12,40.19,2025-07
11805,2025-07-26,C1184,East,Wireless Mouse,Accessories,4,23.96,0.0,95.84,41.29,2025-07
11806,2025-07-26,C1271,East,Notebook Pack,Stationery,3,8.45,0.0,25.35,13.14,2025-07
11807,2025-07-26,C1045,North,Wireless Mouse,Accessories,3,23.24,0.0,69.72,30.59,2025-07
11808,2025-07-26,C1248,South,Notebook Pack,Stationery,3,8.28,0.1,22.36,10.53,2025-07
11809,2025-07-26,C1207,South,Notebook Pack,Stationery,5,8.45,0.1,38.02,20.19,2025-07
11810,2025-07-26,C1096,North,Notebook Pack,Stationery,2,7.99,0.0,15.98,8.65,2025-07
11811,2025-07-26,C1167,South,Bluetooth Speaker,Electronics,4,41.49,0.0,165.96,53.03,2025-07
11812,2025-07-26,C1002,West,Printer Ink,Electronics,4,29.03,0.0,116.12,35.84,2025-07
11813,2025-07-26,C1201,West,USB-C Cable,Accessories,4,11.92,0.0,47.68,21.4,2025-07
11814,2025-07-26,C1051,West,Printer Ink,Electronics,2,29.54,0.05,56.13,16.5,2025-07
11815,2025-07-26,C1067,West,Wireless Mouse,Accessories,5,25.38,0.05,120.56,54.19,2025-07
11816,2025-07-26,C1056,West,Laptop Sleeve,Accessories,4,18.02,0.0,72.08,31.65,2025-07
11817,2025-07-26,C1254,West,Office Chair,Furniture,3,124.5,0.0,373.5,141.89,2025-07
11818,2025-07-26,C1220,South,Bluetooth Speaker,Electronics,3,41.64,0.0,124.92,38.08,2025-07
11819,2025-07-26,C1214,North,Wireless Mouse,Accessories,5,24.84,0.0,124.2,55.23,2025-07
11820,2025-07-26,C1292,South,Laptop Sleeve,Accessories,1,16.7,0.05,15.86,6.73,2025-07
11821,2025-07-27,C1198,West,Laptop Sleeve,Accessories,2,18.63,0.0,37.26,14.78,2025-07
11822,2025-07-27,C1265,East,Wireless Mouse,Accessories,3,23.25,0.1,62.78,28.09,2025-07
11823,2025-07-27,C1152,South,Desk Lamp,Furniture,4,32.03,0.0,128.12,47.66,2025-07
11824,2025-07-27,C1258,West,Desk Lamp,Furniture,4,33.9,0.0,135.6,50.56,2025-07
11825,2025-07-27,C1102,West,Desk Lamp,Furniture,2,32.47,0.15,55.2,20.66,2025-07
11826,2025-07-27,C1211,North,Desk Lamp,Furniture,1,29.75,0.0,29.75,9.55,2025-07
11827,2025-07-27,C1244,West,Notebook Pack,Stationery,4,8.02,0.0,32.08,16.85,2025-07
11828,2025-07-27,C1270,West,Office Chair,Furniture,2,127.3,0.0,254.6,96.47,2025-07
11829,2025-07-27,C1217,East,Water Bottle,Lifestyle,2,14.62,0.0,29.24,14.13,2025-07
11830,2025-07-27,C1288,North,Laptop Sleeve,Accessories,3,17.54,0.0,52.62,21.97,2025-07
11831,2025-07-28,C1181,East,Desk Lamp,Furniture,2,32.81,0.0,65.62,23.58,2025-07
11832,2025-07-28,C1045,South,Bluetooth Speaker,Electronics,2,46.21,0.05,87.8,27.39,2025-07
11833,2025-07-28,C1144,North,Wireless Mouse,Accessories,3,25.3,0.0,75.9,33.92,2025-07
11834,2025-07-28,C1265,South,Office Chair,Furniture,2,125.06,0.0,250.12,93.38,2025-07
11835,2025-07-28,C1060,West,Notebook Pack,Stationery,3,8.53,0.0,25.59,13.87,2025-07
11836,2025-07-28,C1128,North,Bluetooth Speaker,Electronics,4,43.95,0.0,175.8,56.1,2025-07
11837,2025-07-28,C1069,West,Bluetooth Speaker,Electronics,5,43.0,0.0,215.0,67.1,2025-07
11838,2025-07-28,C1169,West,Office Chair,Furniture,2,119.01,0.0,238.02,89.81,2025-07
11839,2025-07-28,C1201,West,Monitor Stand,Furniture,2,40.78,0.0,81.56,30.58,2025-07
11840,2025-07-28,C1248,East,Wireless Mouse,Accessories,6,23.11,0.0,138.66,61.09,2025-07
11841,2025-07-29,C1123,North,Office Chair,Furniture,3,117.28,0.0,351.84,133.23,2025-07
11842,2025-07-29,C1204,South,Laptop Sleeve,Accessories,2,16.71,0.0,33.42,13.46,2025-07
11843,2025-07-29,C1183,South,Notebook Pack,Stationery,4,7.42,0.0,29.68,15.07,2025-07
11844,2025-07-29,C1021,North,Notebook Pack,Stationery,4,8.05,0.0,32.2,16.72,2025-07
11845,2025-07-29,C1284,West,Notebook Pack,Stationery,2,7.55,0.0,15.1,8.18,2025-07
11846,2025-07-29,C1090,East,Bluetooth Speaker,Electronics,2,48.29,0.1,86.92,27.26,2025-07
11847,2025-07-29,C1106,North,Notebook Pack,Stationery,2,7.9,0.0,15.8,7.07,2025-07
11848,2025-07-30,C1113,West,Water Bottle,Lifestyle,2,15.28,0.0,30.56,14.22,2025-07
11849,2025-07-30,C1251,East,Wireless Mouse,Accessories,1,26.49,0.0,26.49,11.15,2025-07
11850,2025-07-30,C1276,West,Printer Ink,Electronics,1,27.27,0.0,27.27,6.91,2025-07
11851,2025-07-30,C1177,North,Laptop Sleeve,Accessories,3,16.66,0.0,49.98,21.1,2025-07
11852,2025-07-30,C1146,North,USB-C Cable,Accessories,2,12.85,0.0,25.7,10.25,2025-07
11853,2025-07-30,C1153,South,Bluetooth Speaker,Electronics,2,44.92,0.0,89.84,27.11,2025-07
11854,2025-07-31,C1195,East,Laptop Sleeve,Accessories,4,18.56,0.0,74.24,33.21,2025-07
11855,2025-07-31,C1193,South,Office Chair,Furniture,3,115.46,0.0,346.38,130.56,2025-07
11856,2025-07-31,C1112,East,Notebook Pack,Stationery,4,7.77,0.0,31.08,16.55,2025-07
11857,2025-07-31,C1154,South,Desk Lamp,Furniture,1,30.78,0.1,27.7,10.3,2025-07
11858,2025-07-31,C1049,North,Laptop Sleeve,Accessories,3,17.01,0.0,51.03,21.46,2025-07
11859,2025-07-31,C1287,North,Laptop Sleeve,Accessories,2,17.98,0.0,35.96,15.84,2025-07
11860,2025-07-31,C1201,West,USB-C Cable,Accessories,1,11.61,0.05,11.03,4.93,2025-07
11861,2025-07-31,C1126,East,Printer Ink,Electronics,3,28.49,0.0,85.47,26.33,2025-07
11862,2025-07-31,C1189,West,Desk Lamp,Furniture,3,34.21,0.0,102.63,38.64,2025-07
11863,2025-07-31,C1181,East,Notebook Pack,Stationery,2,7.68,0.0,15.36,6.47,2025-07
11864,2025-08-01,C1109,East,Office Chair,Furniture,1,119.67,0.05,113.69,42.22,2025-08
11865,2025-08-01,C1078,East,Notebook Pack,Stationery,3,8.44,0.0,25.32,12.23,2025-08
11866,2025-08-01,C1092,West,Monitor Stand,Furniture,4,40.06,0.0,160.24,60.77,2025-08
11867,2025-08-01,C1084,East,Notebook Pack,Stationery,2,7.61,0.0,15.22,6.53,2025-08
11868,2025-08-01,C1003,West,Printer Ink,Electronics,5,28.97,0.1,130.36,41.46,2025-08
11869,2025-08-01,C1232,South,Notebook Pack,Stationery,1,8.23,0.0,8.23,3.59,2025-08
11870,2025-08-01,C1247,West,Water Bottle,Lifestyle,3,14.69,0.0,44.07,20.09,2025-08
11871,2025-08-01,C1035,West,Bluetooth Speaker,Electronics,5,43.66,0.0,218.3,69.45,2025-08
11872,2025-08-01,C1284,South,Laptop Sleeve,Accessories,2,17.46,0.0,34.92,15.4,2025-08
11873,2025-08-01,C1168,North,USB-C Cable,Accessories,5,12.69,0.05,60.28,26.97,2025-08
11874,2025-08-01,C1032,West,Laptop Sleeve,Accessories,3,18.32,0.05,52.21,22.32,2025-08
11875,2025-08-01,C1193,South,Office Chair,Furniture,4,127.35,0.0,509.4,191.78,2025-08
11876,2025-08-01,C1068,North,Bluetooth Speaker,Electronics,5,43.7,0.0,218.5,69.88,2025-08
11877,2025-08-02,C1135,West,Bluetooth Speaker,Electronics,6,48.48,0.0,290.88,92.68,2025-08
11878,2025-08-02,C1186,North,Laptop Sleeve,Accessories,4,18.92,0.0,75.68,32.59,2025-08
11879,2025-08-02,C1276,West,Bluetooth Speaker,Electronics,1,41.67,0.0,41.67,12.76,2025-08
11880,2025-08-02,C1103,West,Laptop Sleeve,Accessories,3,18.49,0.0,55.47,24.48,2025-08
11881,2025-08-02,C1100,East,Desk Lamp,Furniture,2,34.41,0.0,68.82,25.93,2025-08
11882,2025-08-03,C1106,North,USB-C Cable,Accessories,2,11.48,0.0,22.96,9.64,2025-08
11883,2025-08-03,C1118,East,Bluetooth Speaker,Electronics,3,44.9,0.0,134.7,41.56,2025-08
11884,2025-08-03,C1259,North,Bluetooth Speaker,Electronics,3,46.37,0.0,139.11,44.38,2025-08
11885,2025-08-03,C1134,North,Wireless Mouse,Accessories,3,23.08,0.0,69.24,30.58,2025-08
11886,2025-08-03,C1166,South,Printer Ink,Electronics,1,26.66,0.0,26.66,6.62,2025-08
11887,2025-08-03,C1198,South,Notebook Pack,Stationery,2,7.55,0.0,15.1,6.77,2025-08
11888,2025-08-03,C1289,South,Monitor Stand,Furniture,2,36.39,0.0,72.78,27.4,2025-08
11889,2025-08-03,C1271,East,Laptop Sleeve,Accessories,2,18.37,0.0,36.74,15.16,2025-08
11890,2025-08-04,C1215,South,Laptop Sleeve,Accessories,3,16.68,0.0,50.04,22.25,2025-08
11891,2025-08-04,C1149,West,Office Chair,Furniture,2,128.79,0.0,257.58,96.39,2025-08
11892,2025-08-04,C1067,South,Desk Lamp,Furniture,2,32.18,0.05,61.14,22.2,2025-08
11893,2025-08-04,C1028,South,Bluetooth Speaker,Electronics,3,48.13,0.0,144.39,46.09,2025-08
11894,2025-08-04,C1163,East,Wireless Mouse,Accessories,3,24.23,0.0,72.69,32.37,2025-08
11895,2025-08-04,C1129,East,Bluetooth Speaker,Electronics,4,48.6,0.0,194.4,60.25,2025-08
11896,2025-08-04,C1107,East,Bluetooth Speaker,Electronics,5,47.55,0.0,237.75,74.52,2025-08
11897,2025-08-04,C1283,South,Printer Ink,Electronics,2,27.27,0.0,54.54,16.08,2025-08
11898,2025-08-05,C1280,South,Notebook Pack,Stationery,1,7.77,0.0,7.77,2.39,2025-08
11899,2025-08-05,C1238,North,Printer Ink,Electronics,1,28.35,0.0,28.35,8.8,2025-08
11900,2025-08-05,C1121,North,Monitor Stand,Furniture,3,38.1,0.0,114.3,42.12,2025-08
11901,2025-08-05,C1244,West,Bluetooth Speaker,Electronics,2,46.7,0.0,93.4,29.56,2025-08
11902,2025-08-06,C1098,East,Printer Ink,Electronics,3,26.04,0.05,74.21,22.62,2025-08
11903,2025-08-06,C1216,South,Bluetooth Speaker,Electronics,1,47.57,0.0,47.57,15.06,2025-08
11904,2025-08-06,C1039,West,Monitor Stand,Furniture,4,40.81,0.0,163.24,61.86,2025-08
11905,2025-08-06,C1180,North,Water Bottle,Lifestyle,4,15.54,0.0,62.16,29.49,2025-08
11906,2025-08-06,C1097,North,Printer Ink,Electronics,3,29.25,0.0,87.75,27.77,2025-08
11907,2025-08-07,C1274,East,Notebook Pack,Stationery,1,8.48,0.0,8.48,4.21,2025-08
11908,2025-08-07,C1168,South,Monitor Stand,Furniture,5,36.88,0.1,165.96,61.13,2025-08
11909,2025-08-07,C1223,North,Bluetooth Speaker,Electronics,4,47.92,0.0,191.68,60.21,2025-08
11910,2025-08-07,C1119,South,Notebook Pack,Stationery,6,8.4,0.0,50.4,27.47,2025-08
11911,2025-08-07,C1241,West,Office Chair,Furniture,2,122.82,0.0,245.64,91.56,2025-08
11912,2025-08-07,C1118,East,Office Chair,Furniture,3,126.09,0.0,378.27,142.02,2025-08
11913,2025-08-07,C1061,East,USB-C Cable,Accessories,2,11.83,0.0,23.66,9.72,2025-08
11914,2025-08-08,C1207,West,Laptop Sleeve,Accessories,2,19.25,0.0,38.5,15.64,2025-08
11915,2025-08-08,C1180,South,Monitor Stand,Furniture,3,38.29,0.0,114.87,43.11,2025-08
11916,2025-08-08,C1149,South,Office Chair,Furniture,2,127.33,0.05,241.93,90.92,2025-08
11917,2025-08-08,C1140,West,Bluetooth Speaker,Electronics,1,45.65,0.0,45.65,12.74,2025-08
11918,2025-08-08,C1087,West,Printer Ink,Electronics,5,27.55,0.05,130.86,40.83,2025-08
11919,2025-08-08,C1094,North,Bluetooth Speaker,Electronics,2,46.46,0.0,92.92,28.82,2025-08
11920,2025-08-08,C1091,East,Printer Ink,Electronics,4,27.91,0.0,111.64,34.96,2025-08
11921,2025-08-08,C1290,South,Laptop Sleeve,Accessories,4,17.5,0.0,70.0,31.07,2025-08
11922,2025-08-08,C1150,North,Wireless Mouse,Accessories,4,24.99,0.0,99.96,44.96,2025-08
11923,2025-08-08,C1175,East,Monitor Stand,Furniture,3,37.42,0.0,112.26,41.45,2025-08
11924,2025-08-08,C1075,West,Laptop Sleeve,Accessories,3,16.69,0.0,50.07,21.56,2025-08
11925,2025-08-08,C1108,North,Printer Ink,Electronics,5,29.08,0.0,145.4,45.94,2025-08
11926,2025-08-08,C1177,West,USB-C Cable,Accessories,4,11.17,0.0,44.68,18.61,2025-08
11927,2025-08-08,C1092,East,Wireless Mouse,Accessories,2,24.34,0.0,48.68,19.99,2025-08
11928,2025-08-08,C1066,South,Wireless Mouse,Accessories,2,24.62,0.0,49.24,21.07,2025-08
11929,2025-08-08,C1018,South,Monitor Stand,Furniture,2,38.24,0.0,76.48,27.07,2025-08
11930,2025-08-09,C1050,West,Monitor Stand,Furniture,2,36.63,0.0,73.26,25.99,2025-08
11931,2025-08-09,C1129,East,Printer Ink,Electronics,3,29.62,0.0,88.86,27.92,2025-08
11932,2025-08-09,C1286,South,USB-C Cable,Accessories,4,12.52,0.0,50.08,20.75,2025-08
11933,2025-08-09,C1180,West,Office Chair,Furniture,4,124.1,0.0,496.4,188.6,2025-08
11934,2025-08-09,C1157,West,Monitor Stand,Furniture,4,36.71,0.0,146.84,55.61,2025-08
11935,2025-08-09,C1136,West,Laptop Sleeve,Accessories,4,19.31,0.0,77.24,33.48,2025-08
11936,2025-08-09,C1258,West,Desk Lamp,Furniture,4,34.11,0.0,136.44,50.48,2025-08
11937,2025-08-09,C1174,North,USB-C Cable,Accessories,3,12.52,0.0,37.56,16.45,2025-08
11938,2025-08-09,C1180,West,Laptop Sleeve,Accessories,3,17.47,0.0,52.41,21.69,2025-08
11939,2025-08-09,C1179,North,Laptop Sleeve,Accessories,6,18.95,0.0,113.7,49.43,2025-08
11940,2025-08-09,C1127,South,USB-C Cable,Accessories,2,12.47,0.05,23.69,9.36,2025-08
11941,2025-08-09,C1093,North,USB-C Cable,Accessories,2,12.74,0.0,25.48,10.38,2025-08
11942,2025-08-09,C1230,East,Laptop Sleeve,Accessories,7,17.78,0.0,124.46,54.37,2025-08
11943,2025-08-10,C1141,North,Wireless Mouse,Accessories,2,26.87,0.0,53.74,23.27,2025-08
11944,2025-08-10,C1130,South,Notebook Pack,Stationery,2,7.45,0.0,14.9,7.57,2025-08
11945,2025-08-10,C1173,South,Printer Ink,Electronics,3,25.83,0.0,77.49,24.31,2025-08
11946,2025-08-10,C1036,East,Water Bottle,Lifestyle,8,14.13,0.0,113.04,55.75,2025-08
11947,2025-08-10,C1295,North,Printer Ink,Electronics,3,27.57,0.15,70.3,21.04,2025-08
11948,2025-08-10,C1069,North,Wireless Mouse,Accessories,2,24.75,0.0,49.5,21.58,2025-08
11949,2025-08-10,C1031,West,Laptop Sleeve,Accessories,2,19.41,0.0,38.82,17.3,2025-08
11950,2025-08-10,C1181,West,Notebook Pack,Stationery,2,8.35,0.0,16.7,8.68,2025-08
11951,2025-08-10,C1027,North,Monitor Stand,Furniture,3,38.26,0.0,114.78,42.28,2025-08
11952,2025-08-11,C1178,North,USB-C Cable,Accessories,3,12.46,0.0,37.38,15.73,2025-08
11953,2025-08-11,C1262,West,Bluetooth Speaker,Electronics,4,46.31,0.0,185.24,58.78,2025-08
11954,2025-08-11,C1015,West,Notebook Pack,Stationery,2,8.07,0.0,16.14,7.84,2025-08
11955,2025-08-11,C1048,North,Printer Ink,Electronics,4,27.76,0.0,111.04,35.34,2025-08
11956,2025-08-11,C1137,South,Monitor Stand,Furniture,2,39.32,0.0,78.64,28.88,2025-08
11957,2025-08-11,C1036,North,Office Chair,Furniture,4,120.33,0.0,481.32,181.14,2025-08
11958,2025-08-11,C1042,North,Notebook Pack,Stationery,2,7.89,0.0,15.78,8.63,2025-08
11959,2025-08-11,C1135,South,Monitor Stand,Furniture,3,38.97,0.0,116.91,43.94,2025-08
11960,2025-08-11,C1259,South,Water Bottle,Lifestyle,3,14.64,0.0,43.92,21.47,2025-08
11961,2025-08-11,C1164,West,Notebook Pack,Stationery,2,7.48,0.0,14.96,8.2,2025-08
11962,2025-08-12,C1022,North,Laptop Sleeve,Accessories,5,16.97,0.0,84.85,36.74,2025-08
11963,2025-08-12,C1122,West,Wireless Mouse,Accessories,1,25.43,0.0,25.43,10.95,2025-08
11964,2025-08-12,C1189,West,Laptop Sleeve,Accessories,4,17.15,0.0,68.6,30.61,2025-08
11965,2025-08-12,C1041,East,Monitor Stand,Furniture,3,37.4,0.0,112.2,41.5,2025-08
11966,2025-08-12,C1228,West,USB-C Cable,Accessories,3,12.92,0.1,34.88,13.75,2025-08
11967,2025-08-12,C1051,North,Bluetooth Speaker,Electronics,1,48.39,0.1,43.55,12.97,2025-08
11968,2025-08-12,C1071,West,Notebook Pack,Stationery,2,7.44,0.0,14.88,6.87,2025-08
11969,2025-08-12,C1079,North,Laptop Sleeve,Accessories,1,17.1,0.0,17.1,7.46,2025-08
11970,2025-08-13,C1204,North,USB-C Cable,Accessories,4,12.76,0.0,51.04,21.47,2025-08
11971,2025-08-13,C1079,West,Laptop Sleeve,Accessories,2,17.38,0.0,34.76,14.31,2025-08
11972,2025-08-13,C1230,West,Office Chair,Furniture,4,129.05,0.0,516.2,195.69,2025-08
11973,2025-08-13,C1030,East,Notebook Pack,Stationery,3,7.82,0.0,23.46,12.35,2025-08
11974,2025-08-13,C1177,North,Desk Lamp,Furniture,1,33.48,0.05,31.81,10.73,2025-08
11975,2025-08-13,C1243,East,USB-C Cable,Accessories,4,11.5,0.0,46.0,19.94,2025-08
11976,2025-08-13,C1058,East,Bluetooth Speaker,Electronics,2,47.97,0.05,91.14,27.22,2025-08
11977,2025-08-13,C1266,East,Printer Ink,Electronics,1,26.61,0.0,26.61,6.73,2025-08
11978,2025-08-13,C1058,West,Notebook Pack,Stationery,3,8.22,0.05,23.43,12.52,2025-08
11979,2025-08-14,C1173,West,USB-C Cable,Accessories,1,11.78,0.0,11.78,3.72,2025-08
11980,2025-08-14,C1106,East,USB-C Cable,Accessories,4,12.36,0.0,49.44,21.58,2025-08
11981,2025-08-14,C1278,South,Water Bottle,Lifestyle,5,15.45,0.0,77.25,37.58,2025-08
11982,2025-08-14,C1110,East,Monitor Stand,Furniture,4,36.94,0.0,147.76,55.81,2025-08
11983,2025-08-14,C1210,North,USB-C Cable,Accessories,4,12.05,0.0,48.2,20.59,2025-08
11984,2025-08-14,C1104,West,Laptop Sleeve,Accessories,3,16.93,0.05,48.25,21.0,2025-08
11985,2025-08-15,C1174,South,Printer Ink,Electronics,2,28.29,0.0,56.58,17.14,2025-08
11986,2025-08-15,C1121,West,Bluetooth Speaker,Electronics,3,46.07,0.0,138.21,42.53,2025-08
11987,2025-08-15,C1057,East,Notebook Pack,Stationery,4,7.54,0.0,30.16,15.16,2025-08
11988,2025-08-15,C1152,West,Bluetooth Speaker,Electronics,1,42.49,0.0,42.49,12.79,2025-08
11989,2025-08-15,C1164,East,Printer Ink,Electronics,2,27.41,0.0,54.82,17.34,2025-08
11990,2025-08-15,C1286,South,USB-C Cable,Accessories,2,11.49,0.0,22.98,9.44,2025-08
11991,2025-08-15,C1243,North,Notebook Pack,Stationery,4,8.17,0.0,32.68,16.43,2025-08
11992,2025-08-15,C1144,West,USB-C Cable,Accessories,4,11.36,0.0,45.44,19.0,2025-08
11993,2025-08-15,C1145,South,Notebook Pack,Stationery,5,8.3,0.0,41.5,22.2,2025-08
11994,2025-08-16,C1284,North,USB-C Cable,Accessories,1,12.67,0.0,12.67,5.44,2025-08
11995,2025-08-16,C1199,West,Wireless Mouse,Accessories,1,25.18,0.0,25.18,10.76,2025-08
11996,2025-08-16,C1207,East,Wireless Mouse,Accessories,3,26.27,0.0,78.81,35.2,2025-08
11997,2025-08-16,C1001,West,Desk Lamp,Furniture,4,32.77,0.0,131.08,48.64,2025-08
11998,2025-08-16,C1292,East,Wireless Mouse,Accessories,4,23.92,0.0,95.68,41.22,2025-08
11999,2025-08-16,C1119,North,Bluetooth Speaker,Electronics,1,47.54,0.0,47.54,13.82,2025-08
12000,2025-08-16,C1186,West,Bluetooth Speaker,Electronics,1,46.97,0.0,46.97,14.95,2025-08
12001,2025-08-16,C1195,West,Bluetooth Speaker,Electronics,5,46.69,0.0,233.45,74.68,2025-08
12002,2025-08-17,C1290,East,Laptop Sleeve,Accessories,3,18.43,0.0,55.29,23.96,2025-08
12003,2025-08-17,C1076,North,Wireless Mouse,Accessories,3,25.27,0.0,75.81,33.09,2025-08
12004,2025-08-17,C1232,North,Wireless Mouse,Accessories,7,23.55,0.0,164.85,72.47,2025-08
12005,2025-08-17,C1160,North,USB-C Cable,Accessories,5,11.3,0.0,56.5,24.7,2025-08
12006,2025-08-17,C1198,West,Laptop Sleeve,Accessories,4,17.2,0.0,68.8,30.1,2025-08
12007,2025-08-17,C1086,West,USB-C Cable,Accessories,4,11.12,0.0,44.48,18.65,2025-08
12008,2025-08-17,C1182,North,Laptop Sleeve,Accessories,2,17.53,0.0,35.06,14.34,2025-08
12009,2025-08-17,C1158,West,Desk Lamp,Furniture,4,32.62,0.15,110.91,41.4,2025-08
12010,2025-08-17,C1130,North,Bluetooth Speaker,Electronics,2,43.51,0.05,82.67,25.78,2025-08
12011,2025-08-17,C1263,West,Notebook Pack,Stationery,2,7.56,0.0,15.12,8.05,2025-08
12012,2025-08-17,C1258,West,Wireless Mouse,Accessories,4,23.97,0.05,91.09,39.16,2025-08
12013,2025-08-17,C1124,East,Monitor Stand,Furniture,2,40.62,0.05,77.18,28.38,2025-08
12014,2025-08-18,C1048,West,Notebook Pack,Stationery,3,8.3,0.0,24.9,12.48,2025-08
12015,2025-08-18,C1015,West,USB-C Cable,Accessories,1,11.11,0.15,9.44,2.96,2025-08
12016,2025-08-18,C1135,South,Desk Lamp,Furniture,3,34.18,0.0,102.54,38.76,2025-08
12017,2025-08-18,C1061,North,Bluetooth Speaker,Electronics,1,43.07,0.0,43.07,12.35,2025-08
12018,2025-08-18,C1227,West,Printer Ink,Electronics,2,27.73,0.0,55.46,15.79,2025-08
12019,2025-08-18,C1097,South,Bluetooth Speaker,Electronics,1,42.46,0.0,42.46,12.93,2025-08
12020,2025-08-18,C1009,North,Printer Ink,Electronics,5,29.23,0.0,146.15,45.64,2025-08
12021,2025-08-18,C1077,North,Laptop Sleeve,Accessories,2,16.82,0.0,33.64,13.36,2025-08
12022,2025-08-18,C1031,West,Printer Ink,Electronics,5,26.5,0.0,132.5,41.76,2025-08
12023,2025-08-18,C1148,South,Monitor Stand,Furniture,3,35.32,0.0,105.96,38.86,2025-08
12024,2025-08-18,C1144,West,Bluetooth Speaker,Electronics,4,41.96,0.0,167.84,52.97,2025-08
12025,2025-08-19,C1121,West,Wireless Mouse,Accessories,5,24.7,0.0,123.5,54.85,2025-08
12026,2025-08-19,C1018,South,Laptop Sleeve,Accessories,2,19.13,0.0,38.26,16.25,2025-08
12027,2025-08-19,C1278,West,Notebook Pack,Stationery,4,7.91,0.0,31.64,15.42,2025-08
12028,2025-08-19,C1248,West,Office Chair,Furniture,4,110.46,0.0,441.84,166.7,2025-08
12029,2025-08-19,C1164,North,Notebook Pack,Stationery,2,7.76,0.0,15.52,7.23,2025-08
12030,2025-08-19,C1166,North,Notebook Pack,Stationery,4,8.58,0.05,32.6,17.41,2025-08
12031,2025-08-19,C1035,South,Printer Ink,Electronics,2,27.31,0.05,51.89,15.35,2025-08
12032,2025-08-19,C1011,North,Laptop Sleeve,Accessories,1,17.74,0.0,17.74,7.58,2025-08
12033,2025-08-19,C1165,East,Laptop Sleeve,Accessories,2,18.22,0.0,36.44,15.06,2025-08
12034,2025-08-19,C1017,South,Monitor Stand,Furniture,3,38.32,0.0,114.96,43.44,2025-08
12035,2025-08-20,C1292,South,Wireless Mouse,Accessories,3,23.95,0.0,71.85,31.74,2025-08
12036,2025-08-20,C1007,East,Desk Lamp,Furniture,3,31.35,0.0,94.05,34.83,2025-08
12037,2025-08-20,C1096,North,Laptop Sleeve,Accessories,1,19.0,0.0,19.0,6.58,2025-08
12038,2025-08-20,C1193,North,Bluetooth Speaker,Electronics,4,44.05,0.0,176.2,55.53,2025-08
12039,2025-08-20,C1065,West,Monitor Stand,Furniture,2,37.22,0.0,74.44,28.09,2025-08
12040,2025-08-20,C1214,West,Bluetooth Speaker,Electronics,2,48.52,0.0,97.04,30.01,2025-08
12041,2025-08-20,C1143,East,Notebook Pack,Stationery,5,8.24,0.0,41.2,21.55,2025-08
12042,2025-08-20,C1082,West,Laptop Sleeve,Accessories,2,18.03,0.0,36.06,16.11,2025-08
12043,2025-08-20,C1144,West,Notebook Pack,Stationery,3,7.64,0.0,22.92,11.11,2025-08
12044,2025-08-20,C1279,North,Notebook Pack,Stationery,3,8.14,0.0,24.42,13.04,2025-08
12045,2025-08-20,C1228,South,Printer Ink,Electronics,3,29.6,0.0,88.8,27.69,2025-08
12046,2025-08-20,C1136,South,Desk Lamp,Furniture,5,31.1,0.1,139.95,51.82,2025-08
12047,2025-08-20,C1258,West,Printer Ink,Electronics,3,27.06,0.0,81.18,24.73,2025-08
12048,2025-08-20,C1156,South,Bluetooth Speaker,Electronics,3,45.64,0.0,136.92,41.92,2025-08
12049,2025-08-21,C1177,West,USB-C Cable,Accessories,4,12.95,0.0,51.8,21.86,2025-08
12050,2025-08-21,C1255,North,Laptop Sleeve,Accessories,5,17.08,0.0,85.4,38.42,2025-08
12051,2025-08-21,C1222,West,Monitor Stand,Furniture,2,38.63,0.0,77.26,27.39,2025-08
12052,2025-08-21,C1013,West,Wireless Mouse,Accessories,1,25.64,0.0,25.64,9.94,2025-08
12053,2025-08-21,C1035,West,Laptop Sleeve,Accessories,4,17.19,0.0,68.76,30.68,2025-08
12054,2025-08-21,C1255,South,Laptop Sleeve,Accessories,5,16.86,0.0,84.3,37.21,2025-08
12055,2025-08-21,C1167,South,USB-C Cable,Accessories,4,11.72,0.0,46.88,19.63,2025-08
12056,2025-08-22,C1131,East,Desk Lamp,Furniture,3,30.52,0.0,91.56,34.04,2025-08
12057,2025-08-22,C1010,South,Desk Lamp,Furniture,5,34.54,0.0,172.7,63.87,2025-08
12058,2025-08-22,C1025,East,Desk Lamp,Furniture,2,34.06,0.0,68.12,25.71,2025-08
12059,2025-08-22,C1242,North,Wireless Mouse,Accessories,3,26.43,0.0,79.29,35.34,2025-08
12060,2025-08-22,C1025,West,Monitor Stand,Furniture,1,36.59,0.0,36.59,12.84,2025-08
12061,2025-08-22,C1140,South,USB-C Cable,Accessories,3,12.56,0.0,37.68,15.06,2025-08
12062,2025-08-22,C1257,North,USB-C Cable,Accessories,4,11.62,0.0,46.48,20.57,2025-08
12063,2025-08-22,C1274,South,Wireless Mouse,Accessories,5,25.84,0.0,129.2,57.31,2025-08
12064,2025-08-22,C1086,North,Office Chair,Furniture,4,114.05,0.0,456.2,171.46,2025-08
12065,2025-08-22,C1250,West,Monitor Stand,Furniture,2,37.99,0.0,75.98,28.57,2025-08
12066,2025-08-22,C1015,East,Notebook Pack,Stationery,3,8.33,0.0,24.99,13.31,2025-08
12067,2025-08-22,C1277,North,Water Bottle,Lifestyle,3,14.49,0.0,43.47,20.02,2025-08
12068,2025-08-23,C1031,North,Bluetooth Speaker,Electronics,4,42.17,0.0,168.68,52.66,2025-08
12069,2025-08-23,C1024,South,Laptop Sleeve,Accessories,2,17.15,0.0,34.3,14.1,2025-08
12070,2025-08-23,C1009,East,Printer Ink,Electronics,3,28.11,0.0,84.33,26.85,2025-08
12071,2025-08-23,C1012,West,Desk Lamp,Furniture,5,31.6,0.0,158.0,58.15,2025-08
12072,2025-08-23,C1285,West,Laptop Sleeve,Accessories,4,19.11,0.0,76.44,33.25,2025-08
12073,2025-08-23,C1042,West,Office Chair,Furniture,5,116.75,0.0,583.75,221.67,2025-08
12074,2025-08-23,C1206,South,Desk Lamp,Furniture,2,34.0,0.0,68.0,24.72,2025-08
12075,2025-08-23,C1086,South,Laptop Sleeve,Accessories,3,18.96,0.0,56.88,25.47,2025-08
12076,2025-08-23,C1152,West,Notebook Pack,Stationery,5,8.17,0.0,40.85,22.24,2025-08
12077,2025-08-23,C1189,South,Wireless Mouse,Accessories,3,26.92,0.0,80.76,34.95,2025-08
12078,2025-08-23,C1286,East,Bluetooth Speaker,Electronics,5,44.67,0.05,212.18,66.99,2025-08
12079,2025-08-23,C1071,West,Notebook Pack,Stationery,3,8.11,0.0,24.33,13.31,2025-08
12080,2025-08-23,C1172,North,Bluetooth Speaker,Electronics,6,42.79,0.0,256.74,80.74,2025-08
12081,2025-08-23,C1033,East,Printer Ink,Electronics,1,27.92,0.0,27.92,8.11,2025-08
12082,2025-08-23,C1127,North,Desk Lamp,Furniture,3,31.44,0.0,94.32,35.55,2025-08
12083,2025-08-24,C1035,North,Bluetooth Speaker,Electronics,3,41.42,0.1,111.83,35.63,2025-08
12084,2025-08-24,C1222,North,Office Chair,Furniture,1,120.68,0.15,102.58,37.5,2025-08
12085,2025-08-24,C1203,West,USB-C Cable,Accessories,2,12.53,0.05,23.81,9.47,2025-08
12086,2025-08-24,C1088,West,Bluetooth Speaker,Electronics,4,45.19,0.0,180.76,56.23,2025-08
12087,2025-08-24,C1189,North,Bluetooth Speaker,Electronics,4,47.6,0.0,190.4,60.17,2025-08
12088,2025-08-24,C1006,West,USB-C Cable,Accessories,3,11.26,0.0,33.78,14.49,2025-08
12089,2025-08-24,C1269,East,USB-C Cable,Accessories,4,11.68,0.05,44.38,19.92,2025-08
12090,2025-08-24,C1084,South,Wireless Mouse,Accessories,5,23.4,0.05,111.15,48.34,2025-08
12091,2025-08-24,C1094,East,USB-C Cable,Accessories,3,12.4,0.0,37.2,15.03,2025-08
12092,2025-08-24,C1238,East,Laptop Sleeve,Accessories,7,19.2,0.0,134.4,59.82,2025-08
12093,2025-08-25,C1237,East,Monitor Stand,Furniture,4,36.7,0.0,146.8,54.27,2025-08
12094,2025-08-25,C1288,South,Bluetooth Speaker,Electronics,5,43.85,0.05,208.29,65.88,2025-08
12095,2025-08-25,C1238,West,Monitor Stand,Furniture,2,35.34,0.05,67.15,24.38,2025-08
12096,2025-08-25,C1233,West,Laptop Sleeve,Accessories,3,17.34,0.0,52.02,21.55,2025-08
12097,2025-08-25,C1115,North,Water Bottle,Lifestyle,3,14.88,0.1,40.18,18.53,2025-08
12098,2025-08-25,C1185,West,USB-C Cable,Accessories,2,11.28,0.0,22.56,8.81,2025-08
12099,2025-08-26,C1211,East,Monitor Stand,Furniture,2,37.04,0.0,74.08,27.61,2025-08
12100,2025-08-26,C1260,West,Wireless Mouse,Accessories,2,23.9,0.0,47.8,20.54,2025-08
12101,2025-08-26,C1002,West,Bluetooth Speaker,Electronics,3,48.01,0.0,144.03,44.68,2025-08
12102,2025-08-26,C1237,East,Bluetooth Speaker,Electronics,3,47.09,0.0,141.27,44.48,2025-08
12103,2025-08-26,C1236,South,Water Bottle,Lifestyle,4,16.02,0.0,64.08,31.01,2025-08
12104,2025-08-26,C1057,South,USB-C Cable,Accessories,2,12.29,0.0,24.58,10.29,2025-08
12105,2025-08-26,C1128,South,Bluetooth Speaker,Electronics,3,42.88,0.0,128.64,39.57,2025-08
12106,2025-08-26,C1242,North,Wireless Mouse,Accessories,3,26.33,0.0,78.99,35.04,2025-08
12107,2025-08-26,C1065,East,Notebook Pack,Stationery,2,7.85,0.0,15.7,7.59,2025-08
12108,2025-08-26,C1149,West,Office Chair,Furniture,4,122.01,0.0,488.04,185.41,2025-08
12109,2025-08-26,C1034,North,Laptop Sleeve,Accessories,1,17.82,0.05,16.93,6.45,2025-08
12110,2025-08-26,C1077,West,Bluetooth Speaker,Electronics,3,42.24,0.0,126.72,40.08,2025-08
12111,2025-08-27,C1113,South,Notebook Pack,Stationery,3,7.98,0.0,23.94,11.74,2025-08
12112,2025-08-27,C1125,West,Notebook Pack,Stationery,2,8.03,0.0,16.06,8.22,2025-08
12113,2025-08-27,C1122,South,Notebook Pack,Stationery,5,8.35,0.0,41.75,21.43,2025-08
12114,2025-08-27,C1161,West,Notebook Pack,Stationery,3,7.74,0.0,23.22,11.35,2025-08
12115,2025-08-27,C1207,South,Laptop Sleeve,Accessories,5,18.08,0.0,90.4,40.68,2025-08
12116,2025-08-27,C1006,West,USB-C Cable,Accessories,1,12.78,0.1,11.5,4.05,2025-08
12117,2025-08-27,C1029,East,Laptop Sleeve,Accessories,3,18.53,0.0,55.59,24.75,2025-08
12118,2025-08-27,C1003,North,Bluetooth Speaker,Electronics,4,43.51,0.0,174.04,55.42,2025-08
12119,2025-08-27,C1001,North,Printer Ink,Electronics,1,28.43,0.1,25.59,6.97,2025-08
12120,2025-08-28,C1245,West,Desk Lamp,Furniture,3,30.35,0.0,91.05,33.61,2025-08
12121,2025-08-28,C1215,West,Wireless Mouse,Accessories,2,26.69,0.0,53.38,23.63,2025-08
12122,2025-08-28,C1064,North,Laptop Sleeve,Accessories,4,19.17,0.0,76.68,33.71,2025-08
12123,2025-08-28,C1281,South,Notebook Pack,Stationery,3,7.48,0.0,22.44,11.93,2025-08
12124,2025-08-28,C1026,North,Monitor Stand,Furniture,3,39.29,0.0,117.87,43.9,2025-08
12125,2025-08-28,C1087,North,Bluetooth Speaker,Electronics,4,41.82,0.05,158.92,50.66,2025-08
12126,2025-08-28,C1253,West,Wireless Mouse,Accessories,1,24.19,0.0,24.19,9.49,2025-08
12127,2025-08-28,C1120,West,Office Chair,Furniture,4,113.71,0.0,454.84,171.33,2025-08
12128,2025-08-28,C1149,North,Wireless Mouse,Accessories,2,25.11,0.15,42.69,18.03,2025-08
12129,2025-08-28,C1003,South,Notebook Pack,Stationery,1,7.87,0.0,7.87,3.75,2025-08
12130,2025-08-28,C1267,North,Laptop Sleeve,Accessories,2,17.26,0.0,34.52,14.59,2025-08
12131,2025-08-28,C1219,North,Desk Lamp,Furniture,3,33.69,0.0,101.07,37.74,2025-08
12132,2025-08-29,C1198,North,Notebook Pack,Stationery,3,7.4,0.0,22.2,11.05,2025-08
12133,2025-08-29,C1061,North,Desk Lamp,Furniture,2,31.51,0.05,59.87,21.82,2025-08
12134,2025-08-29,C1284,South,Monitor Stand,Furniture,2,38.63,0.0,77.26,28.3,2025-08
12135,2025-08-29,C1076,East,Monitor Stand,Furniture,4,37.0,0.0,148.0,55.33,2025-08
12136,2025-08-29,C1050,South,Bluetooth Speaker,Electronics,1,46.65,0.0,46.65,13.62,2025-08
12137,2025-08-29,C1064,West,Notebook Pack,Stationery,2,7.88,0.0,15.76,6.88,2025-08
12138,2025-08-29,C1119,East,Printer Ink,Electronics,2,29.84,0.05,56.7,16.97,2025-08
12139,2025-08-29,C1194,South,Laptop Sleeve,Accessories,3,19.24,0.05,54.83,23.4,2025-08
12140,2025-08-29,C1262,North,Laptop Sleeve,Accessories,2,18.99,0.15,32.28,13.79,2025-08
12141,2025-08-29,C1120,East,Laptop Sleeve,Accessories,3,17.16,0.0,51.48,21.58,2025-08
12142,2025-08-29,C1271,West,Desk Lamp,Furniture,3,33.44,0.0,100.32,37.49,2025-08
12143,2025-08-30,C1263,South,Desk Lamp,Furniture,3,30.49,0.0,91.47,34.01,2025-08
12144,2025-08-30,C1128,East,Laptop Sleeve,Accessories,3,17.16,0.1,46.33,20.74,2025-08
12145,2025-08-30,C1178,West,Wireless Mouse,Accessories,4,26.38,0.0,105.52,47.41,2025-08
12146,2025-08-30,C1174,North,Printer Ink,Electronics,3,29.17,0.0,87.51,27.93,2025-08
12147,2025-08-30,C1051,East,Water Bottle,Lifestyle,4,14.15,0.0,56.6,26.39,2025-08
12148,2025-08-30,C1055,West,Laptop Sleeve,Accessories,4,19.1,0.0,76.4,33.82,2025-08
12149,2025-08-30,C1136,East,Monitor Stand,Furniture,2,37.84,0.05,71.9,26.84,2025-08
12150,2025-08-30,C1292,East,Desk Lamp,Furniture,2,32.49,0.0,64.98,24.04,2025-08
12151,2025-08-30,C1057,East,Bluetooth Speaker,Electronics,2,44.5,0.05,84.55,26.92,2025-08
12152,2025-08-30,C1070,North,Monitor Stand,Furniture,3,35.05,0.0,105.15,39.61,2025-08
12153,2025-08-31,C1233,West,Notebook Pack,Stationery,6,8.27,0.15,42.18,21.73,2025-08
12154,2025-08-31,C1259,East,Desk Lamp,Furniture,4,34.26,0.0,137.04,51.6,2025-08
12155,2025-08-31,C1216,South,Laptop Sleeve,Accessories,3,18.48,0.1,49.9,20.63,2025-08
12156,2025-08-31,C1118,North,Laptop Sleeve,Accessories,2,16.78,0.0,33.56,13.47,2025-08
12157,2025-08-31,C1296,East,USB-C Cable,Accessories,4,11.45,0.0,45.8,18.66,2025-08
12158,2025-08-31,C1102,North,Laptop Sleeve,Accessories,3,16.98,0.0,50.94,22.72,2025-08
12159,2025-08-31,C1131,North,Water Bottle,Lifestyle,5,14.96,0.0,74.8,36.39,2025-08
12160,2025-09-01,C1164,North,Bluetooth Speaker,Electronics,1,43.78,0.0,43.78,12.76,2025-09
12161,2025-09-01,C1086,East,Desk Lamp,Furniture,1,33.35,0.0,33.35,11.76,2025-09
12162,2025-09-01,C1018,South,Bluetooth Speaker,Electronics,4,47.25,0.0,189.0,58.68,2025-09
12163,2025-09-01,C1129,North,Monitor Stand,Furniture,1,35.91,0.0,35.91,12.85,2025-09
12164,2025-09-01,C1111,North,Printer Ink,Electronics,3,29.25,0.1,78.98,23.84,2025-09
12165,2025-09-01,C1132,North,Laptop Sleeve,Accessories,3,17.59,0.05,50.13,22.3,2025-09
12166,2025-09-01,C1004,West,Bluetooth Speaker,Electronics,2,43.33,0.0,86.66,26.71,2025-09
12167,2025-09-01,C1247,South,Monitor Stand,Furniture,3,40.89,0.0,122.67,45.94,2025-09
12168,2025-09-01,C1059,West,Bluetooth Speaker,Electronics,2,45.27,0.0,90.54,27.86,2025-09
12169,2025-09-02,C1095,South,Printer Ink,Electronics,4,25.81,0.05,98.08,31.11,2025-09
12170,2025-09-02,C1234,North,Wireless Mouse,Accessories,3,24.75,0.1,66.82,28.49,2025-09
12171,2025-09-02,C1113,North,Notebook Pack,Stationery,3,8.52,0.0,25.56,13.92,2025-09
12172,2025-09-02,C1001,North,Laptop Sleeve,Accessories,1,18.79,0.0,18.79,7.25,2025-09
12173,2025-09-02,C1156,East,Notebook Pack,Stationery,1,7.9,0.0,7.9,4.21,2025-09
12174,2025-09-02,C1142,East,Office Chair,Furniture,3,124.35,0.0,373.05,141.73,2025-09
12175,2025-09-02,C1254,North,Laptop Sleeve,Accessories,3,18.36,0.0,55.08,24.32,2025-09
12176,2025-09-02,C1298,North,Bluetooth Speaker,Electronics,2,44.26,0.0,88.52,27.98,2025-09
12177,2025-09-03,C1186,West,Laptop Sleeve,Accessories,1,16.97,0.0,16.97,6.43,2025-09
12178,2025-09-03,C1018,South,Desk Lamp,Furniture,2,29.62,0.0,59.24,20.89,2025-09
12179,2025-09-03,C1270,West,Notebook Pack,Stationery,2,7.44,0.0,14.88,6.7,2025-09
12180,2025-09-03,C1071,South,Notebook Pack,Stationery,2,7.77,0.05,14.76,6.57,2025-09
12181,2025-09-03,C1051,North,Notebook Pack,Stationery,3,7.42,0.0,22.26,11.42,2025-09
12182,2025-09-03,C1011,West,Wireless Mouse,Accessories,1,24.16,0.0,24.16,10.55,2025-09
12183,2025-09-03,C1070,South,Laptop Sleeve,Accessories,3,17.92,0.0,53.76,22.57,2025-09
12184,2025-09-03,C1084,North,Wireless Mouse,Accessories,2,25.66,0.0,51.32,22.86,2025-09
12185,2025-09-04,C1017,East,Office Chair,Furniture,4,123.51,0.15,419.93,157.76,2025-09
12186,2025-09-04,C1114,West,Bluetooth Speaker,Electronics,5,42.33,0.0,211.65,66.43,2025-09
12187,2025-09-04,C1296,West,Laptop Sleeve,Accessories,5,17.06,0.05,81.04,34.87,2025-09
12188,2025-09-04,C1231,South,Bluetooth Speaker,Electronics,4,42.58,0.0,170.32,54.49,2025-09
12189,2025-09-04,C1010,North,Desk Lamp,Furniture,3,33.49,0.0,100.47,36.31,2025-09
12190,2025-09-04,C1058,West,Monitor Stand,Furniture,3,39.29,0.15,100.19,37.0,2025-09
12191,2025-09-05,C1276,West,Wireless Mouse,Accessories,1,23.04,0.0,23.04,8.79,2025-09
12192,2025-09-05,C1123,West,Water Bottle,Lifestyle,2,14.42,0.1,25.96,12.36,2025-09
12193,2025-09-05,C1048,East,Notebook Pack,Stationery,4,7.77,0.0,31.08,16.84,2025-09
12194,2025-09-05,C1205,North,USB-C Cable,Accessories,2,11.28,0.1,20.3,7.5,2025-09
12195,2025-09-05,C1131,West,Water Bottle,Lifestyle,4,14.2,0.0,56.8,27.71,2025-09
12196,2025-09-05,C1007,West,Bluetooth Speaker,Electronics,5,41.64,0.0,208.2,64.71,2025-09
12197,2025-09-05,C1269,North,Wireless Mouse,Accessories,5,23.22,0.0,116.1,51.86,2025-09
12198,2025-09-06,C1161,South,Printer Ink,Electronics,1,29.68,0.0,29.68,8.84,2025-09
12199,2025-09-06,C1170,South,Desk Lamp,Furniture,4,29.89,0.0,119.56,44.89,2025-09
12200,2025-09-06,C1165,South,Water Bottle,Lifestyle,4,14.17,0.05,53.85,26.71,2025-09
12201,2025-09-06,C1237,East,Laptop Sleeve,Accessories,4,18.06,0.0,72.24,31.02,2025-09
12202,2025-09-06,C1251,West,USB-C Cable,Accessories,2,12.25,0.0,24.5,9.33,2025-09
12203,2025-09-06,C1162,West,Water Bottle,Lifestyle,5,16.11,0.05,76.52,38.0,2025-09
12204,2025-09-06,C1286,East,Wireless Mouse,Accessories,5,23.84,0.0,119.2,53.34,2025-09
12205,2025-09-06,C1232,South,Wireless Mouse,Accessories,2,26.11,0.0,52.22,23.08,2025-09
12206,2025-09-06,C1157,West,Laptop Sleeve,Accessories,7,17.76,0.1,111.89,48.7,2025-09
12207,2025-09-06,C1114,West,USB-C Cable,Accessories,2,12.01,0.0,24.02,10.02,2025-09
12208,2025-09-06,C1194,North,Wireless Mouse,Accessories,1,25.85,0.0,25.85,11.19,2025-09
12209,2025-09-06,C1075,West,Notebook Pack,Stationery,5,8.53,0.0,42.65,22.72,2025-09
12210,2025-09-06,C1087,South,USB-C Cable,Accessories,5,12.92,0.05,61.37,27.53,2025-09
12211,2025-09-07,C1286,North,Printer Ink,Electronics,7,29.9,0.0,209.3,65.17,2025-09
12212,2025-09-07,C1122,West,Wireless Mouse,Accessories,2,24.98,0.0,49.96,22.2,2025-09
12213,2025-09-07,C1250,North,Bluetooth Speaker,Electronics,3,45.72,0.0,137.16,43.49,2025-09
12214,2025-09-07,C1209,East,Monitor Stand,Furniture,1,40.87,0.0,40.87,14.0,2025-09
12215,2025-09-07,C1185,North,Notebook Pack,Stationery,3,8.38,0.0,25.14,13.51,2025-09
12216,2025-09-07,C1049,East,Desk Lamp,Furniture,3,32.44,0.15,82.72,30.26,2025-09
12217,2025-09-07,C1057,West,Desk Lamp,Furniture,1,34.1,0.05,32.4,10.9,2025-09
12218,2025-09-07,C1240,North,USB-C Cable,Accessories,6,12.77,0.0,76.62,33.06,2025-09
12219,2025-09-08,C1294,West,Desk Lamp,Furniture,2,32.78,0.0,65.56,22.95,2025-09
12220,2025-09-08,C1234,West,Office Chair,Furniture,4,129.26,0.1,465.34,175.12,2025-09
12221,2025-09-08,C1177,East,Laptop Sleeve,Accessories,3,18.3,0.0,54.9,23.49,2025-09
12222,2025-09-08,C1065,West,Notebook Pack,Stationery,8,7.42,0.05,56.39,30.04,2025-09
12223,2025-09-08,C1131,South,Bluetooth Speaker,Electronics,3,46.52,0.0,139.56,44.24,2025-09
12224,2025-09-08,C1068,North,Laptop Sleeve,Accessories,2,17.12,0.05,32.53,13.5,2025-09
12225,2025-09-08,C1284,West,Laptop Sleeve,Accessories,2,18.37,0.05,34.9,14.52,2025-09
12226,2025-09-09,C1100,West,Wireless Mouse,Accessories,4,24.99,0.0,99.96,43.01,2025-09
12227,2025-09-09,C1013,West,Laptop Sleeve,Accessories,2,18.49,0.0,36.98,16.2,2025-09
12228,2025-09-09,C1213,East,Water Bottle,Lifestyle,2,15.69,0.0,31.38,14.19,2025-09
12229,2025-09-09,C1062,West,Wireless Mouse,Accessories,4,25.14,0.0,100.56,44.82,2025-09
12230,2025-09-10,C1197,North,Laptop Sleeve,Accessories,2,19.33,0.0,38.66,16.8,2025-09
12231,2025-09-10,C1221,South,USB-C Cable,Accessories,2,12.51,0.0,25.02,9.75,2025-09
12232,2025-09-10,C1046,North,Water Bottle,Lifestyle,7,14.92,0.05,99.22,48.05,2025-09
12233,2025-09-10,C1024,North,Laptop Sleeve,Accessories,4,18.64,0.1,67.1,30.18,2025-09
12234,2025-09-10,C1149,East,Office Chair,Furniture,4,126.5,0.15,430.1,162.49,2025-09
12235,2025-09-10,C1085,North,Laptop Sleeve,Accessories,4,17.71,0.0,70.84,31.0,2025-09
12236,2025-09-10,C1296,South,Notebook Pack,Stationery,3,7.49,0.0,22.47,12.26,2025-09
12237,2025-09-10,C1180,North,USB-C Cable,Accessories,2,12.65,0.0,25.3,11.26,2025-09
12238,2025-09-10,C1000,West,Desk Lamp,Furniture,2,32.99,0.0,65.98,24.12,2025-09
12239,2025-09-11,C1162,East,Monitor Stand,Furniture,2,37.12,0.1,66.82,23.4,2025-09
12240,2025-09-11,C1029,North,Printer Ink,Electronics,4,29.38,0.0,117.52,36.07,2025-09
12241,2025-09-11,C1218,West,USB-C Cable,Accessories,2,12.82,0.0,25.64,10.71,2025-09
12242,2025-09-11,C1147,West,Wireless Mouse,Accessories,5,23.02,0.05,109.34,48.5,2025-09
12243,2025-09-11,C1129,East,Bluetooth Speaker,Electronics,3,46.63,0.0,139.89,44.74,2025-09
12244,2025-09-11,C1288,West,Laptop Sleeve,Accessories,2,17.41,0.0,34.82,14.62,2025-09
12245,2025-09-11,C1113,South,Wireless Mouse,Accessories,3,24.2,0.0,72.6,31.43,2025-09
12246,2025-09-11,C1166,South,Office Chair,Furniture,4,116.08,0.0,464.32,174.73,2025-09
12247,2025-09-12,C1256,North,Laptop Sleeve,Accessories,3,19.2,0.0,57.6,25.07,2025-09
12248,2025-09-12,C1112,East,Wireless Mouse,Accessories,3,24.87,0.0,74.61,32.21,2025-09
12249,2025-09-12,C1235,West,Office Chair,Furniture,3,119.95,0.0,359.85,136.66,2025-09
12250,2025-09-12,C1084,West,Notebook Pack,Stationery,4,8.62,0.05,32.76,16.7,2025-09
12251,2025-09-12,C1254,West,Laptop Sleeve,Accessories,2,18.99,0.0,37.98,16.17,2025-09
12252,2025-09-12,C1228,East,Office Chair,Furniture,3,116.98,0.0,350.94,132.18,2025-09
12253,2025-09-12,C1036,South,Wireless Mouse,Accessories,2,25.04,0.0,50.08,20.85,2025-09
12254,2025-09-12,C1205,West,USB-C Cable,Accessories,2,12.85,0.0,25.7,10.01,2025-09
12255,2025-09-12,C1200,West,Wireless Mouse,Accessories,2,24.45,0.1,44.01,18.85,2025-09
12256,2025-09-12,C1079,South,Wireless Mouse,Accessories,3,23.87,0.0,71.61,30.88,2025-09
12257,2025-09-12,C1105,West,Laptop Sleeve,Accessories,4,19.03,0.0,76.12,32.44,2025-09
12258,2025-09-13,C1166,West,Notebook Pack,Stationery,4,7.67,0.1,27.61,14.92,2025-09
12259,2025-09-13,C1162,East,Desk Lamp,Furniture,2,33.27,0.0,66.54,24.68,2025-09
12260,2025-09-13,C1014,South,Notebook Pack,Stationery,3,7.95,0.0,23.85,11.63,2025-09
12261,2025-09-13,C1062,West,Bluetooth Speaker,Electronics,1,44.83,0.0,44.83,13.09,2025-09
12262,2025-09-13,C1249,West,Desk Lamp,Furniture,3,29.6,0.0,88.8,32.43,2025-09
12263,2025-09-13,C1205,West,Laptop Sleeve,Accessories,4,18.75,0.0,75.0,32.35,2025-09
12264,2025-09-13,C1058,East,Wireless Mouse,Accessories,2,26.36,0.0,52.72,22.03,2025-09
12265,2025-09-13,C1018,West,Monitor Stand,Furniture,3,37.3,0.0,111.9,41.07,2025-09
12266,2025-09-13,C1283,South,Printer Ink,Electronics,2,26.49,0.0,52.98,15.17,2025-09
12267,2025-09-13,C1196,North,USB-C Cable,Accessories,2,12.42,0.0,24.84,10.29,2025-09
12268,2025-09-13,C1051,South,Notebook Pack,Stationery,2,8.24,0.0,16.48,8.51,2025-09
12269,2025-09-13,C1130,North,Monitor Stand,Furniture,3,34.98,0.05,99.69,37.23,2025-09
12270,2025-09-13,C1060,West,Laptop Sleeve,Accessories,3,17.78,0.0,53.34,23.3,2025-09
12271,2025-09-13,C1046,South,Notebook Pack,Stationery,4,8.37,0.0,33.48,17.88,2025-09
12272,2025-09-14,C1257,West,Desk Lamp,Furniture,3,31.74,0.1,85.7,30.74,2025-09
12273,2025-09-14,C1026,West,Bluetooth Speaker,Electronics,3,48.27,0.0,144.81,44.8,2025-09
12274,2025-09-14,C1066,North,Wireless Mouse,Accessories,3,23.53,0.1,63.53,28.33,2025-09
12275,2025-09-14,C1255,West,Bluetooth Speaker,Electronics,2,41.47,0.0,82.94,25.11,2025-09
12276,2025-09-14,C1204,West,Wireless Mouse,Accessories,3,25.41,0.0,76.23,33.39,2025-09
12277,2025-09-14,C1290,West,Printer Ink,Electronics,3,29.0,0.0,87.0,26.87,2025-09
12278,2025-09-14,C1041,East,Monitor Stand,Furniture,2,37.21,0.0,74.42,27.72,2025-09
12279,2025-09-14,C1267,North,Office Chair,Furniture,3,114.71,0.0,344.13,129.21,2025-09
12280,2025-09-14,C1015,North,Desk Lamp,Furniture,5,33.77,0.0,168.85,62.35,2025-09
12281,2025-09-14,C1168,North,Monitor Stand,Furniture,3,35.44,0.0,106.32,39.62,2025-09
12282,2025-09-14,C1229,North,Notebook Pack,Stationery,3,7.44,0.0,22.32,12.02,2025-09
12283,2025-09-14,C1051,North,USB-C Cable,Accessories,4,12.48,0.0,49.92,20.91,2025-09
12284,2025-09-14,C1204,West,Printer Ink,Electronics,2,29.07,0.0,58.14,16.71,2025-09
12285,2025-09-15,C1247,North,Office Chair,Furniture,3,124.14,0.0,372.42,141.19,2025-09
12286,2025-09-15,C1051,West,Water Bottle,Lifestyle,3,14.46,0.1,39.04,18.1,2025-09
12287,2025-09-15,C1004,East,Desk Lamp,Furniture,3,31.07,0.15,79.23,28.95,2025-09
12288,2025-09-15,C1197,West,Laptop Sleeve,Accessories,2,18.76,0.05,35.64,14.86,2025-09
12289,2025-09-15,C1087,East,Laptop Sleeve,Accessories,4,18.47,0.0,73.88,31.4,2025-09
12290,2025-09-15,C1072,South,Printer Ink,Electronics,3,28.07,0.15,71.58,21.3,2025-09
12291,2025-09-16,C1069,West,Wireless Mouse,Accessories,3,24.13,0.0,72.39,31.6,2025-09
12292,2025-09-16,C1188,East,Laptop Sleeve,Accessories,3,17.88,0.0,53.64,22.61,2025-09
12293,2025-09-16,C1224,West,Desk Lamp,Furniture,3,32.78,0.0,98.34,36.43,2025-09
12294,2025-09-16,C1206,East,Wireless Mouse,Accessories,4,23.07,0.1,83.05,35.72,2025-09
12295,2025-09-16,C1151,West,Office Chair,Furniture,2,117.89,0.0,235.78,88.26,2025-09
12296,2025-09-16,C1194,South,Water Bottle,Lifestyle,3,14.43,0.0,43.29,21.36,2025-09
12297,2025-09-16,C1176,West,Bluetooth Speaker,Electronics,1,48.01,0.05,45.61,12.78,2025-09
12298,2025-09-16,C1272,North,Notebook Pack,Stationery,3,8.03,0.0,24.09,11.33,2025-09
12299,2025-09-16,C1175,East,USB-C Cable,Accessories,3,12.74,0.0,38.22,17.12,2025-09
12300,2025-09-16,C1096,North,Bluetooth Speaker,Electronics,2,46.3,0.0,92.6,28.01,2025-09
12301,2025-09-16,C1169,South,Water Bottle,Lifestyle,2,16.12,0.0,32.24,15.74,2025-09
12302,2025-09-16,C1274,East,Wireless Mouse,Accessories,2,26.19,0.0,52.38,22.59,2025-09
12303,2025-09-16,C1207,South,Desk Lamp,Furniture,2,34.44,0.0,68.88,25.87,2025-09
12304,2025-09-17,C1050,East,USB-C Cable,Accessories,5,11.58,0.0,57.9,25.19,2025-09
12305,2025-09-17,C1293,East,Monitor Stand,Furniture,1,35.09,0.0,35.09,12.12,2025-09
12306,2025-09-17,C1112,East,Monitor Stand,Furniture,3,36.99,0.0,110.97,40.78,2025-09
12307,2025-09-17,C1008,South,Monitor Stand,Furniture,4,39.45,0.1,142.02,53.5,2025-09
12308,2025-09-17,C1003,West,Printer Ink,Electronics,3,27.48,0.05,78.32,23.52,2025-09
12309,2025-09-17,C1278,North,Printer Ink,Electronics,1,26.37,0.0,26.37,8.14,2025-09
12310,2025-09-17,C1236,South,USB-C Cable,Accessories,2,12.52,0.15,21.28,8.9,2025-09
12311,2025-09-17,C1215,West,Wireless Mouse,Accessories,7,23.25,0.0,162.75,72.98,2025-09
12312,2025-09-18,C1089,North,Office Chair,Furniture,3,122.31,0.0,366.93,137.87,2025-09
12313,2025-09-18,C1178,South,Office Chair,Furniture,5,125.49,0.0,627.45,236.89,2025-09
12314,2025-09-18,C1211,North,Laptop Sleeve,Accessories,3,18.46,0.0,55.38,23.61,2025-09
12315,2025-09-18,C1117,West,Notebook Pack,Stationery,4,8.09,0.15,27.51,13.14,2025-09
12316,2025-09-18,C1243,West,Laptop Sleeve,Accessories,2,19.01,0.05,36.12,14.47,2025-09
12317,2025-09-18,C1002,East,Office Chair,Furniture,3,124.67,0.0,374.01,140.5,2025-09
12318,2025-09-18,C1148,East,Laptop Sleeve,Accessories,4,19.11,0.0,76.44,33.29,2025-09
12319,2025-09-18,C1060,South,USB-C Cable,Accessories,4,12.37,0.0,49.48,21.41,2025-09
12320,2025-09-18,C1205,West,Monitor Stand,Furniture,4,39.58,0.0,158.32,59.28,2025-09
12321,2025-09-18,C1140,East,Office Chair,Furniture,1,112.42,0.0,112.42,41.16,2025-09
12322,2025-09-18,C1156,East,Wireless Mouse,Accessories,1,26.62,0.05,25.29,9.93,2025-09
12323,2025-09-18,C1057,South,Wireless Mouse,Accessories,3,24.23,0.0,72.69,31.72,2025-09
12324,2025-09-18,C1247,North,Notebook Pack,Stationery,4,8.01,0.0,32.04,15.87,2025-09
12325,2025-09-18,C1060,North,Notebook Pack,Stationery,3,7.48,0.0,22.44,11.33,2025-09
12326,2025-09-18,C1083,North,Wireless Mouse,Accessories,2,23.71,0.0,47.42,20.34,2025-09
12327,2025-09-18,C1262,South,Bluetooth Speaker,Electronics,2,43.66,0.0,87.32,27.03,2025-09
12328,2025-09-19,C1162,North,Monitor Stand,Furniture,2,36.32,0.0,72.64,26.32,2025-09
12329,2025-09-19,C1166,West,Printer Ink,Electronics,4,27.31,0.15,92.85,28.15,2025-09
12330,2025-09-19,C1103,South,Notebook Pack,Stationery,3,8.22,0.0,24.66,11.82,2025-09
12331,2025-09-19,C1000,West,Bluetooth Speaker,Electronics,3,46.38,0.05,132.18,40.93,2025-09
12332,2025-09-19,C1096,North,USB-C Cable,Accessories,4,11.83,0.0,47.32,21.01,2025-09
12333,2025-09-19,C1202,West,Printer Ink,Electronics,5,26.64,0.0,133.2,42.18,2025-09
12334,2025-09-19,C1053,West,Water Bottle,Lifestyle,1,13.99,0.0,13.99,6.48,2025-09
12335,2025-09-19,C1100,North,Desk Lamp,Furniture,3,30.95,0.0,92.85,33.71,2025-09
12336,2025-09-19,C1124,South,Laptop Sleeve,Accessories,2,17.01,0.0,34.02,14.87,2025-09
12337,2025-09-19,C1260,East,Laptop Sleeve,Accessories,2,19.06,0.0,38.12,16.96,2025-09
12338,2025-09-19,C1078,North,Wireless Mouse,Accessories,6,25.03,0.0,150.18,66.66,2025-09
12339,2025-09-19,C1215,East,Laptop Sleeve,Accessories,7,16.59,0.0,116.13,51.39,2025-09
12340,2025-09-19,C1009,West,Office Chair,Furniture,5,125.01,0.0,625.05,236.86,2025-09
12341,2025-09-20,C1186,West,Printer Ink,Electronics,2,28.76,0.0,57.52,17.51,2025-09
12342,2025-09-20,C1180,North,Bluetooth Speaker,Electronics,6,43.49,0.0,260.94,81.91,2025-09
12343,2025-09-20,C1132,North,Wireless Mouse,Accessories,5,23.13,0.0,115.65,50.91,2025-09
12344,2025-09-20,C1200,South,USB-C Cable,Accessories,4,12.11,0.0,48.44,21.66,2025-09
12345,2025-09-20,C1136,South,Office Chair,Furniture,2,124.52,0.0,249.04,94.25,2025-09
12346,2025-09-20,C1117,West,Monitor Stand,Furniture,4,40.12,0.0,160.48,60.16,2025-09
12347,2025-09-20,C1060,North,Bluetooth Speaker,Electronics,2,47.21,0.0,94.42,30.0,2025-09
12348,2025-09-20,C1163,North,Wireless Mouse,Accessories,3,24.31,0.0,72.93,32.6,2025-09
12349,2025-09-20,C1188,East,Monitor Stand,Furniture,4,38.74,0.0,154.96,58.44,2025-09
12350,2025-09-21,C1161,West,Wireless Mouse,Accessories,3,24.94,0.0,74.82,31.9,2025-09
12351,2025-09-21,C1096,West,Wireless Mouse,Accessories,4,23.48,0.0,93.92,40.35,2025-09
12352,2025-09-21,C1017,West,Notebook Pack,Stationery,4,8.51,0.0,34.04,18.57,2025-09
12353,2025-09-21,C1118,East,Wireless Mouse,Accessories,3,23.9,0.0,71.7,32.0,2025-09
12354,2025-09-21,C1248,North,Notebook Pack,Stationery,1,8.05,0.0,8.05,3.88,2025-09
12355,2025-09-21,C1046,South,Notebook Pack,Stationery,2,8.48,0.1,15.26,7.16,2025-09
12356,2025-09-22,C1124,North,Bluetooth Speaker,Electronics,3,48.2,0.1,130.14,41.15,2025-09
12357,2025-09-22,C1180,North,Wireless Mouse,Accessories,4,23.83,0.0,95.32,40.96,2025-09
12358,2025-09-22,C1244,South,Wireless Mouse,Accessories,3,25.39,0.0,76.17,32.32,2025-09
12359,2025-09-22,C1177,South,USB-C Cable,Accessories,2,12.65,0.0,25.3,11.12,2025-09
12360,2025-09-22,C1201,South,Laptop Sleeve,Accessories,2,17.55,0.1,31.59,14.15,2025-09
12361,2025-09-22,C1075,North,USB-C Cable,Accessories,4,11.45,0.0,45.8,19.77,2025-09
12362,2025-09-22,C1268,West,Desk Lamp,Furniture,1,30.96,0.1,27.86,9.73,2025-09
12363,2025-09-22,C1282,South,Wireless Mouse,Accessories,5,26.1,0.0,130.5,58.47,2025-09
12364,2025-09-22,C1259,North,Laptop Sleeve,Accessories,2,18.76,0.0,37.52,15.56,2025-09
12365,2025-09-22,C1166,West,Notebook Pack,Stationery,3,7.76,0.0,23.28,12.07,2025-09
12366,2025-09-22,C1050,West,Laptop Sleeve,Accessories,4,18.11,0.0,72.44,31.64,2025-09
12367,2025-09-23,C1029,West,Monitor Stand,Furniture,3,37.41,0.05,106.62,40.46,2025-09
12368,2025-09-23,C1006,West,Laptop Sleeve,Accessories,2,17.69,0.0,35.38,14.39,2025-09
12369,2025-09-23,C1063,East,Water Bottle,Lifestyle,3,15.41,0.0,46.23,22.21,2025-09
12370,2025-09-23,C1295,East,Bluetooth Speaker,Electronics,1,43.98,0.0,43.98,12.4,2025-09
12371,2025-09-23,C1202,East,USB-C Cable,Accessories,1,12.56,0.0,12.56,5.12,2025-09
12372,2025-09-23,C1279,West,Office Chair,Furniture,4,124.84,0.0,499.36,188.97,2025-09
12373,2025-09-23,C1023,West,USB-C Cable,Accessories,3,11.46,0.05,32.66,12.98,2025-09
12374,2025-09-24,C1184,South,Office Chair,Furniture,2,128.14,0.0,256.28,96.65,2025-09
12375,2025-09-24,C1113,North,Laptop Sleeve,Accessories,3,18.98,0.0,56.94,23.82,2025-09
12376,2025-09-24,C1181,North,Printer Ink,Electronics,2,28.69,0.0,57.38,18.26,2025-09
12377,2025-09-24,C1041,North,Office Chair,Furniture,1,116.52,0.0,116.52,43.56,2025-09
12378,2025-09-24,C1181,East,USB-C Cable,Accessories,3,12.84,0.0,38.52,15.73,2025-09
12379,2025-09-24,C1250,East,Monitor Stand,Furniture,3,39.66,0.0,118.98,43.73,2025-09
12380,2025-09-24,C1084,South,USB-C Cable,Accessories,4,12.19,0.0,48.76,21.62,2025-09
12381,2025-09-25,C1039,West,Office Chair,Furniture,2,114.85,0.0,229.7,86.84,2025-09
12382,2025-09-25,C1281,South,Desk Lamp,Furniture,1,29.71,0.0,29.71,11.2,2025-09
12383,2025-09-25,C1010,North,Laptop Sleeve,Accessories,2,18.92,0.0,37.84,16.87,2025-09
12384,2025-09-25,C1053,West,Laptop Sleeve,Accessories,1,17.22,0.0,17.22,7.25,2025-09
12385,2025-09-26,C1273,North,Wireless Mouse,Accessories,3,23.56,0.0,70.68,30.63,2025-09
12386,2025-09-26,C1288,West,Notebook Pack,Stationery,5,7.9,0.0,39.5,19.83,2025-09
12387,2025-09-26,C1020,West,Desk Lamp,Furniture,3,31.91,0.1,86.16,32.1,2025-09
12388,2025-09-26,C1141,East,Wireless Mouse,Accessories,3,26.61,0.0,79.83,35.61,2025-09
12389,2025-09-27,C1002,East,Notebook Pack,Stationery,3,8.14,0.0,24.42,12.15,2025-09
12390,2025-09-27,C1242,East,Wireless Mouse,Accessories,5,26.16,0.0,130.8,58.82,2025-09
12391,2025-09-27,C1258,North,Notebook Pack,Stationery,2,7.48,0.0,14.96,7.59,2025-09
12392,2025-09-27,C1268,South,USB-C Cable,Accessories,5,11.96,0.0,59.8,26.49,2025-09
12393,2025-09-27,C1186,East,Monitor Stand,Furniture,3,38.74,0.0,116.22,43.87,2025-09
12394,2025-09-27,C1244,North,Desk Lamp,Furniture,4,32.3,0.05,122.74,46.38,2025-09
12395,2025-09-27,C1011,West,Desk Lamp,Furniture,5,29.72,0.0,148.6,54.67,2025-09
12396,2025-09-27,C1169,East,USB-C Cable,Accessories,2,11.18,0.0,22.36,8.12,2025-09
12397,2025-09-27,C1069,South,Notebook Pack,Stationery,2,8.5,0.0,17.0,9.35,2025-09
12398,2025-09-27,C1036,East,Wireless Mouse,Accessories,3,26.39,0.0,79.17,35.09,2025-09
12399,2025-09-27,C1096,North,Laptop Sleeve,Accessories,2,19.42,0.0,38.84,16.06,2025-09
12400,2025-09-27,C1020,West,Desk Lamp,Furniture,2,31.45,0.05,59.76,22.06,2025-09
12401,2025-09-28,C1169,North,USB-C Cable,Accessories,3,11.36,0.0,34.08,14.31,2025-09
12402,2025-09-28,C1268,West,Desk Lamp,Furniture,1,33.22,0.0,33.22,10.78,2025-09
12403,2025-09-28,C1058,North,Notebook Pack,Stationery,5,8.45,0.1,38.02,19.93,2025-09
12404,2025-09-28,C1167,North,Office Chair,Furniture,5,120.52,0.0,602.6,228.59,2025-09
12405,2025-09-28,C1048,West,Notebook Pack,Stationery,3,8.12,0.05,23.14,11.78,2025-09
12406,2025-09-28,C1210,West,Notebook Pack,Stationery,7,8.41,0.0,58.87,32.27,2025-09
12407,2025-09-28,C1279,West,Laptop Sleeve,Accessories,5,18.78,0.05,89.2,39.64,2025-09
12408,2025-09-28,C1263,North,Wireless Mouse,Accessories,1,25.9,0.0,25.9,9.89,2025-09
12409,2025-09-28,C1146,South,Water Bottle,Lifestyle,4,16.14,0.0,64.56,31.25,2025-09
12410,2025-09-28,C1118,North,USB-C Cable,Accessories,4,11.58,0.0,46.32,20.13,2025-09
12411,2025-09-28,C1011,West,USB-C Cable,Accessories,4,12.41,0.0,49.64,20.7,2025-09
12412,2025-09-29,C1124,West,Water Bottle,Lifestyle,4,14.6,0.15,49.64,23.39,2025-09
12413,2025-09-29,C1211,West,Desk Lamp,Furniture,2,29.93,0.0,59.86,21.57,2025-09
12414,2025-09-29,C1088,West,Monitor Stand,Furniture,5,36.97,0.0,184.85,69.19,2025-09
12415,2025-09-29,C1072,North,USB-C Cable,Accessories,5,11.9,0.0,59.5,26.41,2025-09
12416,2025-09-29,C1120,East,Laptop Sleeve,Accessories,2,18.46,0.0,36.92,16.19,2025-09
12417,2025-09-29,C1180,South,Wireless Mouse,Accessories,4,26.66,0.0,106.64,46.65,2025-09
12418,2025-09-29,C1250,East,Bluetooth Speaker,Electronics,2,45.53,0.15,77.4,23.86,2025-09
12419,2025-09-29,C1241,North,Water Bottle,Lifestyle,3,14.03,0.15,35.78,16.38,2025-09
12420,2025-09-29,C1165,South,Laptop Sleeve,Accessories,5,17.54,0.0,87.7,38.45,2025-09
12421,2025-09-29,C1085,South,Notebook Pack,Stationery,2,7.6,0.05,14.44,6.05,2025-09
12422,2025-09-30,C1268,South,Laptop Sleeve,Accessories,3,17.89,0.05,50.99,21.3,2025-09
12423,2025-09-30,C1107,West,Office Chair,Furniture,2,120.94,0.0,241.88,90.64,2025-09
12424,2025-09-30,C1040,East,Laptop Sleeve,Accessories,4,16.87,0.05,64.11,27.19,2025-09
12425,2025-09-30,C1184,North,Wireless Mouse,Accessories,2,24.78,0.15,42.13,17.62,2025-09
12426,2025-09-30,C1287,South,Laptop Sleeve,Accessories,3,17.88,0.0,53.64,23.11,2025-09
12427,2025-09-30,C1043,West,Laptop Sleeve,Accessories,3,19.13,0.0,57.39,23.99,2025-09
12428,2025-09-30,C1225,West,Notebook Pack,Stationery,2,7.38,0.0,14.76,7.13,2025-09
12429,2025-09-30,C1083,West,Printer Ink,Electronics,3,27.9,0.05,79.51,25.36,2025-09
12430,2025-09-30,C1273,West,Notebook Pack,Stationery,3,8.28,0.0,24.84,12.87,2025-09
12431,2025-10-01,C1184,West,Laptop Sleeve,Accessories,2,18.61,0.0,37.22,14.82,2025-10
12432,2025-10-01,C1038,North,Monitor Stand,Furniture,2,41.0,0.0,82.0,30.06,2025-10
12433,2025-10-01,C1186,North,Office Chair,Furniture,2,120.17,0.0,240.34,90.73,2025-10
12434,2025-10-01,C1290,South,Laptop Sleeve,Accessories,1,17.8,0.0,17.8,6.37,2025-10
12435,2025-10-01,C1262,South,Water Bottle,Lifestyle,7,15.77,0.0,110.39,54.64,2025-10
12436,2025-10-01,C1026,West,Notebook Pack,Stationery,3,8.04,0.15,20.5,9.4,2025-10
12437,2025-10-01,C1178,North,Bluetooth Speaker,Electronics,1,46.5,0.0,46.5,13.74,2025-10
12438,2025-10-01,C1081,North,Laptop Sleeve,Accessories,3,17.25,0.0,51.75,21.57,2025-10
12439,2025-10-01,C1085,North,Laptop Sleeve,Accessories,3,16.71,0.0,50.13,21.45,2025-10
12440,2025-10-02,C1260,North,Desk Lamp,Furniture,3,30.43,0.05,86.73,32.31,2025-10
12441,2025-10-02,C1185,West,USB-C Cable,Accessories,3,11.86,0.0,35.58,15.76,2025-10
12442,2025-10-02,C1190,North,Notebook Pack,Stationery,2,7.86,0.0,15.72,7.63,2025-10
12443,2025-10-02,C1254,West,Notebook Pack,Stationery,3,7.41,0.0,22.23,11.46,2025-10
12444,2025-10-02,C1067,West,Water Bottle,Lifestyle,1,15.79,0.0,15.79,6.56,2025-10
12445,2025-10-02,C1034,South,Bluetooth Speaker,Electronics,4,43.1,0.0,172.4,54.72,2025-10
12446,2025-10-02,C1020,South,Bluetooth Speaker,Electronics,3,41.85,0.0,125.55,38.71,2025-10
12447,2025-10-02,C1286,West,USB-C Cable,Accessories,3,11.94,0.15,30.45,13.38,2025-10
12448,2025-10-02,C1230,North,Printer Ink,Electronics,3,29.39,0.05,83.76,26.06,2025-10
12449,2025-10-02,C1094,South,Laptop Sleeve,Accessories,1,17.32,0.0,17.32,6.09,2025-10
12450,2025-10-02,C1062,North,Bluetooth Speaker,Electronics,2,42.82,0.0,85.64,26.51,2025-10
12451,2025-10-02,C1265,South,Printer Ink,Electronics,3,27.29,0.0,81.87,25.0,2025-10
12452,2025-10-03,C1174,North,Desk Lamp,Furniture,3,33.14,0.0,99.42,37.76,2025-10
12453,2025-10-03,C1245,North,Monitor Stand,Furniture,2,36.97,0.0,73.94,27.1,2025-10
12454,2025-10-03,C1058,North,Printer Ink,Electronics,4,26.9,0.0,107.6,34.23,2025-10
12455,2025-10-03,C1165,North,Wireless Mouse,Accessories,3,25.3,0.0,75.9,33.19,2025-10
12456,2025-10-03,C1008,North,Bluetooth Speaker,Electronics,2,46.63,0.05,88.6,27.08,2025-10
12457,2025-10-03,C1085,South,Laptop Sleeve,Accessories,4,17.84,0.0,71.36,30.86,2025-10
12458,2025-10-03,C1019,East,USB-C Cable,Accessories,4,11.9,0.05,45.22,19.47,2025-10
12459,2025-10-03,C1194,North,Printer Ink,Electronics,4,26.99,0.05,102.56,32.2,2025-10
12460,2025-10-03,C1266,West,Wireless Mouse,Accessories,3,23.05,0.0,69.15,31.04,2025-10
12461,2025-10-03,C1098,South,Bluetooth Speaker,Electronics,2,42.81,0.15,72.78,22.98,2025-10
12462,2025-10-03,C1059,West,USB-C Cable,Accessories,2,12.5,0.0,25.0,10.79,2025-10
12463,2025-10-04,C1048,West,Notebook Pack,Stationery,2,8.35,0.0,16.7,8.8,2025-10
12464,2025-10-04,C1008,West,Office Chair,Furniture,3,128.72,0.0,386.16,146.33,2025-10
12465,2025-10-04,C1003,North,Laptop Sleeve,Accessories,3,17.3,0.0,51.9,21.44,2025-10
12466,2025-10-04,C1099,North,Wireless Mouse,Accessories,4,23.34,0.0,93.36,40.79,2025-10
12467,2025-10-04,C1186,North,Office Chair,Furniture,2,120.17,0.0,240.34,91.02,2025-10
12468,2025-10-04,C1234,West,Bluetooth Speaker,Electronics,2,47.2,0.0,94.4,29.02,2025-10
12469,2025-10-04,C1136,South,Wireless Mouse,Accessories,3,23.31,0.0,69.93,30.67,2025-10
12470,2025-10-04,C1202,North,Notebook Pack,Stationery,2,8.32,0.0,16.64,7.46,2025-10
12471,2025-10-04,C1244,West,Monitor Stand,Furniture,3,37.72,0.0,113.16,42.33,2025-10
12472,2025-10-05,C1008,North,Notebook Pack,Stationery,5,7.36,0.0,36.8,18.74,2025-10
12473,2025-10-05,C1237,East,Bluetooth Speaker,Electronics,2,43.92,0.1,79.06,24.52,2025-10
12474,2025-10-05,C1292,South,Notebook Pack,Stationery,4,8.17,0.0,32.68,17.94,2025-10
12475,2025-10-05,C1238,South,Monitor Stand,Furniture,2,39.41,0.0,78.82,29.4,2025-10
12476,2025-10-05,C1010,West,Printer Ink,Electronics,1,29.92,0.0,29.92,7.87,2025-10
12477,2025-10-05,C1148,West,Bluetooth Speaker,Electronics,3,45.18,0.05,128.76,39.99,2025-10
12478,2025-10-05,C1036,West,Notebook Pack,Stationery,3,8.56,0.0,25.68,12.13,2025-10
12479,2025-10-05,C1194,West,Wireless Mouse,Accessories,2,23.24,0.0,46.48,19.36,2025-10
12480,2025-10-05,C1241,East,Notebook Pack,Stationery,3,8.17,0.1,22.06,10.94,2025-10
12481,2025-10-05,C1170,West,Office Chair,Furniture,3,113.82,0.0,341.46,128.08,2025-10
12482,2025-10-06,C1226,West,Monitor Stand,Furniture,3,37.83,0.0,113.49,42.91,2025-10
12483,2025-10-06,C1142,West,Notebook Pack,Stationery,3,7.82,0.0,23.46,12.3,2025-10
12484,2025-10-06,C1149,North,Notebook Pack,Stationery,7,7.57,0.0,52.99,27.78,2025-10
12485,2025-10-06,C1062,East,Bluetooth Speaker,Electronics,1,42.51,0.0,42.51,11.97,2025-10
12486,2025-10-06,C1227,West,Monitor Stand,Furniture,4,37.81,0.0,151.24,57.01,2025-10
12487,2025-10-06,C1041,South,Bluetooth Speaker,Electronics,3,47.76,0.0,143.28,45.31,2025-10
12488,2025-10-06,C1032,North,Notebook Pack,Stationery,2,8.08,0.0,16.16,8.03,2025-10
12489,2025-10-06,C1208,North,Bluetooth Speaker,Electronics,4,47.53,0.0,190.12,59.96,2025-10
12490,2025-10-06,C1191,South,Wireless Mouse,Accessories,3,24.01,0.0,72.03,32.27,2025-10
12491,2025-10-06,C1063,North,Water Bottle,Lifestyle,3,13.93,0.0,41.79,20.29,2025-10
12492,2025-10-06,C1078,North,USB-C Cable,Accessories,3,12.44,0.0,37.32,15.84,2025-10
12493,2025-10-07,C1076,North,Notebook Pack,Stationery,3,8.14,0.05,23.2,11.13,2025-10
12494,2025-10-07,C1008,East,Bluetooth Speaker,Electronics,1,42.07,0.0,42.07,12.37,2025-10
12495,2025-10-07,C1260,South,Wireless Mouse,Accessories,4,25.68,0.0,102.72,45.59,2025-10
12496,2025-10-07,C1154,East,Monitor Stand,Furniture,3,40.91,0.0,122.73,45.13,2025-10
12497,2025-10-07,C1047,South,USB-C Cable,Accessories,4,12.86,0.0,51.44,21.8,2025-10
12498,2025-10-07,C1281,West,Water Bottle,Lifestyle,2,14.45,0.0,28.9,13.37,2025-10
12499,2025-10-07,C1037,East,Notebook Pack,Stationery,4,8.18,0.0,32.72,17.86,2025-10
12500,2025-10-08,C1029,North,Notebook Pack,Stationery,1,8.25,0.0,8.25,2.82,2025-10
12501,2025-10-08,C1122,West,USB-C Cable,Accessories,8,11.56,0.0,92.48,41.34,2025-10
12502,2025-10-08,C1025,West,Water Bottle,Lifestyle,1,14.4,0.05,13.68,5.23,2025-10
12503,2025-10-08,C1176,North,USB-C Cable,Accessories,6,12.52,0.0,75.12,32.49,2025-10
12504,2025-10-08,C1122,West,Notebook Pack,Stationery,5,8.13,0.0,40.65,21.98,2025-10
12505,2025-10-08,C1178,South,Laptop Sleeve,Accessories,1,19.18,0.0,19.18,6.95,2025-10
12506,2025-10-08,C1000,South,Laptop Sleeve,Accessories,2,17.72,0.0,35.44,15.89,2025-10
12507,2025-10-09,C1175,South,USB-C Cable,Accessories,2,12.11,0.0,24.22,9.64,2025-10
12508,2025-10-09,C1073,West,Office Chair,Furniture,1,127.69,0.0,127.69,46.64,2025-10
12509,2025-10-09,C1291,West,Bluetooth Speaker,Electronics,2,46.03,0.0,92.06,28.72,2025-10
12510,2025-10-09,C1014,South,Printer Ink,Electronics,3,25.84,0.0,77.52,23.73,2025-10
12511,2025-10-09,C1025,North,Water Bottle,Lifestyle,2,15.86,0.1,28.55,13.83,2025-10
12512,2025-10-09,C1200,East,Desk Lamp,Furniture,4,32.72,0.0,130.88,48.46,2025-10
12513,2025-10-10,C1054,South,Notebook Pack,Stationery,2,7.64,0.0,15.28,6.49,2025-10
12514,2025-10-10,C1088,East,Wireless Mouse,Accessories,1,25.51,0.1,22.96,9.86,2025-10
12515,2025-10-10,C1283,North,Wireless Mouse,Accessories,3,26.42,0.0,79.26,34.35,2025-10
12516,2025-10-10,C1279,West,Wireless Mouse,Accessories,3,24.89,0.0,74.67,32.35,2025-10
12517,2025-10-10,C1197,South,USB-C Cable,Accessories,6,11.33,0.0,67.98,29.72,2025-10
12518,2025-10-10,C1100,West,Office Chair,Furniture,4,123.85,0.05,470.63,178.43,2025-10
12519,2025-10-10,C1273,West,Monitor Stand,Furniture,2,36.61,0.0,73.22,26.94,2025-10
12520,2025-10-10,C1046,West,Notebook Pack,Stationery,2,7.85,0.1,14.13,7.2,2025-10
12521,2025-10-10,C1047,South,Bluetooth Speaker,Electronics,5,46.53,0.05,221.02,68.94,2025-10
12522,2025-10-10,C1218,West,USB-C Cable,Accessories,2,12.29,0.0,24.58,10.86,2025-10
12523,2025-10-10,C1216,South,Bluetooth Speaker,Electronics,2,42.53,0.0,85.06,26.36,2025-10
12524,2025-10-10,C1220,North,Notebook Pack,Stationery,4,7.59,0.0,30.36,16.02,2025-10
12525,2025-10-10,C1028,West,Laptop Sleeve,Accessories,3,16.72,0.0,50.16,22.19,2025-10
12526,2025-10-11,C1014,West,Notebook Pack,Stationery,1,8.09,0.0,8.09,2.66,2025-10
12527,2025-10-11,C1220,West,Notebook Pack,Stationery,4,8.63,0.05,32.79,17.76,2025-10
12528,2025-10-11,C1013,North,Water Bottle,Lifestyle,4,15.05,0.0,60.2,28.35,2025-10
12529,2025-10-11,C1176,South,Monitor Stand,Furniture,4,40.21,0.0,160.84,60.24,2025-10
12530,2025-10-11,C1078,West,Laptop Sleeve,Accessories,7,17.84,0.15,106.15,47.03,2025-10
12531,2025-10-11,C1296,South,USB-C Cable,Accessories,4,12.83,0.0,51.32,21.23,2025-10
12532,2025-10-12,C1110,East,Laptop Sleeve,Accessories,2,16.61,0.0,33.22,13.33,2025-10
12533,2025-10-12,C1142,South,Laptop Sleeve,Accessories,1,19.35,0.15,16.45,6.18,2025-10
12534,2025-10-12,C1155,East,Laptop Sleeve,Accessories,4,16.69,0.0,66.76,29.79,2025-10
12535,2025-10-12,C1093,West,Desk Lamp,Furniture,3,30.1,0.0,90.3,32.93,2025-10
12536,2025-10-12,C1079,South,Bluetooth Speaker,Electronics,2,48.04,0.0,96.08,30.08,2025-10
12537,2025-10-12,C1047,West,Wireless Mouse,Accessories,3,23.31,0.1,62.94,27.86,2025-10
12538,2025-10-12,C1058,South,Wireless Mouse,Accessories,3,25.75,0.0,77.25,32.8,2025-10
12539,2025-10-12,C1141,East,Laptop Sleeve,Accessories,4,18.37,0.0,73.48,31.73,2025-10
12540,2025-10-12,C1093,North,Laptop Sleeve,Accessories,3,17.2,0.05,49.02,21.6,2025-10
12541,2025-10-12,C1038,South,Printer Ink,Electronics,7,29.95,0.05,199.17,61.75,2025-10
12542,2025-10-12,C1042,South,Desk Lamp,Furniture,3,32.43,0.0,97.29,36.04,2025-10
12543,2025-10-12,C1134,East,Water Bottle,Lifestyle,2,15.3,0.0,30.6,13.96,2025-10
12544,2025-10-12,C1258,South,Desk Lamp,Furniture,3,29.71,0.15,75.76,27.77,2025-10
12545,2025-10-12,C1255,West,Desk Lamp,Furniture,3,32.81,0.0,98.43,36.26,2025-10
12546,2025-10-12,C1239,North,Laptop Sleeve,Accessories,3,18.43,0.0,55.29,24.15,2025-10
12547,2025-10-13,C1237,East,Desk Lamp,Furniture,3,32.36,0.15,82.52,30.92,2025-10
12548,2025-10-13,C1142,East,USB-C Cable,Accessories,2,11.57,0.0,23.14,9.08,2025-10
12549,2025-10-13,C1120,North,Notebook Pack,Stationery,3,7.79,0.0,23.37,12.64,2025-10
12550,2025-10-13,C1210,South,USB-C Cable,Accessories,2,12.16,0.0,24.32,10.75,2025-10
12551,2025-10-13,C1065,South,Laptop Sleeve,Accessories,3,16.66,0.0,49.98,21.04,2025-10
12552,2025-10-13,C1032,West,Laptop Sleeve,Accessories,4,17.24,0.0,68.96,30.8,2025-10
12553,2025-10-13,C1181,South,Notebook Pack,Stationery,1,8.4,0.0,8.4,3.22,2025-10
12554,2025-10-13,C1055,West,Office Chair,Furniture,2,129.46,0.0,258.92,97.29,2025-10
12555,2025-10-13,C1205,East,Desk Lamp,Furniture,2,33.31,0.0,66.62,24.55,2025-10
12556,2025-10-13,C1094,West,USB-C Cable,Accessories,3,11.27,0.0,33.81,14.15,2025-10
12557,2025-10-13,C1108,West,Bluetooth Speaker,Electronics,1,48.07,0.0,48.07,13.56,2025-10
12558,2025-10-14,C1128,West,USB-C Cable,Accessories,5,11.34,0.0,56.7,25.17,2025-10
12559,2025-10-14,C1027,East,Water Bottle,Lifestyle,3,13.98,0.0,41.94,19.27,2025-10
12560,2025-10-14,C1171,South,Notebook Pack,Stationery,3,8.42,0.0,25.26,13.11,2025-10
12561,2025-10-14,C1119,East,Bluetooth Speaker,Electronics,4,44.51,0.0,178.04,56.8,2025-10
12562,2025-10-14,C1024,West,Notebook Pack,Stationery,1,7.44,0.0,7.44,2.16,2025-10
12563,2025-10-14,C1203,South,Notebook Pack,Stationery,3,7.8,0.0,23.4,11.52,2025-10
12564,2025-10-14,C1041,East,Laptop Sleeve,Accessories,5,17.14,0.0,85.7,37.68,2025-10
12565,2025-10-14,C1027,South,Office Chair,Furniture,2,115.77,0.0,231.54,86.59,2025-10
12566,2025-10-15,C1123,East,Wireless Mouse,Accessories,4,23.45,0.0,93.8,41.91,2025-10
12567,2025-10-15,C1029,West,Laptop Sleeve,Accessories,3,19.3,0.0,57.9,24.48,2025-10
12568,2025-10-15,C1116,North,Desk Lamp,Furniture,1,31.64,0.0,31.64,11.48,2025-10
12569,2025-10-15,C1095,South,Wireless Mouse,Accessories,4,23.77,0.1,85.57,38.1,2025-10
12570,2025-10-15,C1070,North,Desk Lamp,Furniture,2,33.28,0.1,59.9,22.32,2025-10
12571,2025-10-15,C1116,West,Wireless Mouse,Accessories,1,25.34,0.05,24.07,10.46,2025-10
12572,2025-10-16,C1081,East,Water Bottle,Lifestyle,1,15.32,0.1,13.79,6.74,2025-10
12573,2025-10-16,C1110,North,Desk Lamp,Furniture,6,30.02,0.0,180.12,68.1,2025-10
12574,2025-10-16,C1077,South,Bluetooth Speaker,Electronics,7,43.44,0.0,304.08,96.35,2025-10
12575,2025-10-16,C1186,East,Notebook Pack,Stationery,1,7.54,0.0,7.54,2.24,2025-10
12576,2025-10-16,C1023,East,Laptop Sleeve,Accessories,3,17.11,0.0,51.33,21.2,2025-10
12577,2025-10-16,C1097,East,Laptop Sleeve,Accessories,7,19.23,0.0,134.61,59.75,2025-10
12578,2025-10-16,C1082,West,Laptop Sleeve,Accessories,5,16.66,0.05,79.13,34.1,2025-10
12579,2025-10-16,C1190,South,Laptop Sleeve,Accessories,7,17.9,0.0,125.3,55.42,2025-10
12580,2025-10-16,C1224,West,USB-C Cable,Accessories,2,12.01,0.0,24.02,9.82,2025-10
12581,2025-10-16,C1124,North,Wireless Mouse,Accessories,3,24.39,0.05,69.51,29.68,2025-10
12582,2025-10-16,C1260,East,Desk Lamp,Furniture,2,29.5,0.0,59.0,21.75,2025-10
12583,2025-10-17,C1015,East,Laptop Sleeve,Accessories,3,19.28,0.1,52.06,22.81,2025-10
12584,2025-10-17,C1099,North,Office Chair,Furniture,3,115.57,0.0,346.71,130.21,2025-10
12585,2025-10-17,C1124,East,Desk Lamp,Furniture,2,31.44,0.0,62.88,21.95,2025-10
12586,2025-10-17,C1260,North,Office Chair,Furniture,2,120.78,0.0,241.56,91.34,2025-10
12587,2025-10-18,C1270,North,Bluetooth Speaker,Electronics,2,42.76,0.0,85.52,25.56,2025-10
12588,2025-10-18,C1133,North,USB-C Cable,Accessories,5,11.47,0.05,54.48,24.11,2025-10
12589,2025-10-18,C1011,South,Bluetooth Speaker,Electronics,2,42.95,0.0,85.9,25.95,2025-10
12590,2025-10-18,C1211,North,Wireless Mouse,Accessories,1,26.91,0.05,25.56,10.71,2025-10
12591,2025-10-18,C1034,West,Printer Ink,Electronics,2,29.57,0.0,59.14,18.68,2025-10
12592,2025-10-18,C1278,East,Wireless Mouse,Accessories,5,25.82,0.1,116.19,51.13,2025-10
12593,2025-10-18,C1055,North,USB-C Cable,Accessories,4,11.32,0.0,45.28,20.25,2025-10
12594,2025-10-18,C1146,North,Printer Ink,Electronics,1,26.03,0.0,26.03,8.25,2025-10
12595,2025-10-18,C1114,East,Desk Lamp,Furniture,6,30.77,0.0,184.62,69.08,2025-10
12596,2025-10-18,C1013,North,Printer Ink,Electronics,3,27.3,0.0,81.9,24.33,2025-10
12597,2025-10-19,C1158,South,Notebook Pack,Stationery,5,8.19,0.05,38.9,20.24,2025-10
12598,2025-10-19,C1149,West,Bluetooth Speaker,Electronics,6,46.42,0.0,278.52,88.35,2025-10
12599,2025-10-19,C1145,East,Wireless Mouse,Accessories,3,25.79,0.05,73.5,32.68,2025-10
12600,2025-10-19,C1059,East,USB-C Cable,Accessories,1,12.14,0.1,10.93,4.23,2025-10
12601,2025-10-19,C1021,West,Monitor Stand,Furniture,3,39.66,0.0,118.98,44.49,2025-10
12602,2025-10-19,C1019,South,Laptop Sleeve,Accessories,2,17.53,0.05,33.31,14.59,2025-10
12603,2025-10-19,C1068,North,USB-C Cable,Accessories,5,11.59,0.0,57.95,24.75,2025-10
12604,2025-10-20,C1147,North,Wireless Mouse,Accessories,3,24.35,0.0,73.05,32.13,2025-10
12605,2025-10-20,C1043,West,Wireless Mouse,Accessories,2,26.97,0.0,53.94,22.91,2025-10
12606,2025-10-20,C1079,North,Bluetooth Speaker,Electronics,2,45.4,0.1,81.72,24.72,2025-10
12607,2025-10-20,C1112,North,Printer Ink,Electronics,4,26.18,0.0,104.72,31.99,2025-10
12608,2025-10-20,C1092,East,Wireless Mouse,Accessories,3,26.22,0.0,78.66,33.68,2025-10
12609,2025-10-20,C1192,South,Wireless Mouse,Accessories,3,25.46,0.0,76.38,33.01,2025-10
12610,2025-10-20,C1024,East,Office Chair,Furniture,2,127.3,0.0,254.6,96.6,2025-10
12611,2025-10-21,C1006,North,Bluetooth Speaker,Electronics,2,46.78,0.0,93.56,28.59,2025-10
12612,2025-10-21,C1102,South,Office Chair,Furniture,3,113.96,0.1,307.69,115.74,2025-10
12613,2025-10-21,C1008,South,Wireless Mouse,Accessories,2,23.08,0.0,46.16,19.41,2025-10
12614,2025-10-21,C1003,North,Water Bottle,Lifestyle,2,15.25,0.0,30.5,15.05,2025-10
12615,2025-10-21,C1186,East,Wireless Mouse,Accessories,2,25.35,0.0,50.7,22.09,2025-10
12616,2025-10-22,C1118,West,Water Bottle,Lifestyle,1,15.71,0.0,15.71,7.21,2025-10
12617,2025-10-22,C1192,North,Notebook Pack,Stationery,4,8.45,0.05,32.11,16.38,2025-10
12618,2025-10-22,C1003,West,Bluetooth Speaker,Electronics,3,43.74,0.0,131.22,41.77,2025-10
12619,2025-10-22,C1224,West,USB-C Cable,Accessories,4,12.49,0.0,49.96,22.02,2025-10
12620,2025-10-22,C1215,South,Laptop Sleeve,Accessories,1,17.73,0.1,15.96,5.62,2025-10
12621,2025-10-22,C1043,West,Desk Lamp,Furniture,2,33.73,0.0,67.46,25.53,2025-10
12622,2025-10-22,C1011,East,Notebook Pack,Stationery,4,8.11,0.0,32.44,16.34,2025-10
12623,2025-10-22,C1251,North,Printer Ink,Electronics,1,30.08,0.0,30.08,8.43,2025-10
12624,2025-10-22,C1191,West,Office Chair,Furniture,4,114.1,0.0,456.4,171.85,2025-10
12625,2025-10-23,C1156,South,Desk Lamp,Furniture,3,30.24,0.0,90.72,34.42,2025-10
12626,2025-10-23,C1293,West,Wireless Mouse,Accessories,4,26.53,0.0,106.12,46.0,2025-10
12627,2025-10-23,C1061,East,Laptop Sleeve,Accessories,3,18.35,0.0,55.05,23.81,2025-10
12628,2025-10-23,C1019,North,Printer Ink,Electronics,5,29.44,0.0,147.2,45.58,2025-10
12629,2025-10-23,C1039,North,Wireless Mouse,Accessories,4,23.63,0.0,94.52,41.88,2025-10
12630,2025-10-23,C1005,West,Laptop Sleeve,Accessories,3,16.82,0.0,50.46,20.76,2025-10
12631,2025-10-23,C1165,East,Bluetooth Speaker,Electronics,4,46.59,0.0,186.36,58.26,2025-10
12632,2025-10-23,C1282,North,Laptop Sleeve,Accessories,5,19.21,0.0,96.05,42.36,2025-10
12633,2025-10-23,C1178,North,Water Bottle,Lifestyle,2,15.69,0.0,31.38,15.3,2025-10
12634,2025-10-23,C1260,North,Wireless Mouse,Accessories,1,25.13,0.0,25.13,10.95,2025-10
12635,2025-10-24,C1272,West,Notebook Pack,Stationery,2,8.27,0.0,16.54,8.67,2025-10
12636,2025-10-24,C1110,West,Laptop Sleeve,Accessories,4,19.26,0.0,77.04,33.08,2025-10
12637,2025-10-24,C1165,South,Wireless Mouse,Accessories,4,25.37,0.1,91.33,41.08,2025-10
12638,2025-10-24,C1106,South,USB-C Cable,Accessories,3,11.9,0.0,35.7,14.63,2025-10
12639,2025-10-24,C1052,North,Water Bottle,Lifestyle,4,15.47,0.0,61.88,30.9,2025-10
12640,2025-10-24,C1090,West,Laptop Sleeve,Accessories,2,18.93,0.0,37.86,15.31,2025-10
12641,2025-10-24,C1285,East,Bluetooth Speaker,Electronics,2,46.68,0.0,93.36,29.47,2025-10
12642,2025-10-24,C1098,South,USB-C Cable,Accessories,4,12.95,0.0,51.8,22.12,2025-10
12643,2025-10-25,C1023,East,Laptop Sleeve,Accessories,2,18.73,0.0,37.46,16.3,2025-10
12644,2025-10-25,C1217,East,Wireless Mouse,Accessories,2,24.57,0.1,44.23,18.11,2025-10
12645,2025-10-25,C1185,East,Bluetooth Speaker,Electronics,9,43.05,0.05,368.08,117.62,2025-10
12646,2025-10-25,C1038,South,Office Chair,Furniture,5,110.4,0.1,496.8,188.54,2025-10
12647,2025-10-25,C1158,North,Office Chair,Furniture,5,129.24,0.05,613.89,233.2,2025-10
12648,2025-10-25,C1163,North,USB-C Cable,Accessories,6,12.44,0.0,74.64,32.45,2025-10
12649,2025-10-25,C1205,South,Wireless Mouse,Accessories,3,24.73,0.0,74.19,31.6,2025-10
12650,2025-10-25,C1196,North,Water Bottle,Lifestyle,2,14.63,0.05,27.8,13.88,2025-10
12651,2025-10-25,C1247,West,Laptop Sleeve,Accessories,3,17.09,0.05,48.71,21.17,2025-10
12652,2025-10-25,C1038,West,Monitor Stand,Furniture,5,40.49,0.0,202.45,76.74,2025-10
12653,2025-10-25,C1052,South,Laptop Sleeve,Accessories,4,17.64,0.0,70.56,30.54,2025-10
12654,2025-10-26,C1074,East,Office Chair,Furniture,3,122.55,0.1,330.88,124.96,2025-10
12655,2025-10-26,C1265,North,Wireless Mouse,Accessories,2,25.89,0.0,51.78,22.56,2025-10
12656,2025-10-26,C1032,West,Laptop Sleeve,Accessories,4,17.37,0.0,69.48,30.07,2025-10
12657,2025-10-26,C1272,North,Printer Ink,Electronics,3,26.83,0.0,80.49,25.69,2025-10
12658,2025-10-26,C1171,West,Monitor Stand,Furniture,2,40.97,0.0,81.94,29.45,2025-10
12659,2025-10-26,C1160,West,USB-C Cable,Accessories,4,11.89,0.1,42.8,18.3,2025-10
12660,2025-10-26,C1097,West,Office Chair,Furniture,1,123.08,0.0,123.08,46.64,2025-10
12661,2025-10-26,C1132,East,Bluetooth Speaker,Electronics,2,48.46,0.0,96.92,29.32,2025-10
12662,2025-10-26,C1154,West,Water Bottle,Lifestyle,4,14.47,0.0,57.88,28.5,2025-10
12663,2025-10-26,C1219,West,Monitor Stand,Furniture,2,39.56,0.0,79.12,28.42,2025-10
12664,2025-10-26,C1128,North,Notebook Pack,Stationery,1,7.68,0.0,7.68,2.27,2025-10
12665,2025-10-26,C1207,South,Printer Ink,Electronics,4,28.1,0.0,112.4,35.1,2025-10
12666,2025-10-26,C1185,West,Bluetooth Speaker,Electronics,4,48.33,0.0,193.32,61.77,2025-10
12667,2025-10-26,C1176,West,Notebook Pack,Stationery,5,8.5,0.0,42.5,21.42,2025-10
12668,2025-10-27,C1220,West,Laptop Sleeve,Accessories,2,18.03,0.0,36.06,15.89,2025-10
12669,2025-10-27,C1173,South,Notebook Pack,Stationery,2,7.89,0.0,15.78,8.45,2025-10
12670,2025-10-27,C1177,South,Desk Lamp,Furniture,2,29.47,0.0,58.94,21.19,2025-10
12671,2025-10-27,C1068,East,USB-C Cable,Accessories,3,12.44,0.1,33.59,14.79,2025-10
12672,2025-10-27,C1292,East,Bluetooth Speaker,Electronics,3,42.62,0.0,127.86,40.44,2025-10
12673,2025-10-27,C1246,West,Notebook Pack,Stationery,2,8.4,0.0,16.8,9.0,2025-10
12674,2025-10-27,C1030,South,Wireless Mouse,Accessories,2,25.93,0.0,51.86,21.95,2025-10
12675,2025-10-27,C1135,South,Water Bottle,Lifestyle,1,14.41,0.0,14.41,6.56,2025-10
12676,2025-10-27,C1267,South,Monitor Stand,Furniture,2,36.01,0.0,72.02,25.84,2025-10
12677,2025-10-27,C1081,North,USB-C Cable,Accessories,2,11.83,0.0,23.66,8.8,2025-10
12678,2025-10-27,C1293,West,Wireless Mouse,Accessories,3,24.68,0.15,62.93,27.16,2025-10
12679,2025-10-28,C1005,South,Bluetooth Speaker,Electronics,2,44.7,0.05,84.93,25.88,2025-10
12680,2025-10-28,C1169,East,Wireless Mouse,Accessories,4,25.44,0.05,96.67,43.14,2025-10
12681,2025-10-28,C1105,South,Wireless Mouse,Accessories,2,25.96,0.0,51.92,21.75,2025-10
12682,2025-10-28,C1080,West,Printer Ink,Electronics,4,26.19,0.05,99.52,30.49,2025-10
12683,2025-10-28,C1162,West,Notebook Pack,Stationery,3,8.48,0.0,25.44,13.92,2025-10
12684,2025-10-28,C1188,North,Desk Lamp,Furniture,4,30.1,0.1,108.36,40.54,2025-10
12685,2025-10-28,C1173,North,Printer Ink,Electronics,2,28.78,0.15,48.93,14.35,2025-10
12686,2025-10-28,C1259,South,Monitor Stand,Furniture,4,39.07,0.0,156.28,58.22,2025-10
12687,2025-10-28,C1191,North,Notebook Pack,Stationery,3,8.4,0.0,25.2,13.67,2025-10
12688,2025-10-28,C1289,South,Notebook Pack,Stationery,1,8.58,0.05,8.15,3.51,2025-10
12689,2025-10-28,C1248,West,Wireless Mouse,Accessories,3,24.12,0.05,68.74,30.27,2025-10
12690,2025-10-28,C1212,West,Wireless Mouse,Accessories,4,25.25,0.0,101.0,44.3,2025-10
12691,2025-10-28,C1067,West,Bluetooth Speaker,Electronics,2,43.03,0.0,86.06,26.94,2025-10
12692,2025-10-28,C1036,South,Printer Ink,Electronics,3,26.86,0.0,80.58,23.94,2025-10
12693,2025-10-28,C1292,West,USB-C Cable,Accessories,3,12.66,0.0,37.98,16.19,2025-10
12694,2025-10-28,C1140,West,Wireless Mouse,Accessories,4,25.15,0.15,85.51,37.76,2025-10
12695,2025-10-28,C1179,North,Bluetooth Speaker,Electronics,4,45.72,0.05,173.74,54.78,2025-10
12696,2025-10-29,C1231,West,Desk Lamp,Furniture,3,33.14,0.05,94.45,34.49,2025-10
12697,2025-10-29,C1153,West,Bluetooth Speaker,Electronics,3,47.34,0.0,142.02,44.79,2025-10
12698,2025-10-29,C1004,North,Printer Ink,Electronics,2,28.54,0.0,57.08,17.67,2025-10
12699,2025-10-29,C1081,South,Printer Ink,Electronics,1,29.22,0.0,29.22,7.88,2025-10
12700,2025-10-29,C1062,North,Wireless Mouse,Accessories,2,23.26,0.0,46.52,19.86,2025-10
12701,2025-10-29,C1018,South,Wireless Mouse,Accessories,4,24.77,0.0,99.08,43.72,2025-10
12702,2025-10-29,C1110,East,Water Bottle,Lifestyle,5,16.2,0.0,81.0,39.71,2025-10
12703,2025-10-29,C1295,South,Desk Lamp,Furniture,3,31.1,0.0,93.3,34.92,2025-10
12704,2025-10-29,C1021,South,USB-C Cable,Accessories,3,11.97,0.0,35.91,15.96,2025-10
12705,2025-10-29,C1100,West,Laptop Sleeve,Accessories,5,19.18,0.0,95.9,42.49,2025-10
12706,2025-10-29,C1189,West,Monitor Stand,Furniture,2,35.68,0.1,64.22,23.54,2025-10
12707,2025-10-29,C1229,East,Bluetooth Speaker,Electronics,2,48.31,0.0,96.62,29.49,2025-10
12708,2025-10-29,C1126,South,Notebook Pack,Stationery,1,8.61,0.0,8.61,4.22,2025-10
12709,2025-10-30,C1061,North,Laptop Sleeve,Accessories,4,17.88,0.0,71.52,31.14,2025-10
12710,2025-10-30,C1263,West,Desk Lamp,Furniture,4,33.16,0.0,132.64,49.07,2025-10
12711,2025-10-30,C1163,East,Office Chair,Furniture,2,120.58,0.0,241.16,90.96,2025-10
12712,2025-10-30,C1128,East,Laptop Sleeve,Accessories,3,18.68,0.0,56.04,23.28,2025-10
12713,2025-10-30,C1226,East,Laptop Sleeve,Accessories,2,18.27,0.0,36.54,15.95,2025-10
12714,2025-10-30,C1094,East,Printer Ink,Electronics,3,25.91,0.1,69.96,21.38,2025-10
12715,2025-10-30,C1284,South,Laptop Sleeve,Accessories,3,18.71,0.0,56.13,23.43,2025-10
12716,2025-10-30,C1089,East,Water Bottle,Lifestyle,2,15.51,0.0,31.02,15.02,2025-10
12717,2025-10-30,C1231,North,Office Chair,Furniture,1,123.42,0.0,123.42,45.16,2025-10
12718,2025-10-30,C1055,West,USB-C Cable,Accessories,4,12.66,0.0,50.64,21.05,2025-10
12719,2025-10-30,C1166,South,Bluetooth Speaker,Electronics,2,41.66,0.05,79.15,23.47,2025-10
12720,2025-10-30,C1193,East,Notebook Pack,Stationery,3,7.99,0.0,23.97,12.13,2025-10
12721,2025-10-30,C1287,East,Bluetooth Speaker,Electronics,3,47.83,0.0,143.49,44.44,2025-10
12722,2025-10-30,C1032,West,Bluetooth Speaker,Electronics,2,44.79,0.0,89.58,27.91,2025-10
12723,2025-10-30,C1093,West,Monitor Stand,Furniture,2,38.52,0.0,77.04,28.68,2025-10
12724,2025-10-31,C1017,East,USB-C Cable,Accessories,4,11.82,0.0,47.28,19.52,2025-10
12725,2025-10-31,C1073,North,Wireless Mouse,Accessories,2,23.24,0.1,41.83,18.19,2025-10
12726,2025-10-31,C1005,East,Monitor Stand,Furniture,1,37.14,0.0,37.14,13.11,2025-10
12727,2025-10-31,C1248,East,Desk Lamp,Furniture,4,31.88,0.1,114.77,42.45,2025-10
12728,2025-10-31,C1294,East,Water Bottle,Lifestyle,2,15.58,0.05,29.6,14.35,2025-10
12729,2025-10-31,C1280,East,Notebook Pack,Stationery,2,8.31,0.15,14.13,7.7,2025-10
12730,2025-10-31,C1163,North,Desk Lamp,Furniture,1,30.08,0.1,27.07,8.76,2025-10
12731,2025-11-01,C1151,South,Desk Lamp,Furniture,2,31.26,0.1,56.27,19.68,2025-11
12732,2025-11-01,C1081,South,Monitor Stand,Furniture,4,35.27,0.0,141.08,53.41,2025-11
12733,2025-11-01,C1251,East,Printer Ink,Electronics,4,26.77,0.0,107.08,33.43,2025-11
12734,2025-11-01,C1021,East,Office Chair,Furniture,5,113.1,0.0,565.5,214.05,2025-11
12735,2025-11-01,C1204,West,Wireless Mouse,Accessories,3,23.74,0.0,71.22,30.69,2025-11
12736,2025-11-01,C1029,East,Monitor Stand,Furniture,4,40.87,0.0,163.48,61.36,2025-11
12737,2025-11-01,C1236,West,Notebook Pack,Stationery,2,8.17,0.0,16.34,8.33,2025-11
12738,2025-11-01,C1152,South,Laptop Sleeve,Accessories,3,17.65,0.0,52.95,22.27,2025-11
12739,2025-11-01,C1290,South,Notebook Pack,Stationery,7,7.36,0.1,46.37,24.72,2025-11
12740,2025-11-01,C1086,West,Notebook Pack,Stationery,2,8.05,0.05,15.3,7.71,2025-11
12741,2025-11-01,C1294,West,Wireless Mouse,Accessories,4,23.55,0.0,94.2,41.44,2025-11
12742,2025-11-01,C1264,North,Notebook Pack,Stationery,3,7.99,0.0,23.97,12.25,2025-11
12743,2025-11-01,C1193,West,USB-C Cable,Accessories,5,11.16,0.0,55.8,23.95,2025-11
12744,2025-11-01,C1024,South,Wireless Mouse,Accessories,3,23.77,0.0,71.31,30.97,2025-11
12745,2025-11-01,C1236,South,Notebook Pack,Stationery,5,7.4,0.05,35.15,18.54,2025-11
12746,2025-11-01,C1044,West,Desk Lamp,Furniture,7,32.84,0.1,206.89,76.79,2025-11
12747,2025-11-01,C1189,North,Laptop Sleeve,Accessories,3,17.42,0.0,52.26,22.19,2025-11
12748,2025-11-01,C1217,East,USB-C Cable,Accessories,3,12.42,0.0,37.26,15.32,2025-11
12749,2025-11-02,C1013,West,Notebook Pack,Stationery,2,8.42,0.0,16.84,8.07,2025-11
12750,2025-11-02,C1147,East,Notebook Pack,Stationery,3,7.41,0.05,21.12,11.29,2025-11
12751,2025-11-02,C1296,South,Water Bottle,Lifestyle,4,14.8,0.05,56.24,27.22,2025-11
12752,2025-11-02,C1115,South,USB-C Cable,Accessories,5,11.68,0.0,58.4,25.6,2025-11
12753,2025-11-02,C1114,North,USB-C Cable,Accessories,2,12.14,0.05,23.07,9.35,2025-11
12754,2025-11-02,C1200,North,Notebook Pack,Stationery,7,8.01,0.0,56.07,30.07,2025-11
12755,2025-11-02,C1021,West,Desk Lamp,Furniture,2,33.04,0.0,66.08,23.15,2025-11
12756,2025-11-02,C1152,East,USB-C Cable,Accessories,3,12.31,0.0,36.93,14.94,2025-11
12757,2025-11-02,C1041,South,USB-C Cable,Accessories,2,12.84,0.0,25.68,10.96,2025-11
12758,2025-11-02,C1245,East,Desk Lamp,Furniture,2,32.34,0.0,64.68,23.77,2025-11
12759,2025-11-02,C1251,East,Wireless Mouse,Accessories,3,26.56,0.0,79.68,34.21,2025-11
12760,2025-11-02,C1148,West,Printer Ink,Electronics,2,28.46,0.0,56.92,16.33,2025-11
12761,2025-11-02,C1212,North,Notebook Pack,Stationery,3,8.46,0.0,25.38,13.9,2025-11
12762,2025-11-02,C1156,East,Notebook Pack,Stationery,4,8.05,0.0,32.2,17.03,2025-11
12763,2025-11-02,C1280,North,Laptop Sleeve,Accessories,3,18.38,0.0,55.14,23.29,2025-11
12764,2025-11-03,C1130,West,Monitor Stand,Furniture,6,39.03,0.05,222.47,84.31,2025-11
12765,2025-11-03,C1260,North,Bluetooth Speaker,Electronics,6,48.36,0.0,290.16,92.42,2025-11
12766,2025-11-03,C1091,West,Printer Ink,Electronics,5,28.46,0.0,142.3,44.74,2025-11
12767,2025-11-03,C1218,North,USB-C Cable,Accessories,8,11.75,0.0,94.0,41.69,2025-11
12768,2025-11-03,C1145,West,Monitor Stand,Furniture,4,40.01,0.0,160.04,59.71,2025-11
12769,2025-11-03,C1020,North,Laptop Sleeve,Accessories,1,16.63,0.0,16.63,7.33,2025-11
12770,2025-11-03,C1070,North,Laptop Sleeve,Accessories,4,18.63,0.0,74.52,32.98,2025-11
12771,2025-11-03,C1214,North,USB-C Cable,Accessories,3,11.93,0.0,35.79,15.56,2025-11
12772,2025-11-03,C1274,East,Monitor Stand,Furniture,3,39.89,0.0,119.67,44.2,2025-11
12773,2025-11-03,C1143,West,Bluetooth Speaker,Electronics,1,46.87,0.0,46.87,13.02,2025-11
12774,2025-11-03,C1087,North,Office Chair,Furniture,3,121.26,0.0,363.78,136.36,2025-11
12775,2025-11-04,C1188,North,USB-C Cable,Accessories,3,11.94,0.0,35.82,15.01,2025-11
12776,2025-11-04,C1093,South,Office Chair,Furniture,6,111.74,0.0,670.44,253.61,2025-11
12777,2025-11-04,C1107,North,Bluetooth Speaker,Electronics,4,46.19,0.0,184.76,58.59,2025-11
12778,2025-11-04,C1188,West,Monitor Stand,Furniture,3,38.02,0.0,114.06,41.54,2025-11
12779,2025-11-04,C1175,South,Notebook Pack,Stationery,2,7.37,0.0,14.74,6.84,2025-11
12780,2025-11-04,C1030,North,USB-C Cable,Accessories,4,11.61,0.0,46.44,19.0,2025-11
12781,2025-11-04,C1258,North,Wireless Mouse,Accessories,3,23.8,0.0,71.4,32.01,2025-11
12782,2025-11-04,C1266,North,Wireless Mouse,Accessories,4,23.83,0.0,95.32,41.76,2025-11
12783,2025-11-04,C1194,West,Wireless Mouse,Accessories,3,23.87,0.0,71.61,30.98,2025-11
12784,2025-11-04,C1001,West,USB-C Cable,Accessories,3,11.09,0.0,33.27,13.77,2025-11
12785,2025-11-04,C1152,South,Monitor Stand,Furniture,3,39.36,0.05,112.18,41.64,2025-11
12786,2025-11-04,C1195,North,Monitor Stand,Furniture,3,39.7,0.0,119.1,43.88,2025-11
12787,2025-11-04,C1214,North,USB-C Cable,Accessories,4,11.59,0.0,46.36,20.65,2025-11
12788,2025-11-04,C1093,North,Bluetooth Speaker,Electronics,7,47.48,0.0,332.36,105.43,2025-11
12789,2025-11-04,C1143,South,Bluetooth Speaker,Electronics,2,44.25,0.05,84.08,25.88,2025-11
12790,2025-11-04,C1186,North,Laptop Sleeve,Accessories,5,17.44,0.0,87.2,39.11,2025-11
12791,2025-11-05,C1278,West,Printer Ink,Electronics,2,30.03,0.0,60.06,17.3,2025-11
12792,2025-11-05,C1112,East,Wireless Mouse,Accessories,3,24.1,0.0,72.3,31.77,2025-11
12793,2025-11-05,C1259,West,Laptop Sleeve,Accessories,5,18.73,0.15,79.6,35.59,2025-11
12794,2025-11-05,C1297,West,Desk Lamp,Furniture,3,34.13,0.1,92.15,34.55,2025-11
12795,2025-11-05,C1265,West,Laptop Sleeve,Accessories,4,17.45,0.0,69.8,30.2,2025-11
12796,2025-11-05,C1052,North,Laptop Sleeve,Accessories,2,17.68,0.1,31.82,13.44,2025-11
12797,2025-11-05,C1036,West,USB-C Cable,Accessories,8,12.44,0.0,99.52,42.9,2025-11
12798,2025-11-05,C1272,South,Printer Ink,Electronics,2,25.91,0.0,51.82,16.43,2025-11
12799,2025-11-05,C1108,South,Laptop Sleeve,Accessories,2,18.51,0.05,35.17,14.54,2025-11
12800,2025-11-05,C1272,East,Printer Ink,Electronics,2,29.67,0.05,56.37,16.16,2025-11
12801,2025-11-05,C1023,East,Water Bottle,Lifestyle,10,16.0,0.0,160.0,79.49,2025-11
12802,2025-11-05,C1186,West,Printer Ink,Electronics,3,28.92,0.05,82.42,25.3,2025-11
12803,2025-11-05,C1172,West,Wireless Mouse,Accessories,4,23.36,0.0,93.44,40.78,2025-11
12804,2025-11-05,C1073,North,Bluetooth Speaker,Electronics,7,46.97,0.0,328.79,103.47,2025-11
12805,2025-11-05,C1183,East,USB-C Cable,Accessories,3,11.57,0.15,29.5,11.3,2025-11
12806,2025-11-06,C1261,East,USB-C Cable,Accessories,2,12.02,0.0,24.04,9.09,2025-11
12807,2025-11-06,C1289,West,USB-C Cable,Accessories,3,12.2,0.0,36.6,15.64,2025-11
12808,2025-11-06,C1231,North,Monitor Stand,Furniture,2,37.48,0.0,74.96,26.98,2025-11
12809,2025-11-06,C1169,North,Laptop Sleeve,Accessories,4,18.86,0.0,75.44,32.73,2025-11
12810,2025-11-06,C1086,North,Water Bottle,Lifestyle,2,14.79,0.0,29.58,12.83,2025-11
12811,2025-11-06,C1177,South,Wireless Mouse,Accessories,1,25.41,0.1,22.87,9.04,2025-11
12812,2025-11-06,C1239,East,Laptop Sleeve,Accessories,4,17.3,0.0,69.2,30.01,2025-11
12813,2025-11-06,C1113,North,Water Bottle,Lifestyle,4,14.12,0.1,50.83,24.23,2025-11
12814,2025-11-07,C1028,North,Laptop Sleeve,Accessories,1,17.75,0.0,17.75,6.61,2025-11
12815,2025-11-07,C1292,East,Printer Ink,Electronics,2,26.73,0.0,53.46,16.14,2025-11
12816,2025-11-07,C1017,East,Notebook Pack,Stationery,4,7.83,0.0,31.32,16.36,2025-11
12817,2025-11-07,C1075,South,Desk Lamp,Furniture,4,31.33,0.0,125.32,47.31,2025-11
12818,2025-11-07,C1008,East,Desk Lamp,Furniture,5,32.61,0.1,146.74,53.99,2025-11
12819,2025-11-07,C1155,East,Bluetooth Speaker,Electronics,1,47.08,0.0,47.08,13.2,2025-11
12820,2025-11-07,C1136,West,Printer Ink,Electronics,8,27.65,0.05,210.14,65.65,2025-11
12821,2025-11-07,C1138,West,USB-C Cable,Accessories,5,11.96,0.0,59.8,25.95,2025-11
12822,2025-11-07,C1298,East,Notebook Pack,Stationery,3,7.94,0.0,23.82,12.5,2025-11
12823,2025-11-07,C1128,West,Office Chair,Furniture,3,125.63,0.0,376.89,141.78,2025-11
12824,2025-11-07,C1265,West,Office Chair,Furniture,2,112.15,0.0,224.3,83.41,2025-11
12825,2025-11-07,C1180,South,Bluetooth Speaker,Electronics,3,43.01,0.0,129.03,40.94,2025-11
12826,2025-11-07,C1002,North,Desk Lamp,Furniture,4,29.81,0.0,119.24,43.89,2025-11
12827,2025-11-08,C1027,East,Monitor Stand,Furniture,2,38.74,0.05,73.61,27.58,2025-11
12828,2025-11-08,C1026,North,Wireless Mouse,Accessories,3,25.58,0.1,69.07,30.96,2025-11
12829,2025-11-08,C1161,South,Bluetooth Speaker,Electronics,3,47.88,0.0,143.64,45.91,2025-11
12830,2025-11-08,C1143,West,Bluetooth Speaker,Electronics,5,43.09,0.0,215.45,68.56,2025-11
12831,2025-11-08,C1265,West,Office Chair,Furniture,3,113.99,0.0,341.97,128.85,2025-11
12832,2025-11-08,C1045,East,Monitor Stand,Furniture,6,36.12,0.15,184.21,68.82,2025-11
12833,2025-11-08,C1089,South,Office Chair,Furniture,4,112.64,0.0,450.56,170.12,2025-11
12834,2025-11-08,C1224,West,Wireless Mouse,Accessories,3,25.13,0.0,75.39,33.05,2025-11
12835,2025-11-08,C1051,North,Laptop Sleeve,Accessories,2,18.08,0.0,36.16,16.0,2025-11
12836,2025-11-08,C1298,North,Wireless Mouse,Accessories,4,23.31,0.0,93.24,41.12,2025-11
12837,2025-11-08,C1180,North,Bluetooth Speaker,Electronics,6,45.03,0.0,270.18,84.47,2025-11
12838,2025-11-09,C1160,North,Bluetooth Speaker,Electronics,3,44.46,0.05,126.71,38.71,2025-11
12839,2025-11-09,C1198,South,Wireless Mouse,Accessories,4,23.23,0.0,92.92,41.76,2025-11
12840,2025-11-09,C1129,West,USB-C Cable,Accessories,4,11.38,0.0,45.52,19.69,2025-11
12841,2025-11-09,C1268,North,Bluetooth Speaker,Electronics,2,46.93,0.05,89.17,26.89,2025-11
12842,2025-11-09,C1071,West,USB-C Cable,Accessories,5,11.34,0.05,53.86,22.98,2025-11
12843,2025-11-09,C1229,West,Water Bottle,Lifestyle,9,15.52,0.0,139.68,69.16,2025-11
12844,2025-11-09,C1063,South,Desk Lamp,Furniture,5,30.2,0.0,151.0,57.34,2025-11
12845,2025-11-09,C1188,West,Laptop Sleeve,Accessories,5,17.31,0.0,86.55,38.14,2025-11
12846,2025-11-09,C1117,North,Laptop Sleeve,Accessories,8,17.96,0.1,129.31,57.97,2025-11
12847,2025-11-09,C1171,West,Laptop Sleeve,Accessories,2,19.44,0.0,38.88,17.16,2025-11
12848,2025-11-09,C1042,East,Wireless Mouse,Accessories,5,24.63,0.0,123.15,54.7,2025-11
12849,2025-11-09,C1034,North,USB-C Cable,Accessories,4,12.61,0.15,42.87,17.33,2025-11
12850,2025-11-09,C1156,West,Office Chair,Furniture,5,112.44,0.0,562.2,212.53,2025-11
12851,2025-11-09,C1215,North,Water Bottle,Lifestyle,1,15.62,0.0,15.62,6.97,2025-11
12852,2025-11-09,C1053,West,Notebook Pack,Stationery,4,8.38,0.0,33.52,16.96,2025-11
12853,2025-11-09,C1235,West,Laptop Sleeve,Accessories,3,18.17,0.0,54.51,23.32,2025-11
12854,2025-11-09,C1030,North,Water Bottle,Lifestyle,3,15.49,0.0,46.47,23.16,2025-11
12855,2025-11-10,C1287,North,Laptop Sleeve,Accessories,1,17.51,0.0,17.51,6.07,2025-11
12856,2025-11-10,C1095,West,Wireless Mouse,Accessories,7,25.15,0.0,176.05,78.38,2025-11
12857,2025-11-10,C1118,West,USB-C Cable,Accessories,6,12.25,0.0,73.5,31.49,2025-11
12858,2025-11-10,C1179,South,Bluetooth Speaker,Electronics,5,45.54,0.0,227.7,72.09,2025-11
12859,2025-11-10,C1110,East,Water Bottle,Lifestyle,4,14.59,0.0,58.36,28.88,2025-11
12860,2025-11-10,C1231,South,Desk Lamp,Furniture,3,32.87,0.0,98.61,35.62,2025-11
12861,2025-11-10,C1291,West,Office Chair,Furniture,4,119.63,0.1,430.67,162.05,2025-11
12862,2025-11-10,C1072,West,Printer Ink,Electronics,2,29.78,0.1,53.6,15.66,2025-11
12863,2025-11-10,C1015,East,Bluetooth Speaker,Electronics,4,44.35,0.0,177.4,55.42,2025-11
12864,2025-11-10,C1170,South,Water Bottle,Lifestyle,2,14.98,0.0,29.96,14.53,2025-11
12865,2025-11-10,C1154,South,USB-C Cable,Accessories,2,11.08,0.0,22.16,8.62,2025-11
12866,2025-11-10,C1039,East,Laptop Sleeve,Accessories,3,19.31,0.0,57.93,24.55,2025-11
12867,2025-11-10,C1123,West,Printer Ink,Electronics,4,28.23,0.05,107.27,32.49,2025-11
12868,2025-11-10,C1053,West,Laptop Sleeve,Accessories,5,19.16,0.0,95.8,41.73,2025-11
12869,2025-11-11,C1266,South,Monitor Stand,Furniture,3,38.79,0.0,116.37,42.77,2025-11
12870,2025-11-11,C1201,South,USB-C Cable,Accessories,5,12.35,0.0,61.75,26.94,2025-11
12871,2025-11-11,C1047,South,Bluetooth Speaker,Electronics,3,41.8,0.0,125.4,39.77,2025-11
12872,2025-11-11,C1019,South,Bluetooth Speaker,Electronics,3,43.1,0.0,129.3,41.28,2025-11
12873,2025-11-11,C1260,South,Notebook Pack,Stationery,3,8.53,0.0,25.59,14.02,2025-11
12874,2025-11-11,C1026,West,Wireless Mouse,Accessories,1,26.04,0.05,24.74,9.66,2025-11
12875,2025-11-11,C1172,South,Laptop Sleeve,Accessories,3,16.99,0.0,50.97,21.03,2025-11
12876,2025-11-11,C1140,North,Bluetooth Speaker,Electronics,3,48.5,0.0,145.5,45.22,2025-11
12877,2025-11-11,C1058,South,USB-C Cable,Accessories,1,12.35,0.1,11.12,4.32,2025-11
12878,2025-11-11,C1026,West,Office Chair,Furniture,4,129.45,0.0,517.8,195.73,2025-11
12879,2025-11-11,C1063,North,Laptop Sleeve,Accessories,4,19.11,0.0,76.44,34.17,2025-11
12880,2025-11-11,C1194,North,Laptop Sleeve,Accessories,5,19.39,0.05,92.1,41.05,2025-11
12881,2025-11-11,C1065,East,Office Chair,Furniture,4,119.45,0.0,477.8,181.24,2025-11
12882,2025-11-11,C1082,South,Wireless Mouse,Accessories,2,24.32,0.0,48.64,21.7,2025-11
12883,2025-11-12,C1048,South,Laptop Sleeve,Accessories,2,19.13,0.0,38.26,15.36,2025-11
12884,2025-11-12,C1201,West,USB-C Cable,Accessories,6,11.45,0.0,68.7,29.89,2025-11
12885,2025-11-12,C1084,North,Office Chair,Furniture,2,114.22,0.0,228.44,86.11,2025-11
12886,2025-11-12,C1004,West,Bluetooth Speaker,Electronics,1,47.09,0.05,44.74,13.92,2025-11
12887,2025-11-12,C1035,East,Laptop Sleeve,Accessories,2,17.85,0.0,35.7,15.36,2025-11
12888,2025-11-12,C1188,West,Laptop Sleeve,Accessories,2,17.49,0.0,34.98,15.19,2025-11
12889,2025-11-12,C1077,North,Notebook Pack,Stationery,4,8.22,0.0,32.88,16.47,2025-11
12890,2025-11-12,C1060,West,Wireless Mouse,Accessories,3,26.14,0.0,78.42,34.1,2025-11
12891,2025-11-12,C1148,West,Bluetooth Speaker,Electronics,4,46.71,0.15,158.81,50.06,2025-11
12892,2025-11-12,C1063,East,Notebook Pack,Stationery,2,7.9,0.0,15.8,7.46,2025-11
12893,2025-11-12,C1111,North,Wireless Mouse,Accessories,4,23.09,0.0,92.36,40.72,2025-11
12894,2025-11-12,C1154,South,Notebook Pack,Stationery,6,8.2,0.0,49.2,26.65,2025-11
12895,2025-11-12,C1221,North,USB-C Cable,Accessories,6,12.53,0.0,75.18,32.66,2025-11
12896,2025-11-12,C1248,South,Bluetooth Speaker,Electronics,2,42.6,0.0,85.2,25.38,2025-11
12897,2025-11-13,C1245,West,Monitor Stand,Furniture,6,35.15,0.0,210.9,79.47,2025-11
12898,2025-11-13,C1249,South,Water Bottle,Lifestyle,4,16.18,0.0,64.72,32.16,2025-11
12899,2025-11-13,C1001,North,Laptop Sleeve,Accessories,6,17.36,0.0,104.16,46.38,2025-11
12900,2025-11-13,C1163,East,Notebook Pack,Stationery,1,8.03,0.0,8.03,2.65,2025-11
12901,2025-11-13,C1182,South,Bluetooth Speaker,Electronics,4,46.56,0.0,186.24,59.08,2025-11
12902,2025-11-13,C1204,East,Water Bottle,Lifestyle,2,14.81,0.0,29.62,13.19,2025-11
12903,2025-11-13,C1216,East,Notebook Pack,Stationery,6,7.56,0.0,45.36,24.56,2025-11
12904,2025-11-13,C1192,West,Wireless Mouse,Accessories,3,24.74,0.0,74.22,32.42,2025-11
12905,2025-11-13,C1236,South,Wireless Mouse,Accessories,3,25.92,0.0,77.76,33.47,2025-11
12906,2025-11-13,C1158,North,Water Bottle,Lifestyle,2,14.11,0.0,28.22,13.56,2025-11
12907,2025-11-13,C1128,South,USB-C Cable,Accessories,2,11.91,0.1,21.44,9.08,2025-11
12908,2025-11-13,C1037,South,Laptop Sleeve,Accessories,9,19.2,0.0,172.8,77.52,2025-11
12909,2025-11-13,C1059,South,Notebook Pack,Stationery,3,8.55,0.0,25.65,13.69,2025-11
12910,2025-11-13,C1182,East,Bluetooth Speaker,Electronics,6,47.94,0.0,287.64,91.71,2025-11
12911,2025-11-13,C1085,South,Laptop Sleeve,Accessories,6,18.56,0.0,111.36,49.15,2025-11
12912,2025-11-13,C1168,East,Wireless Mouse,Accessories,2,24.43,0.0,48.86,20.09,2025-11
12913,2025-11-13,C1127,East,USB-C Cable,Accessories,2,11.74,0.0,23.48,9.57,2025-11
12914,2025-11-13,C1142,East,Notebook Pack,Stationery,8,7.65,0.0,61.2,32.03,2025-11
12915,2025-11-13,C1173,South,Notebook Pack,Stationery,3,8.14,0.0,24.42,13.35,2025-11
12916,2025-11-13,C1124,West,Water Bottle,Lifestyle,4,14.54,0.05,55.25,26.22,2025-11
12917,2025-11-14,C1111,East,Wireless Mouse,Accessories,1,26.15,0.0,26.15,10.49,2025-11
12918,2025-11-14,C1069,South,Laptop Sleeve,Accessories,8,17.36,0.05,131.94,58.9,2025-11
12919,2025-11-14,C1210,West,Laptop Sleeve,Accessories,2,17.96,0.05,34.12,13.58,2025-11
12920,2025-11-14,C1054,North,USB-C Cable,Accessories,4,11.87,0.0,47.48,21.15,2025-11
12921,2025-11-14,C1099,North,Notebook Pack,Stationery,7,7.91,0.05,52.6,27.87,2025-11
12922,2025-11-14,C1142,East,Laptop Sleeve,Accessories,6,16.91,0.0,101.46,43.89,2025-11
12923,2025-11-14,C1001,South,Bluetooth Speaker,Electronics,2,47.28,0.0,94.56,28.8,2025-11
12924,2025-11-14,C1027,North,Laptop Sleeve,Accessories,3,18.48,0.05,52.67,23.5,2025-11
12925,2025-11-15,C1067,East,Office Chair,Furniture,2,125.58,0.0,251.16,95.11,2025-11
12926,2025-11-15,C1254,East,Desk Lamp,Furniture,2,31.65,0.0,63.3,23.64,2025-11
12927,2025-11-15,C1234,North,USB-C Cable,Accessories,1,11.15,0.0,11.15,3.93,2025-11
12928,2025-11-15,C1020,South,Laptop Sleeve,Accessories,7,17.09,0.0,119.63,52.61,2025-11
12929,2025-11-15,C1287,North,Laptop Sleeve,Accessories,2,17.92,0.0,35.84,14.69,2025-11
12930,2025-11-15,C1001,West,Bluetooth Speaker,Electronics,5,46.55,0.0,232.75,73.3,2025-11
12931,2025-11-15,C1106,North,USB-C Cable,Accessories,3,12.76,0.0,38.28,17.05,2025-11
12932,2025-11-15,C1060,South,Laptop Sleeve,Accessories,4,17.46,0.0,69.84,30.73,2025-11
12933,2025-11-15,C1177,South,Desk Lamp,Furniture,7,29.77,0.05,197.97,74.61,2025-11
12934,2025-11-15,C1099,West,Laptop Sleeve,Accessories,2,18.35,0.0,36.7,15.04,2025-11
12935,2025-11-15,C1176,West,Wireless Mouse,Accessories,9,24.0,0.0,216.0,96.82,2025-11
12936,2025-11-15,C1192,East,Printer Ink,Electronics,4,26.24,0.0,104.96,32.4,2025-11
12937,2025-11-15,C1165,West,Bluetooth Speaker,Electronics,5,48.38,0.0,241.9,77.12,2025-11
12938,2025-11-16,C1129,South,Bluetooth Speaker,Electronics,3,48.07,0.0,144.21,44.79,2025-11
12939,2025-11-16,C1193,North,Monitor Stand,Furniture,6,38.93,0.0,233.58,88.18,2025-11
12940,2025-11-16,C1278,West,Laptop Sleeve,Accessories,4,16.76,0.0,67.04,28.97,2025-11
12941,2025-11-16,C1038,East,Notebook Pack,Stationery,2,7.73,0.0,15.46,7.2,2025-11
12942,2025-11-16,C1177,South,Office Chair,Furniture,3,115.24,0.15,293.86,110.38,2025-11
12943,2025-11-16,C1203,South,Office Chair,Furniture,4,127.59,0.0,510.36,193.6,2025-11
12944,2025-11-16,C1070,East,Office Chair,Furniture,6,115.68,0.05,659.38,250.17,2025-11
12945,2025-11-16,C1251,East,USB-C Cable,Accessories,4,11.43,0.0,45.72,20.57,2025-11
12946,2025-11-16,C1272,West,Monitor Stand,Furniture,6,39.32,0.0,235.92,88.87,2025-11
12947,2025-11-16,C1280,South,Bluetooth Speaker,Electronics,1,47.54,0.0,47.54,15.1,2025-11
12948,2025-11-16,C1118,North,Bluetooth Speaker,Electronics,3,44.46,0.0,133.38,40.76,2025-11
12949,2025-11-16,C1047,North,Laptop Sleeve,Accessories,3,18.17,0.0,54.51,23.68,2025-11
12950,2025-11-16,C1296,West,Laptop Sleeve,Accessories,6,18.21,0.0,109.26,48.55,2025-11
12951,2025-11-16,C1203,East,Water Bottle,Lifestyle,5,14.53,0.0,72.65,36.15,2025-11
12952,2025-11-16,C1221,West,Laptop Sleeve,Accessories,5,18.75,0.05,89.06,39.55,2025-11
12953,2025-11-16,C1284,West,Notebook Pack,Stationery,2,7.6,0.1,13.68,7.29,2025-11
12954,2025-11-16,C1005,North,Wireless Mouse,Accessories,7,23.03,0.0,161.21,70.85,2025-11
12955,2025-11-16,C1163,North,Notebook Pack,Stationery,4,8.17,0.0,32.68,16.03,2025-11
12956,2025-11-16,C1286,West,Printer Ink,Electronics,2,28.81,0.05,54.74,15.99,2025-11
12957,2025-11-17,C1293,East,Notebook Pack,Stationery,2,7.77,0.0,15.54,7.07,2025-11
12958,2025-11-17,C1087,West,Wireless Mouse,Accessories,3,23.85,0.0,71.55,30.89,2025-11
12959,2025-11-17,C1111,East,Notebook Pack,Stationery,2,8.36,0.0,16.72,8.34,2025-11
12960,2025-11-17,C1113,North,Notebook Pack,Stationery,2,8.39,0.0,16.78,9.13,2025-11
12961,2025-11-17,C1027,West,Water Bottle,Lifestyle,3,14.88,0.0,44.64,21.21,2025-11
12962,2025-11-17,C1105,North,Office Chair,Furniture,3,121.2,0.05,345.42,129.74,2025-11
12963,2025-11-17,C1005,North,Desk Lamp,Furniture,3,33.21,0.15,84.69,31.43,2025-11
12964,2025-11-17,C1238,North,Laptop Sleeve,Accessories,2,17.74,0.05,33.71,13.53,2025-11
12965,2025-11-17,C1183,West,USB-C Cable,Accessories,5,11.64,0.0,58.2,25.63,2025-11
12966,2025-11-17,C1166,West,USB-C Cable,Accessories,3,12.69,0.0,38.07,16.33,2025-11
12967,2025-11-17,C1254,East,Bluetooth Speaker,Electronics,3,45.07,0.0,135.21,42.62,2025-11
12968,2025-11-17,C1279,West,Printer Ink,Electronics,3,29.47,0.0,88.41,26.51,2025-11
12969,2025-11-17,C1147,North,Wireless Mouse,Accessories,8,25.56,0.05,194.26,86.1,2025-11
12970,2025-11-17,C1230,North,Monitor Stand,Furniture,3,36.59,0.0,109.77,40.53,2025-11
12971,2025-11-18,C1207,South,Desk Lamp,Furniture,2,34.29,0.1,61.72,22.05,2025-11
12972,2025-11-18,C1029,South,Wireless Mouse,Accessories,1,24.3,0.0,24.3,10.22,2025-11
12973,2025-11-18,C1123,West,Water Bottle,Lifestyle,3,15.82,0.0,47.46,23.01,2025-11
12974,2025-11-18,C1029,North,Office Chair,Furniture,2,125.68,0.0,251.36,94.5,2025-11
12975,2025-11-18,C1088,West,Wireless Mouse,Accessories,3,23.85,0.0,71.55,30.78,2025-11
12976,2025-11-18,C1129,North,USB-C Cable,Accessories,2,11.6,0.0,23.2,10.44,2025-11
12977,2025-11-18,C1098,West,Office Chair,Furniture,2,124.67,0.0,249.34,94.25,2025-11
12978,2025-11-18,C1262,South,Office Chair,Furniture,7,111.3,0.0,779.1,295.32,2025-11
12979,2025-11-18,C1254,West,Notebook Pack,Stationery,2,7.87,0.0,15.74,8.26,2025-11
12980,2025-11-18,C1030,North,Notebook Pack,Stationery,4,7.84,0.1,28.22,15.45,2025-11
12981,2025-11-18,C1214,South,Laptop Sleeve,Accessories,7,16.63,0.0,116.41,52.33,2025-11
12982,2025-11-18,C1179,East,Printer Ink,Electronics,2,27.52,0.0,55.04,16.72,2025-11
12983,2025-11-18,C1054,West,Notebook Pack,Stationery,3,7.44,0.0,22.32,12.1,2025-11
12984,2025-11-19,C1128,East,Bluetooth Speaker,Electronics,2,47.26,0.15,80.34,25.65,2025-11
12985,2025-11-19,C1272,North,Wireless Mouse,Accessories,2,25.11,0.0,50.22,22.02,2025-11
12986,2025-11-19,C1167,East,Wireless Mouse,Accessories,3,25.26,0.0,75.78,32.82,2025-11
12987,2025-11-19,C1122,North,Notebook Pack,Stationery,2,7.69,0.0,15.38,7.22,2025-11
12988,2025-11-19,C1181,East,Notebook Pack,Stationery,3,7.92,0.0,23.76,12.62,2025-11
12989,2025-11-19,C1089,South,Printer Ink,Electronics,2,29.07,0.0,58.14,16.79,2025-11
12990,2025-11-19,C1133,North,Laptop Sleeve,Accessories,3,18.9,0.0,56.7,24.97,2025-11
12991,2025-11-19,C1236,North,USB-C Cable,Accessories,6,12.03,0.1,64.96,28.28,2025-11
12992,2025-11-19,C1054,West,Laptop Sleeve,Accessories,4,17.68,0.0,70.72,31.78,2025-11
12993,2025-11-19,C1126,North,Water Bottle,Lifestyle,2,14.5,0.0,29.0,13.21,2025-11
12994,2025-11-19,C1278,West,Laptop Sleeve,Accessories,3,18.14,0.0,54.42,23.55,2025-11
12995,2025-11-19,C1027,West,Desk Lamp,Furniture,4,31.19,0.0,124.76,45.84,2025-11
12996,2025-11-19,C1210,North,Desk Lamp,Furniture,8,30.29,0.0,242.32,90.98,2025-11
12997,2025-11-19,C1145,North,Bluetooth Speaker,Electronics,4,41.42,0.0,165.68,51.7,2025-11
12998,2025-11-20,C1186,North,Notebook Pack,Stationery,2,7.75,0.0,15.5,6.96,2025-11
12999,2025-11-20,C1271,North,Monitor Stand,Furniture,3,36.9,0.0,110.7,41.19,2025-11
13000,2025-11-20,C1128,South,Wireless Mouse,Accessories,6,24.7,0.0,148.2,66.13,2025-11
13001,2025-11-20,C1296,South,Bluetooth Speaker,Electronics,1,46.46,0.0,46.46,14.09,2025-11
13002,2025-11-20,C1260,South,Laptop Sleeve,Accessories,4,17.29,0.0,69.16,29.74,2025-11
13003,2025-11-20,C1246,South,Notebook Pack,Stationery,8,7.63,0.0,61.04,32.21,2025-11
13004,2025-11-20,C1021,North,Desk Lamp,Furniture,6,33.17,0.0,199.02,74.99,2025-11
13005,2025-11-20,C1061,South,Office Chair,Furniture,3,113.19,0.0,339.57,127.54,2025-11
13006,2025-11-20,C1284,South,Bluetooth Speaker,Electronics,5,48.27,0.0,241.35,75.72,2025-11
13007,2025-11-21,C1202,East,Notebook Pack,Stationery,4,8.61,0.0,34.44,17.07,2025-11
13008,2025-11-21,C1078,South,Bluetooth Speaker,Electronics,5,44.96,0.0,224.8,71.11,2025-11
13009,2025-11-21,C1097,South,Bluetooth Speaker,Electronics,2,42.46,0.05,80.67,25.36,2025-11
13010,2025-11-21,C1237,South,Laptop Sleeve,Accessories,4,18.94,0.0,75.76,32.74,2025-11
13011,2025-11-21,C1161,North,Notebook Pack,Stationery,5,7.52,0.0,37.6,19.91,2025-11
13012,2025-11-21,C1243,West,Desk Lamp,Furniture,9,31.42,0.0,282.78,107.24,2025-11
13013,2025-11-21,C1103,South,Bluetooth Speaker,Electronics,3,43.86,0.05,125.0,38.02,2025-11
13014,2025-11-21,C1126,East,Notebook Pack,Stationery,6,7.82,0.0,46.92,24.09,2025-11
13015,2025-11-21,C1209,South,Printer Ink,Electronics,5,27.29,0.0,136.45,43.02,2025-11
13016,2025-11-21,C1178,South,Notebook Pack,Stationery,4,8.1,0.0,32.4,16.98,2025-11
13017,2025-11-21,C1260,West,Bluetooth Speaker,Electronics,1,47.37,0.0,47.37,13.88,2025-11
13018,2025-11-22,C1060,East,Bluetooth Speaker,Electronics,3,43.19,0.0,129.57,41.34,2025-11
13019,2025-11-22,C1206,West,Monitor Stand,Furniture,5,38.02,0.0,190.1,70.47,2025-11
13020,2025-11-22,C1109,South,USB-C Cable,Accessories,2,12.14,0.0,24.28,10.82,2025-11
13021,2025-11-22,C1103,South,Monitor Stand,Furniture,8,37.42,0.0,299.36,113.31,2025-11
13022,2025-11-22,C1080,East,Wireless Mouse,Accessories,3,26.64,0.0,79.92,34.53,2025-11
13023,2025-11-22,C1184,East,Notebook Pack,Stationery,3,7.74,0.05,22.06,10.89,2025-11
13024,2025-11-22,C1056,South,Notebook Pack,Stationery,5,7.55,0.0,37.75,20.48,2025-11
13025,2025-11-22,C1105,East,Printer Ink,Electronics,5,26.52,0.0,132.6,41.3,2025-11
13026,2025-11-22,C1015,North,USB-C Cable,Accessories,2,12.25,0.0,24.5,10.15,2025-11
13027,2025-11-22,C1219,East,Printer Ink,Electronics,1,28.75,0.0,28.75,7.85,2025-11
13028,2025-11-23,C1280,West,Monitor Stand,Furniture,5,36.89,0.05,175.23,66.58,2025-11
13029,2025-11-23,C1024,West,Office Chair,Furniture,4,111.06,0.0,444.24,167.13,2025-11
13030,2025-11-23,C1131,East,Water Bottle,Lifestyle,6,15.37,0.0,92.22,44.64,2025-11
13031,2025-11-23,C1145,South,Monitor Stand,Furniture,3,40.84,0.0,122.52,45.54,2025-11
13032,2025-11-23,C1042,West,Laptop Sleeve,Accessories,2,17.03,0.0,34.06,14.18,2025-11
13033,2025-11-23,C1246,East,Bluetooth Speaker,Electronics,6,47.45,0.1,256.23,80.1,2025-11
13034,2025-11-23,C1167,West,Laptop Sleeve,Accessories,4,17.4,0.0,69.6,30.83,2025-11
13035,2025-11-23,C1000,South,Wireless Mouse,Accessories,2,25.72,0.0,51.44,22.66,2025-11
13036,2025-11-23,C1211,East,Bluetooth Speaker,Electronics,5,44.45,0.0,222.25,69.26,2025-11
13037,2025-11-24,C1230,West,Bluetooth Speaker,Electronics,7,42.19,0.0,295.33,92.98,2025-11
13038,2025-11-24,C1216,North,Laptop Sleeve,Accessories,6,18.6,0.0,111.6,48.39,2025-11
13039,2025-11-24,C1165,South,Printer Ink,Electronics,3,27.72,0.0,83.16,25.0,2025-11
13040,2025-11-24,C1096,West,USB-C Cable,Accessories,2,11.52,0.0,23.04,9.65,2025-11
13041,2025-11-24,C1058,South,USB-C Cable,Accessories,1,12.96,0.0,12.96,3.86,2025-11
13042,2025-11-24,C1176,North,Bluetooth Speaker,Electronics,3,45.32,0.0,135.96,41.93,2025-11
13043,2025-11-24,C1094,North,USB-C Cable,Accessories,4,12.53,0.0,50.12,20.9,2025-11
13044,2025-11-24,C1283,South,Wireless Mouse,Accessories,4,26.52,0.05,100.78,43.58,2025-11
13045,2025-11-24,C1114,East,Laptop Sleeve,Accessories,3,19.13,0.0,57.39,25.47,2025-11
13046,2025-11-24,C1230,South,Monitor Stand,Furniture,6,40.5,0.05,230.85,87.35,2025-11
13047,2025-11-25,C1146,North,Desk Lamp,Furniture,3,29.86,0.1,80.62,29.69,2025-11
13048,2025-11-25,C1118,South,Monitor Stand,Furniture,2,37.12,0.0,74.24,27.84,2025-11
13049,2025-11-25,C1144,North,Laptop Sleeve,Accessories,1,18.37,0.0,18.37,7.69,2025-11
13050,2025-11-25,C1253,West,Monitor Stand,Furniture,4,37.42,0.1,134.71,50.58,2025-11
13051,2025-11-25,C1247,East,Wireless Mouse,Accessories,2,25.96,0.0,51.92,22.15,2025-11
13052,2025-11-25,C1235,South,Laptop Sleeve,Accessories,2,17.02,0.0,34.04,14.78,2025-11
13053,2025-11-25,C1044,East,Bluetooth Speaker,Electronics,4,46.2,0.0,184.8,58.04,2025-11
13054,2025-11-25,C1166,South,USB-C Cable,Accessories,3,12.86,0.0,38.58,16.61,2025-11
13055,2025-11-25,C1030,West,Office Chair,Furniture,3,122.41,0.0,367.23,139.03,2025-11
13056,2025-11-25,C1029,West,Wireless Mouse,Accessories,2,23.36,0.15,39.71,16.6,2025-11
13057,2025-11-25,C1170,South,Water Bottle,Lifestyle,2,15.37,0.1,27.67,12.23,2025-11
13058,2025-11-25,C1031,West,Desk Lamp,Furniture,5,32.03,0.0,160.15,58.88,2025-11
13059,2025-11-25,C1206,East,Laptop Sleeve,Accessories,6,18.91,0.0,113.46,50.78,2025-11
13060,2025-11-25,C1179,South,Laptop Sleeve,Accessories,3,17.31,0.0,51.93,22.7,2025-11
13061,2025-11-25,C1029,West,Monitor Stand,Furniture,3,38.59,0.1,104.19,39.19,2025-11
13062,2025-11-26,C1226,West,Notebook Pack,Stationery,3,8.2,0.0,24.6,13.16,2025-11
13063,2025-11-26,C1268,West,Laptop Sleeve,Accessories,2,17.95,0.0,35.9,16.07,2025-11
13064,2025-11-26,C1004,West,Notebook Pack,Stationery,2,7.71,0.0,15.42,7.42,2025-11
13065,2025-11-26,C1099,South,Water Bottle,Lifestyle,1,14.95,0.0,14.95,6.28,2025-11
13066,2025-11-26,C1200,North,Laptop Sleeve,Accessories,4,19.16,0.1,68.98,30.05,2025-11
13067,2025-11-26,C1267,South,Office Chair,Furniture,1,126.8,0.0,126.8,46.49,2025-11
13068,2025-11-26,C1137,North,Bluetooth Speaker,Electronics,3,44.99,0.0,134.97,42.74,2025-11
13069,2025-11-26,C1190,North,Monitor Stand,Furniture,2,37.57,0.0,75.14,28.24,2025-11
13070,2025-11-26,C1043,West,Bluetooth Speaker,Electronics,7,46.25,0.0,323.75,101.9,2025-11
13071,2025-11-26,C1115,West,Laptop Sleeve,Accessories,2,17.71,0.0,35.42,15.23,2025-11
13072,2025-11-26,C1076,South,Notebook Pack,Stationery,2,8.19,0.05,15.56,7.51,2025-11
13073,2025-11-26,C1291,South,Printer Ink,Electronics,7,25.94,0.0,181.58,56.41,2025-11
13074,2025-11-26,C1161,East,Wireless Mouse,Accessories,2,23.93,0.0,47.86,20.95,2025-11
13075,2025-11-26,C1273,North,Laptop Sleeve,Accessories,3,16.76,0.0,50.28,21.98,2025-11
13076,2025-11-26,C1294,North,Water Bottle,Lifestyle,6,14.46,0.0,86.76,43.25,2025-11
13077,2025-11-27,C1042,South,Water Bottle,Lifestyle,2,14.04,0.0,28.08,12.91,2025-11
13078,2025-11-27,C1217,West,Notebook Pack,Stationery,3,8.43,0.0,25.29,13.31,2025-11
13079,2025-11-27,C1158,South,Bluetooth Speaker,Electronics,2,45.04,0.0,90.08,28.06,2025-11
13080,2025-11-27,C1056,South,Water Bottle,Lifestyle,5,15.49,0.0,77.45,38.09,2025-11
13081,2025-11-27,C1281,East,Wireless Mouse,Accessories,2,24.07,0.0,48.14,20.2,2025-11
13082,2025-11-27,C1113,West,Water Bottle,Lifestyle,4,15.79,0.0,63.16,31.14,2025-11
13083,2025-11-27,C1256,South,USB-C Cable,Accessories,4,12.58,0.0,50.32,21.41,2025-11
13084,2025-11-27,C1116,South,Wireless Mouse,Accessories,7,25.57,0.15,152.14,68.15,2025-11
13085,2025-11-27,C1051,West,Monitor Stand,Furniture,5,40.88,0.0,204.4,76.08,2025-11
13086,2025-11-27,C1215,North,Wireless Mouse,Accessories,3,25.03,0.0,75.09,32.45,2025-11
13087,2025-11-27,C1255,West,Notebook Pack,Stationery,6,7.79,0.0,46.74,25.69,2025-11
13088,2025-11-27,C1289,North,Laptop Sleeve,Accessories,3,18.75,0.0,56.25,24.27,2025-11
13089,2025-11-27,C1027,East,Water Bottle,Lifestyle,3,14.83,0.0,44.49,22.01,2025-11
13090,2025-11-27,C1057,North,Desk Lamp,Furniture,3,30.56,0.05,87.1,32.68,2025-11
13091,2025-11-27,C1244,West,Notebook Pack,Stationery,6,8.54,0.1,46.12,24.04,2025-11
13092,2025-11-27,C1267,North,Water Bottle,Lifestyle,2,15.18,0.0,30.36,14.76,2025-11
13093,2025-11-27,C1078,West,Laptop Sleeve,Accessories,2,19.3,0.0,38.6,16.0,2025-11
13094,2025-11-27,C1064,North,Wireless Mouse,Accessories,10,26.58,0.15,225.93,100.03,2025-11
13095,2025-11-27,C1059,North,Water Bottle,Lifestyle,3,14.89,0.1,40.2,19.12,2025-11
13096,2025-11-27,C1249,West,Wireless Mouse,Accessories,3,25.57,0.05,72.87,32.21,2025-11
13097,2025-11-28,C1294,West,Bluetooth Speaker,Electronics,6,46.65,0.0,279.9,89.12,2025-11
13098,2025-11-28,C1197,South,Wireless Mouse,Accessories,7,26.17,0.15,155.71,69.07,2025-11
13099,2025-11-28,C1295,West,Laptop Sleeve,Accessories,3,18.46,0.0,55.38,24.02,2025-11
13100,2025-11-28,C1172,West,Wireless Mouse,Accessories,4,24.77,0.0,99.08,43.92,2025-11
13101,2025-11-28,C1070,South,Wireless Mouse,Accessories,3,23.14,0.0,69.42,29.59,2025-11
13102,2025-11-28,C1267,North,Wireless Mouse,Accessories,3,23.57,0.0,70.71,31.67,2025-11
13103,2025-11-28,C1284,West,Wireless Mouse,Accessories,5,25.45,0.0,127.25,55.72,2025-11
13104,2025-11-28,C1038,East,Wireless Mouse,Accessories,4,25.55,0.0,102.2,44.13,2025-11
13105,2025-11-28,C1176,South,Water Bottle,Lifestyle,3,14.02,0.1,37.85,18.01,2025-11
13106,2025-11-29,C1229,South,Laptop Sleeve,Accessories,3,17.77,0.0,53.31,23.1,2025-11
13107,2025-11-29,C1185,East,Wireless Mouse,Accessories,5,23.35,0.0,116.75,50.72,2025-11
13108,2025-11-29,C1264,North,USB-C Cable,Accessories,1,12.41,0.0,12.41,3.7,2025-11
13109,2025-11-29,C1086,West,Monitor Stand,Furniture,7,38.28,0.15,227.77,85.56,2025-11
13110,2025-11-29,C1257,East,Wireless Mouse,Accessories,6,23.26,0.0,139.56,61.13,2025-11
13111,2025-11-29,C1190,West,Laptop Sleeve,Accessories,2,19.39,0.0,38.78,16.2,2025-11
13112,2025-11-29,C1199,West,Desk Lamp,Furniture,5,32.27,0.0,161.35,59.5,2025-11
13113,2025-11-29,C1006,East,Printer Ink,Electronics,4,29.33,0.0,117.32,36.24,2025-11
13114,2025-11-29,C1040,North,Monitor Stand,Furniture,7,40.13,0.0,280.91,105.96,2025-11
13115,2025-11-29,C1037,South,Notebook Pack,Stationery,3,7.57,0.0,22.71,10.82,2025-11
13116,2025-11-29,C1159,North,Monitor Stand,Furniture,8,35.05,0.1,252.36,94.54,2025-11
13117,2025-11-29,C1187,West,Laptop Sleeve,Accessories,6,16.99,0.0,101.94,44.87,2025-11
13118,2025-11-29,C1093,West,Laptop Sleeve,Accessories,5,18.63,0.05,88.49,37.84,2025-11
13119,2025-11-30,C1234,East,Laptop Sleeve,Accessories,2,19.38,0.0,38.76,15.91,2025-11
13120,2025-11-30,C1209,South,Notebook Pack,Stationery,2,7.62,0.0,15.24,6.82,2025-11
13121,2025-11-30,C1033,East,Monitor Stand,Furniture,4,38.46,0.0,153.84,58.12,2025-11
13122,2025-11-30,C1258,North,Laptop Sleeve,Accessories,5,17.99,0.0,89.95,39.15,2025-11
13123,2025-11-30,C1170,West,Monitor Stand,Furniture,3,38.14,0.0,114.42,42.23,2025-11
13124,2025-11-30,C1103,East,Wireless Mouse,Accessories,2,25.45,0.0,50.9,21.87,2025-11
13125,2025-11-30,C1246,West,Desk Lamp,Furniture,4,29.46,0.0,117.84,44.72,2025-11
13126,2025-11-30,C1117,East,Wireless Mouse,Accessories,4,26.3,0.0,105.2,45.41,2025-11
13127,2025-11-30,C1019,North,Desk Lamp,Furniture,4,30.38,0.0,121.52,44.94,2025-11
13128,2025-11-30,C1145,West,Wireless Mouse,Accessories,3,25.01,0.0,75.03,32.3,2025-11
13129,2025-11-30,C1250,West,Wireless Mouse,Accessories,6,24.49,0.0,146.94,65.77,2025-11
13130,2025-11-30,C1223,East,Printer Ink,Electronics,6,26.46,0.0,158.76,49.35,2025-11
13131,2025-12-01,C1259,North,Notebook Pack,Stationery,4,7.48,0.0,29.92,15.97,2025-12
13132,2025-12-01,C1251,West,Laptop Sleeve,Accessories,5,17.34,0.0,86.7,37.56,2025-12
13133,2025-12-01,C1279,West,Laptop Sleeve,Accessories,4,17.96,0.0,71.84,30.55,2025-12
13134,2025-12-01,C1043,South,Wireless Mouse,Accessories,5,23.95,0.0,119.75,53.75,2025-12
13135,2025-12-01,C1213,East,Wireless Mouse,Accessories,5,25.17,0.0,125.85,55.1,2025-12
13136,2025-12-01,C1046,North,Notebook Pack,Stationery,2,8.34,0.0,16.68,7.24,2025-12
13137,2025-12-01,C1021,South,USB-C Cable,Accessories,2,12.02,0.0,24.04,10.38,2025-12
13138,2025-12-01,C1234,South,Office Chair,Furniture,7,126.64,0.0,886.48,336.73,2025-12
13139,2025-12-01,C1291,North,Office Chair,Furniture,4,127.56,0.0,510.24,192.57,2025-12
13140,2025-12-01,C1260,East,USB-C Cable,Accessories,2,11.73,0.0,23.46,9.08,2025-12
13141,2025-12-02,C1133,West,USB-C Cable,Accessories,6,12.9,0.0,77.4,34.16,2025-12
13142,2025-12-02,C1297,East,Laptop Sleeve,Accessories,3,17.36,0.0,52.08,21.79,2025-12
13143,2025-12-02,C1163,South,Monitor Stand,Furniture,3,36.54,0.15,93.18,34.57,2025-12
13144,2025-12-02,C1054,South,Desk Lamp,Furniture,2,33.69,0.05,64.01,22.91,2025-12
13145,2025-12-02,C1201,North,Laptop Sleeve,Accessories,5,18.79,0.0,93.95,41.38,2025-12
13146,2025-12-02,C1238,West,Printer Ink,Electronics,3,29.03,0.15,74.03,23.22,2025-12
13147,2025-12-02,C1081,West,Printer Ink,Electronics,5,29.84,0.0,149.2,47.25,2025-12
13148,2025-12-02,C1109,West,Laptop Sleeve,Accessories,1,17.64,0.0,17.64,6.25,2025-12
13149,2025-12-02,C1056,North,USB-C Cable,Accessories,4,11.21,0.0,44.84,19.71,2025-12
13150,2025-12-02,C1074,North,Notebook Pack,Stationery,2,8.09,0.0,16.18,6.93,2025-12
13151,2025-12-02,C1049,West,Water Bottle,Lifestyle,2,15.67,0.1,28.21,13.48,2025-12
13152,2025-12-02,C1171,East,Laptop Sleeve,Accessories,1,18.65,0.0,18.65,7.79,2025-12
13153,2025-12-02,C1250,East,Notebook Pack,Stationery,4,7.58,0.0,30.32,15.62,2025-12
13154,2025-12-02,C1058,North,Desk Lamp,Furniture,5,30.99,0.0,154.95,58.42,2025-12
13155,2025-12-02,C1218,East,Wireless Mouse,Accessories,2,25.8,0.0,51.6,21.92,2025-12
13156,2025-12-03,C1092,South,Bluetooth Speaker,Electronics,2,42.76,0.0,85.52,25.42,2025-12
13157,2025-12-03,C1208,North,Bluetooth Speaker,Electronics,5,45.99,0.0,229.95,73.31,2025-12
13158,2025-12-03,C1232,East,USB-C Cable,Accessories,1,11.4,0.15,9.69,3.61,2025-12
13159,2025-12-03,C1210,South,Laptop Sleeve,Accessories,5,19.23,0.15,81.73,35.87,2025-12
13160,2025-12-03,C1013,West,Wireless Mouse,Accessories,3,24.24,0.05,69.08,30.07,2025-12
13161,2025-12-03,C1159,West,Laptop Sleeve,Accessories,4,18.45,0.0,73.8,31.48,2025-12
13162,2025-12-03,C1094,North,USB-C Cable,Accessories,4,11.64,0.0,46.56,20.35,2025-12
13163,2025-12-03,C1026,North,Water Bottle,Lifestyle,2,16.16,0.0,32.32,15.95,2025-12
13164,2025-12-03,C1057,South,Printer Ink,Electronics,3,27.78,0.1,75.01,22.24,2025-12
13165,2025-12-03,C1126,South,Laptop Sleeve,Accessories,4,19.12,0.05,72.66,32.36,2025-12
13166,2025-12-03,C1124,South,Printer Ink,Electronics,4,28.94,0.0,115.76,36.33,2025-12
13167,2025-12-03,C1063,East,Wireless Mouse,Accessories,1,26.06,0.0,26.06,10.06,2025-12
13168,2025-12-04,C1085,North,Bluetooth Speaker,Electronics,2,46.71,0.0,93.42,29.71,2025-12
13169,2025-12-04,C1097,West,Bluetooth Speaker,Electronics,2,47.01,0.0,94.02,29.19,2025-12
13170,2025-12-04,C1056,North,Laptop Sleeve,Accessories,5,18.74,0.0,93.7,41.51,2025-12
13171,2025-12-04,C1091,West,Office Chair,Furniture,3,116.57,0.1,314.74,118.75,2025-12
13172,2025-12-04,C1183,South,Wireless Mouse,Accessories,3,25.9,0.0,77.7,34.72,2025-12
13173,2025-12-04,C1091,East,Bluetooth Speaker,Electronics,1,42.63,0.0,42.63,12.21,2025-12
13174,2025-12-04,C1188,East,USB-C Cable,Accessories,1,12.29,0.0,12.29,4.59,2025-12
13175,2025-12-04,C1222,North,Water Bottle,Lifestyle,3,14.07,0.05,40.1,19.49,2025-12
13176,2025-12-04,C1021,East,Wireless Mouse,Accessories,5,25.1,0.0,125.5,54.8,2025-12
13177,2025-12-04,C1061,East,Wireless Mouse,Accessories,7,25.5,0.0,178.5,78.84,2025-12
13178,2025-12-04,C1199,West,USB-C Cable,Accessories,3,11.09,0.1,29.94,13.43,2025-12
13179,2025-12-04,C1233,East,Notebook Pack,Stationery,4,8.4,0.0,33.6,17.99,2025-12
13180,2025-12-04,C1223,South,Notebook Pack,Stationery,4,8.3,0.0,33.2,16.77,2025-12
13181,2025-12-04,C1106,North,Wireless Mouse,Accessories,1,24.48,0.0,24.48,10.03,2025-12
13182,2025-12-04,C1281,North,Bluetooth Speaker,Electronics,2,47.18,0.0,94.36,29.9,2025-12
13183,2025-12-05,C1246,West,Desk Lamp,Furniture,6,30.42,0.0,182.52,69.08,2025-12
13184,2025-12-05,C1082,North,USB-C Cable,Accessories,3,11.39,0.0,34.17,13.79,2025-12
13185,2025-12-05,C1133,West,Bluetooth Speaker,Electronics,5,43.3,0.0,216.5,68.98,2025-12
13186,2025-12-05,C1056,East,Notebook Pack,Stationery,6,8.01,0.05,45.66,25.03,2025-12
13187,2025-12-05,C1241,East,Water Bottle,Lifestyle,4,14.53,0.0,58.12,27.39,2025-12
13188,2025-12-05,C1266,South,Monitor Stand,Furniture,2,39.2,0.05,74.48,27.46,2025-12
13189,2025-12-05,C1293,West,Wireless Mouse,Accessories,2,24.99,0.05,47.48,20.27,2025-12
13190,2025-12-05,C1193,West,Office Chair,Furniture,4,127.18,0.0,508.72,193.17,2025-12
13191,2025-12-05,C1043,North,Laptop Sleeve,Accessories,5,17.41,0.1,78.34,34.75,2025-12
13192,2025-12-05,C1297,North,Desk Lamp,Furniture,1,30.54,0.0,30.54,11.01,2025-12
13193,2025-12-05,C1096,East,Notebook Pack,Stationery,3,7.93,0.0,23.79,11.28,2025-12
13194,2025-12-06,C1056,North,Printer Ink,Electronics,3,29.04,0.0,87.12,26.36,2025-12
13195,2025-12-06,C1039,East,USB-C Cable,Accessories,4,12.34,0.0,49.36,20.57,2025-12
13196,2025-12-06,C1140,North,Notebook Pack,Stationery,4,8.35,0.0,33.4,17.61,2025-12
13197,2025-12-06,C1156,East,Laptop Sleeve,Accessories,6,18.34,0.05,104.54,46.04,2025-12
13198,2025-12-06,C1009,North,Monitor Stand,Furniture,5,37.26,0.0,186.3,69.09,2025-12
13199,2025-12-06,C1293,West,Office Chair,Furniture,3,122.68,0.0,368.04,139.81,2025-12
13200,2025-12-06,C1072,South,Laptop Sleeve,Accessories,7,19.04,0.0,133.28,59.54,2025-12
13201,2025-12-06,C1235,West,Notebook Pack,Stationery,4,8.4,0.0,33.6,17.45,2025-12
13202,2025-12-06,C1086,South,Desk Lamp,Furniture,2,31.31,0.0,62.62,23.14,2025-12
13203,2025-12-06,C1148,North,Monitor Stand,Furniture,4,36.88,0.0,147.52,54.64,2025-12
13204,2025-12-06,C1291,South,Bluetooth Speaker,Electronics,5,44.09,0.0,220.45,68.59,2025-12
13205,2025-12-06,C1128,East,Wireless Mouse,Accessories,1,23.36,0.0,23.36,10.33,2025-12
13206,2025-12-06,C1038,West,Office Chair,Furniture,5,125.61,0.1,565.24,214.77,2025-12
13207,2025-12-06,C1036,West,Wireless Mouse,Accessories,4,25.54,0.0,102.16,45.74,2025-12
13208,2025-12-06,C1186,East,Wireless Mouse,Accessories,5,26.36,0.0,131.8,58.18,2025-12
13209,2025-12-06,C1006,South,Bluetooth Speaker,Electronics,4,44.57,0.0,178.28,55.88,2025-12
13210,2025-12-06,C1283,South,Wireless Mouse,Accessories,4,26.68,0.0,106.72,47.69,2025-12
13211,2025-12-06,C1218,West,USB-C Cable,Accessories,4,12.86,0.15,43.72,18.05,2025-12
13212,2025-12-06,C1139,North,Office Chair,Furniture,3,119.41,0.0,358.23,135.81,2025-12
13213,2025-12-07,C1262,West,Notebook Pack,Stationery,1,8.29,0.0,8.29,3.66,2025-12
13214,2025-12-07,C1108,West,USB-C Cable,Accessories,3,11.38,0.0,34.14,13.62,2025-12
13215,2025-12-07,C1078,West,Wireless Mouse,Accessories,4,26.45,0.0,105.8,47.56,2025-12
13216,2025-12-07,C1237,East,Bluetooth Speaker,Electronics,7,43.1,0.0,301.7,96.46,2025-12
13217,2025-12-07,C1031,West,Wireless Mouse,Accessories,4,26.0,0.0,104.0,45.68,2025-12
13218,2025-12-07,C1003,North,Water Bottle,Lifestyle,6,13.84,0.05,78.89,37.93,2025-12
13219,2025-12-07,C1183,South,Office Chair,Furniture,2,110.76,0.0,221.52,83.67,2025-12
13220,2025-12-07,C1002,North,Bluetooth Speaker,Electronics,2,48.08,0.0,96.16,30.52,2025-12
13221,2025-12-07,C1005,South,Water Bottle,Lifestyle,3,15.17,0.0,45.51,20.85,2025-12
13222,2025-12-07,C1176,East,Laptop Sleeve,Accessories,4,17.91,0.1,64.48,27.48,2025-12
13223,2025-12-07,C1109,North,Laptop Sleeve,Accessories,2,17.86,0.0,35.72,14.45,2025-12
13224,2025-12-07,C1152,West,Wireless Mouse,Accessories,2,26.67,0.1,48.01,21.06,2025-12
13225,2025-12-07,C1245,North,Printer Ink,Electronics,2,29.05,0.0,58.1,18.25,2025-12
13226,2025-12-07,C1146,West,Printer Ink,Electronics,11,28.2,0.1,279.18,88.08,2025-12
13227,2025-12-07,C1030,North,Monitor Stand,Furniture,4,38.57,0.1,138.85,51.98,2025-12
13228,2025-12-08,C1248,South,Desk Lamp,Furniture,3,31.83,0.05,90.72,33.84,2025-12
13229,2025-12-08,C1135,East,Desk Lamp,Furniture,5,33.13,0.0,165.65,62.42,2025-12
13230,2025-12-08,C1248,South,USB-C Cable,Accessories,5,12.36,0.0,61.8,27.26,2025-12
13231,2025-12-08,C1208,South,Desk Lamp,Furniture,2,29.95,0.0,59.9,21.63,2025-12
13232,2025-12-08,C1195,North,Bluetooth Speaker,Electronics,4,41.96,0.0,167.84,51.91,2025-12
13233,2025-12-08,C1258,West,Laptop Sleeve,Accessories,5,17.14,0.1,77.13,33.65,2025-12
13234,2025-12-08,C1109,South,Office Chair,Furniture,3,112.09,0.05,319.46,120.43,2025-12
13235,2025-12-08,C1292,South,Wireless Mouse,Accessories,2,24.63,0.15,41.87,18.48,2025-12
13236,2025-12-09,C1185,South,Laptop Sleeve,Accessories,3,17.82,0.1,48.11,19.78,2025-12
13237,2025-12-09,C1131,West,Desk Lamp,Furniture,3,32.99,0.0,98.97,37.08,2025-12
13238,2025-12-09,C1143,South,Notebook Pack,Stationery,2,8.14,0.0,16.28,7.32,2025-12
13239,2025-12-09,C1269,North,Office Chair,Furniture,4,125.01,0.15,425.03,160.56,2025-12
13240,2025-12-09,C1103,North,Printer Ink,Electronics,6,29.72,0.0,178.32,55.31,2025-12
13241,2025-12-09,C1234,East,Water Bottle,Lifestyle,4,14.48,0.0,57.92,27.82,2025-12
13242,2025-12-09,C1122,North,USB-C Cable,Accessories,3,12.72,0.15,32.44,14.09,2025-12
13243,2025-12-09,C1108,North,Notebook Pack,Stationery,6,8.49,0.05,48.39,25.71,2025-12
13244,2025-12-09,C1220,West,Laptop Sleeve,Accessories,3,19.1,0.15,48.71,20.24,2025-12
13245,2025-12-09,C1202,West,Bluetooth Speaker,Electronics,7,45.65,0.0,319.55,101.57,2025-12
13246,2025-12-09,C1258,South,Bluetooth Speaker,Electronics,4,42.07,0.15,143.04,45.67,2025-12
13247,2025-12-09,C1034,West,Monitor Stand,Furniture,3,38.71,0.0,116.13,43.51,2025-12
13248,2025-12-09,C1059,West,Office Chair,Furniture,4,117.94,0.05,448.17,169.22,2025-12
13249,2025-12-09,C1068,North,USB-C Cable,Accessories,4,12.24,0.0,48.96,20.43,2025-12
13250,2025-12-09,C1134,South,Monitor Stand,Furniture,4,39.54,0.0,158.16,58.17,2025-12
13251,2025-12-09,C1285,West,Bluetooth Speaker,Electronics,3,41.64,0.0,124.92,38.42,2025-12
13252,2025-12-09,C1206,East,Laptop Sleeve,Accessories,5,16.89,0.05,80.23,35.42,2025-12
13253,2025-12-09,C1008,West,Desk Lamp,Furniture,3,30.11,0.0,90.33,33.25,2025-12
13254,2025-12-10,C1028,West,USB-C Cable,Accessories,2,12.27,0.0,24.54,9.5,2025-12
13255,2025-12-10,C1200,South,Office Chair,Furniture,5,128.08,0.0,640.4,242.08,2025-12
13256,2025-12-10,C1111,North,USB-C Cable,Accessories,3,11.62,0.0,34.86,14.74,2025-12
13257,2025-12-10,C1261,West,Wireless Mouse,Accessories,5,25.61,0.0,128.05,55.78,2025-12
13258,2025-12-10,C1059,South,Wireless Mouse,Accessories,6,25.7,0.05,146.49,64.51,2025-12
13259,2025-12-10,C1043,North,Wireless Mouse,Accessories,4,23.88,0.0,95.52,42.46,2025-12
13260,2025-12-10,C1150,North,Notebook Pack,Stationery,5,8.43,0.0,42.15,21.2,2025-12
13261,2025-12-10,C1158,South,Laptop Sleeve,Accessories,2,17.11,0.0,34.22,15.35,2025-12
13262,2025-12-10,C1008,North,Office Chair,Furniture,4,120.48,0.1,433.73,163.82,2025-12
13263,2025-12-10,C1098,West,Bluetooth Speaker,Electronics,4,45.01,0.0,180.04,56.07,2025-12
13264,2025-12-10,C1093,South,Notebook Pack,Stationery,1,7.36,0.0,7.36,3.61,2025-12
13265,2025-12-10,C1037,West,Bluetooth Speaker,Electronics,3,44.48,0.05,126.77,40.57,2025-12
13266,2025-12-10,C1112,South,Office Chair,Furniture,4,126.65,0.0,506.6,191.17,2025-12
13267,2025-12-11,C1177,North,Water Bottle,Lifestyle,4,15.88,0.0,63.52,30.91,2025-12
13268,2025-12-11,C1073,West,Notebook Pack,Stationery,1,8.55,0.0,8.55,3.03,2025-12
13269,2025-12-11,C1242,North,Laptop Sleeve,Accessories,4,17.33,0.0,69.32,30.46,2025-12
13270,2025-12-11,C1197,East,Notebook Pack,Stationery,3,8.54,0.0,25.62,13.21,2025-12
13271,2025-12-11,C1082,West,Laptop Sleeve,Accessories,2,18.57,0.0,37.14,16.08,2025-12
13272,2025-12-11,C1153,West,USB-C Cable,Accessories,2,12.29,0.0,24.58,9.79,2025-12
13273,2025-12-11,C1216,South,Notebook Pack,Stationery,2,8.64,0.0,17.28,8.1,2025-12
13274,2025-12-11,C1200,East,Notebook Pack,Stationery,8,7.9,0.0,63.2,34.59,2025-12
13275,2025-12-11,C1207,North,Bluetooth Speaker,Electronics,6,43.61,0.0,261.66,82.24,2025-12
13276,2025-12-11,C1185,South,Notebook Pack,Stationery,5,8.27,0.0,41.35,21.51,2025-12
13277,2025-12-12,C1149,East,Notebook Pack,Stationery,6,8.51,0.0,51.06,27.49,2025-12
13278,2025-12-12,C1166,South,Laptop Sleeve,Accessories,2,17.57,0.0,35.14,14.0,2025-12
13279,2025-12-12,C1204,North,Notebook Pack,Stationery,9,7.96,0.0,71.64,37.58,2025-12
13280,2025-12-12,C1229,South,Wireless Mouse,Accessories,6,23.75,0.0,142.5,62.32,2025-12
13281,2025-12-12,C1075,North,USB-C Cable,Accessories,1,12.46,0.0,12.46,4.86,2025-12
13282,2025-12-12,C1201,South,Monitor Stand,Furniture,4,36.41,0.0,145.64,54.18,2025-12
13283,2025-12-12,C1236,East,Water Bottle,Lifestyle,6,15.02,0.0,90.12,43.66,2025-12
13284,2025-12-12,C1036,West,Water Bottle,Lifestyle,4,14.6,0.15,49.64,24.69,2025-12
13285,2025-12-12,C1057,West,Printer Ink,Electronics,3,29.44,0.0,88.32,26.92,2025-12
13286,2025-12-13,C1076,North,Wireless Mouse,Accessories,6,25.18,0.0,151.08,66.27,2025-12
13287,2025-12-13,C1228,South,Bluetooth Speaker,Electronics,3,42.22,0.0,126.66,39.13,2025-12
13288,2025-12-13,C1211,East,USB-C Cable,Accessories,4,11.36,0.0,45.44,19.87,2025-12
13289,2025-12-13,C1230,East,Bluetooth Speaker,Electronics,1,48.0,0.0,48.0,14.64,2025-12
13290,2025-12-13,C1197,North,Water Bottle,Lifestyle,2,15.73,0.0,31.46,14.16,2025-12
13291,2025-12-13,C1119,North,Office Chair,Furniture,5,113.22,0.0,566.1,213.96,2025-12
13292,2025-12-13,C1227,West,USB-C Cable,Accessories,4,11.84,0.0,47.36,21.19,2025-12
13293,2025-12-13,C1296,South,USB-C Cable,Accessories,2,12.03,0.0,24.06,8.98,2025-12
13294,2025-12-13,C1158,West,Notebook Pack,Stationery,1,8.07,0.1,7.26,3.48,2025-12
13295,2025-12-13,C1094,West,USB-C Cable,Accessories,3,11.57,0.0,34.71,14.29,2025-12
13296,2025-12-13,C1241,North,Laptop Sleeve,Accessories,2,17.46,0.0,34.92,14.19,2025-12
13297,2025-12-13,C1083,South,Water Bottle,Lifestyle,4,15.51,0.0,62.04,29.72,2025-12
13298,2025-12-13,C1119,South,Wireless Mouse,Accessories,4,23.96,0.0,95.84,43.04,2025-12
13299,2025-12-14,C1044,West,Office Chair,Furniture,4,128.22,0.0,512.88,194.7,2025-12
13300,2025-12-14,C1138,North,Office Chair,Furniture,5,110.68,0.0,553.4,208.48,2025-12
13301,2025-12-14,C1057,East,Monitor Stand,Furniture,2,36.68,0.15,62.36,21.8,2025-12
13302,2025-12-14,C1086,West,Laptop Sleeve,Accessories,3,17.42,0.0,52.26,22.5,2025-12
13303,2025-12-14,C1219,North,Laptop Sleeve,Accessories,3,17.65,0.0,52.95,22.23,2025-12
13304,2025-12-14,C1159,West,Bluetooth Speaker,Electronics,3,42.07,0.15,107.28,33.9,2025-12
13305,2025-12-14,C1023,South,Monitor Stand,Furniture,4,40.61,0.0,162.44,61.31,2025-12
13306,2025-12-14,C1019,West,Desk Lamp,Furniture,4,30.32,0.0,121.28,44.52,2025-12
13307,2025-12-14,C1140,North,Wireless Mouse,Accessories,4,26.66,0.0,106.64,46.45,2025-12
13308,2025-12-14,C1183,East,Office Chair,Furniture,4,110.83,0.0,443.32,167.43,2025-12
13309,2025-12-14,C1203,West,Notebook Pack,Stationery,2,8.22,0.0,16.44,7.66,2025-12
13310,2025-12-14,C1246,East,Wireless Mouse,Accessories,2,24.91,0.0,49.82,22.36,2025-12
13311,2025-12-14,C1259,South,Water Bottle,Lifestyle,6,14.71,0.0,88.26,42.79,2025-12
13312,2025-12-14,C1078,East,Wireless Mouse,Accessories,1,25.34,0.0,25.34,10.62,2025-12
13313,2025-12-14,C1268,South,Wireless Mouse,Accessories,7,25.87,0.05,172.04,76.3,2025-12
13314,2025-12-15,C1105,West,Office Chair,Furniture,5,117.34,0.0,586.7,221.57,2025-12
13315,2025-12-15,C1102,South,USB-C Cable,Accessories,2,12.58,0.0,25.16,10.54,2025-12
13316,2025-12-15,C1258,East,Laptop Sleeve,Accessories,8,18.31,0.0,146.48,64.93,2025-12
13317,2025-12-15,C1059,North,Printer Ink,Electronics,4,25.83,0.0,103.32,32.59,2025-12
13318,2025-12-15,C1041,West,Bluetooth Speaker,Electronics,5,43.11,0.0,215.55,68.59,2025-12
13319,2025-12-15,C1144,North,Office Chair,Furniture,4,117.03,0.05,444.71,167.2,2025-12
13320,2025-12-15,C1196,East,Laptop Sleeve,Accessories,2,17.44,0.0,34.88,14.75,2025-12
13321,2025-12-15,C1223,East,Laptop Sleeve,Accessories,2,19.16,0.05,36.4,14.8,2025-12
13322,2025-12-15,C1173,East,Office Chair,Furniture,2,118.29,0.1,212.92,80.43,2025-12
13323,2025-12-15,C1148,South,Monitor Stand,Furniture,4,38.09,0.0,152.36,56.61,2025-12
13324,2025-12-15,C1138,North,Laptop Sleeve,Accessories,1,18.47,0.1,16.62,6.31,2025-12
13325,2025-12-15,C1121,South,Office Chair,Furniture,3,116.86,0.0,350.58,132.11,2025-12
13326,2025-12-16,C1138,North,Bluetooth Speaker,Electronics,8,42.09,0.1,303.05,96.6,2025-12
13327,2025-12-16,C1016,South,Laptop Sleeve,Accessories,3,17.89,0.0,53.67,22.97,2025-12
13328,2025-12-16,C1133,West,Wireless Mouse,Accessories,8,23.41,0.0,187.28,82.83,2025-12
13329,2025-12-16,C1160,South,Water Bottle,Lifestyle,2,16.05,0.1,28.89,14.32,2025-12
13330,2025-12-16,C1129,West,Bluetooth Speaker,Electronics,5,47.74,0.0,238.7,75.37,2025-12
13331,2025-12-16,C1072,North,Monitor Stand,Furniture,5,38.29,0.0,191.45,72.38,2025-12
13332,2025-12-16,C1263,South,Office Chair,Furniture,3,112.52,0.0,337.56,127.85,2025-12
13333,2025-12-16,C1168,East,Bluetooth Speaker,Electronics,1,47.31,0.0,47.31,13.16,2025-12
13334,2025-12-16,C1238,West,Monitor Stand,Furniture,1,36.89,0.15,31.36,9.96,2025-12
13335,2025-12-16,C1189,South,Wireless Mouse,Accessories,1,26.58,0.0,26.58,11.08,2025-12
13336,2025-12-16,C1119,West,Laptop Sleeve,Accessories,1,18.72,0.0,18.72,7.27,2025-12
13337,2025-12-16,C1199,East,Wireless Mouse,Accessories,2,25.62,0.0,51.24,22.86,2025-12
13338,2025-12-16,C1119,North,Water Bottle,Lifestyle,5,15.22,0.05,72.3,35.12,2025-12
13339,2025-12-16,C1289,South,Office Chair,Furniture,8,127.25,0.0,1018.0,385.05,2025-12
13340,2025-12-16,C1037,North,Monitor Stand,Furniture,5,39.66,0.0,198.3,73.82,2025-12
13341,2025-12-16,C1194,North,Water Bottle,Lifestyle,9,14.4,0.0,129.6,63.64,2025-12
13342,2025-12-16,C1166,West,Laptop Sleeve,Accessories,5,17.78,0.0,88.9,38.51,2025-12
13343,2025-12-17,C1172,West,Desk Lamp,Furniture,3,32.14,0.0,96.42,35.91,2025-12
13344,2025-12-17,C1006,East,Wireless Mouse,Accessories,3,26.84,0.0,80.52,34.94,2025-12
13345,2025-12-17,C1067,North,Wireless Mouse,Accessories,4,26.21,0.05,99.6,44.58,2025-12
13346,2025-12-17,C1149,West,Office Chair,Furniture,4,118.73,0.0,474.92,179.46,2025-12
13347,2025-12-17,C1152,South,Laptop Sleeve,Accessories,7,16.65,0.1,104.89,47.05,2025-12
13348,2025-12-17,C1145,West,Printer Ink,Electronics,3,27.3,0.1,73.71,23.26,2025-12
13349,2025-12-17,C1147,East,USB-C Cable,Accessories,1,11.28,0.0,11.28,3.74,2025-12
13350,2025-12-17,C1109,South,Desk Lamp,Furniture,4,32.57,0.0,130.28,48.68,2025-12
13351,2025-12-17,C1200,South,Desk Lamp,Furniture,2,30.11,0.0,60.22,21.59,2025-12
13352,2025-12-18,C1118,West,Water Bottle,Lifestyle,6,14.13,0.0,84.78,41.84,2025-12
13353,2025-12-18,C1271,East,Bluetooth Speaker,Electronics,4,48.28,0.0,193.12,60.0,2025-12
13354,2025-12-18,C1254,North,Desk Lamp,Furniture,2,30.03,0.15,51.05,17.65,2025-12
13355,2025-12-18,C1075,West,Wireless Mouse,Accessories,3,26.06,0.1,70.36,29.8,2025-12
13356,2025-12-18,C1044,South,Wireless Mouse,Accessories,1,25.04,0.0,25.04,10.8,2025-12
13357,2025-12-18,C1056,East,Wireless Mouse,Accessories,1,23.95,0.1,21.56,8.89,2025-12
13358,2025-12-18,C1289,East,Notebook Pack,Stationery,2,8.01,0.0,16.02,7.13,2025-12
13359,2025-12-18,C1118,West,Wireless Mouse,Accessories,4,25.45,0.05,96.71,42.33,2025-12
13360,2025-12-18,C1200,South,Bluetooth Speaker,Electronics,4,45.24,0.0,180.96,56.78,2025-12
13361,2025-12-18,C1245,North,Wireless Mouse,Accessories,1,24.39,0.0,24.39,10.86,2025-12
13362,2025-12-19,C1251,West,Laptop Sleeve,Accessories,4,17.01,0.0,68.04,30.36,2025-12
13363,2025-12-19,C1238,West,Bluetooth Speaker,Electronics,7,43.64,0.0,305.48,96.6,2025-12
13364,2025-12-19,C1157,North,Notebook Pack,Stationery,4,7.84,0.05,29.79,14.66,2025-12
13365,2025-12-19,C1158,East,Laptop Sleeve,Accessories,7,17.41,0.0,121.87,54.7,2025-12
13366,2025-12-19,C1064,North,Wireless Mouse,Accessories,3,24.75,0.0,74.25,33.23,2025-12
13367,2025-12-19,C1244,South,USB-C Cable,Accessories,5,12.18,0.0,60.9,25.81,2025-12
13368,2025-12-19,C1184,North,Wireless Mouse,Accessories,4,25.61,0.0,102.44,45.45,2025-12
13369,2025-12-19,C1126,South,Office Chair,Furniture,4,129.23,0.0,516.92,196.0,2025-12
13370,2025-12-19,C1024,West,Water Bottle,Lifestyle,4,16.05,0.0,64.2,31.54,2025-12
13371,2025-12-20,C1294,West,Water Bottle,Lifestyle,4,16.19,0.0,64.76,30.62,2025-12
13372,2025-12-20,C1017,East,Monitor Stand,Furniture,2,39.6,0.0,79.2,30.03,2025-12
13373,2025-12-20,C1068,West,Bluetooth Speaker,Electronics,2,45.76,0.05,86.94,26.99,2025-12
13374,2025-12-20,C1151,West,Office Chair,Furniture,5,111.12,0.0,555.6,210.72,2025-12
13375,2025-12-20,C1221,South,Bluetooth Speaker,Electronics,1,48.55,0.0,48.55,14.45,2025-12
13376,2025-12-20,C1101,West,Desk Lamp,Furniture,4,32.96,0.0,131.84,50.05,2025-12
13377,2025-12-20,C1041,East,Wireless Mouse,Accessories,5,23.92,0.0,119.6,53.64,2025-12
13378,2025-12-20,C1175,South,Bluetooth Speaker,Electronics,4,44.7,0.0,178.8,56.62,2025-12
13379,2025-12-20,C1044,West,USB-C Cable,Accessories,1,12.18,0.0,12.18,4.8,2025-12
13380,2025-12-20,C1022,West,Notebook Pack,Stationery,3,8.07,0.0,24.21,12.09,2025-12
13381,2025-12-20,C1044,West,Notebook Pack,Stationery,1,7.71,0.0,7.71,4.08,2025-12
13382,2025-12-20,C1224,South,Monitor Stand,Furniture,2,39.99,0.0,79.98,29.7,2025-12
13383,2025-12-20,C1246,East,Laptop Sleeve,Accessories,7,17.82,0.0,124.74,56.06,2025-12
13384,2025-12-20,C1055,South,Bluetooth Speaker,Electronics,3,41.97,0.15,107.02,32.37,2025-12
13385,2025-12-20,C1249,West,Laptop Sleeve,Accessories,1,17.19,0.0,17.19,7.13,2025-12
13386,2025-12-21,C1252,West,Wireless Mouse,Accessories,4,25.32,0.0,101.28,45.27,2025-12
13387,2025-12-21,C1123,North,Desk Lamp,Furniture,1,30.76,0.0,30.76,10.1,2025-12
13388,2025-12-21,C1089,East,Office Chair,Furniture,2,121.24,0.0,242.48,91.83,2025-12
13389,2025-12-21,C1107,North,Office Chair,Furniture,5,126.49,0.0,632.45,239.93,2025-12
13390,2025-12-21,C1247,West,Wireless Mouse,Accessories,2,24.85,0.0,49.7,20.8,2025-12
13391,2025-12-21,C1001,North,Wireless Mouse,Accessories,1,25.36,0.0,25.36,9.72,2025-12
13392,2025-12-21,C1128,West,Laptop Sleeve,Accessories,2,19.2,0.0,38.4,17.2,2025-12
13393,2025-12-21,C1145,East,Water Bottle,Lifestyle,3,14.56,0.0,43.68,21.18,2025-12
13394,2025-12-21,C1148,North,Monitor Stand,Furniture,2,40.63,0.0,81.26,30.0,2025-12
13395,2025-12-21,C1053,East,USB-C Cable,Accessories,4,12.37,0.0,49.48,21.89,2025-12
13396,2025-12-21,C1049,West,Monitor Stand,Furniture,3,40.99,0.0,122.97,45.3,2025-12
13397,2025-12-21,C1221,North,Printer Ink,Electronics,4,29.34,0.0,117.36,36.14,2025-12
13398,2025-12-21,C1070,West,Bluetooth Speaker,Electronics,2,41.59,0.0,83.18,25.65,2025-12
13399,2025-12-22,C1151,North,Desk Lamp,Furniture,2,30.44,0.0,60.88,22.55,2025-12
13400,2025-12-22,C1024,North,Desk Lamp,Furniture,2,33.88,0.0,67.76,24.04,2025-12
13401,2025-12-22,C1211,East,Bluetooth Speaker,Electronics,2,46.11,0.0,92.22,29.06,2025-12
13402,2025-12-22,C1028,North,USB-C Cable,Accessories,2,11.84,0.0,23.68,9.4,2025-12
13403,2025-12-22,C1239,North,Desk Lamp,Furniture,3,32.6,0.0,97.8,35.26,2025-12
13404,2025-12-22,C1211,North,Laptop Sleeve,Accessories,2,19.43,0.0,38.86,16.63,2025-12
13405,2025-12-22,C1070,West,Monitor Stand,Furniture,4,36.23,0.0,144.92,54.18,2025-12
13406,2025-12-22,C1221,North,USB-C Cable,Accessories,7,11.95,0.0,83.65,37.21,2025-12
13407,2025-12-22,C1083,East,Wireless Mouse,Accessories,2,26.48,0.15,45.02,19.59,2025-12
13408,2025-12-22,C1129,West,Laptop Sleeve,Accessories,2,17.41,0.0,34.82,14.83,2025-12
13409,2025-12-22,C1213,East,Notebook Pack,Stationery,2,7.58,0.0,15.16,7.95,2025-12
13410,2025-12-22,C1203,East,Printer Ink,Electronics,4,26.44,0.0,105.76,32.44,2025-12
13411,2025-12-22,C1291,North,USB-C Cable,Accessories,2,12.08,0.0,24.16,10.24,2025-12
13412,2025-12-22,C1063,North,USB-C Cable,Accessories,2,11.69,0.1,21.04,9.35,2025-12
13413,2025-12-22,C1147,North,Water Bottle,Lifestyle,8,15.06,0.0,120.48,59.16,2025-12
13414,2025-12-22,C1104,West,USB-C Cable,Accessories,4,12.24,0.0,48.96,21.34,2025-12
13415,2025-12-23,C1022,East,Bluetooth Speaker,Electronics,4,42.55,0.05,161.69,50.08,2025-12
13416,2025-12-23,C1274,West,Water Bottle,Lifestyle,2,15.21,0.0,30.42,14.76,2025-12
13417,2025-12-23,C1243,East,Notebook Pack,Stationery,2,8.52,0.0,17.04,9.13,2025-12
13418,2025-12-23,C1099,North,Printer Ink,Electronics,4,27.24,0.0,108.96,34.48,2025-12
13419,2025-12-23,C1056,West,Desk Lamp,Furniture,3,31.23,0.0,93.69,34.7,2025-12
13420,2025-12-23,C1093,East,Monitor Stand,Furniture,3,36.72,0.0,110.16,39.87,2025-12
13421,2025-12-23,C1095,South,Laptop Sleeve,Accessories,2,18.49,0.1,33.28,14.18,2025-12
13422,2025-12-23,C1004,South,Bluetooth Speaker,Electronics,3,45.03,0.0,135.09,42.7,2025-12
13423,2025-12-23,C1099,East,Laptop Sleeve,Accessories,2,19.39,0.0,38.78,16.47,2025-12
13424,2025-12-23,C1282,West,Notebook Pack,Stationery,1,8.64,0.05,8.21,2.98,2025-12
13425,2025-12-23,C1220,North,Laptop Sleeve,Accessories,5,17.88,0.0,89.4,39.51,2025-12
13426,2025-12-23,C1007,South,Laptop Sleeve,Accessories,3,18.5,0.0,55.5,23.37,2025-12
13427,2025-12-23,C1010,South,Laptop Sleeve,Accessories,2,17.16,0.1,30.89,13.0,2025-12
13428,2025-12-23,C1176,West,Office Chair,Furniture,4,122.57,0.0,490.28,185.96,2025-12
13429,2025-12-23,C1241,North,Desk Lamp,Furniture,3,32.74,0.0,98.22,35.71,2025-12
13430,2025-12-23,C1020,West,Printer Ink,Electronics,3,28.86,0.0,86.58,26.53,2025-12
13431,2025-12-24,C1065,West,Laptop Sleeve,Accessories,2,17.52,0.0,35.04,15.17,2025-12
13432,2025-12-24,C1221,South,USB-C Cable,Accessories,4,11.44,0.0,45.76,19.07,2025-12
13433,2025-12-24,C1213,West,Wireless Mouse,Accessories,5,26.81,0.1,120.64,53.59,2025-12
13434,2025-12-24,C1267,West,Wireless Mouse,Accessories,1,23.04,0.0,23.04,9.05,2025-12
13435,2025-12-24,C1051,South,Notebook Pack,Stationery,5,7.86,0.0,39.3,20.17,2025-12
13436,2025-12-24,C1002,South,Desk Lamp,Furniture,6,29.65,0.0,177.9,67.19,2025-12
13437,2025-12-24,C1156,West,Bluetooth Speaker,Electronics,3,46.28,0.0,138.84,43.05,2025-12
13438,2025-12-24,C1109,West,Printer Ink,Electronics,3,26.01,0.0,78.03,24.37,2025-12
13439,2025-12-24,C1094,North,Monitor Stand,Furniture,5,36.85,0.0,184.25,69.17,2025-12
13440,2025-12-24,C1279,South,Water Bottle,Lifestyle,6,16.17,0.0,97.02,47.58,2025-12
13441,2025-12-24,C1085,West,Office Chair,Furniture,2,126.12,0.0,252.24,93.94,2025-12
13442,2025-12-24,C1140,North,Laptop Sleeve,Accessories,4,17.02,0.0,68.08,30.39,2025-12
13443,2025-12-24,C1092,North,Notebook Pack,Stationery,3,8.53,0.0,25.59,13.7,2025-12
13444,2025-12-24,C1150,West,Desk Lamp,Furniture,1,31.15,0.0,31.15,10.42,2025-12
13445,2025-12-24,C1027,South,Laptop Sleeve,Accessories,4,18.82,0.0,75.28,32.8,2025-12
13446,2025-12-24,C1042,North,Laptop Sleeve,Accessories,1,19.42,0.0,19.42,8.49,2025-12
13447,2025-12-24,C1230,East,Laptop Sleeve,Accessories,2,18.02,0.05,34.24,13.72,2025-12
13448,2025-12-24,C1030,West,USB-C Cable,Accessories,5,11.33,0.0,56.65,23.73,2025-12
13449,2025-12-25,C1144,South,Wireless Mouse,Accessories,3,23.75,0.1,64.12,28.48,2025-12
13450,2025-12-25,C1130,West,Printer Ink,Electronics,6,28.76,0.1,155.3,49.48,2025-12
13451,2025-12-25,C1160,West,Monitor Stand,Furniture,3,39.74,0.0,119.22,43.77,2025-12
13452,2025-12-25,C1047,North,Water Bottle,Lifestyle,3,15.54,0.0,46.62,21.8,2025-12
13453,2025-12-25,C1273,East,Wireless Mouse,Accessories,5,26.75,0.0,133.75,59.1,2025-12
13454,2025-12-25,C1163,West,Water Bottle,Lifestyle,1,15.09,0.0,15.09,6.42,2025-12
13455,2025-12-25,C1207,West,Wireless Mouse,Accessories,4,26.16,0.05,99.41,44.58,2025-12
13456,2025-12-25,C1089,East,Monitor Stand,Furniture,3,39.91,0.0,119.73,44.28,2025-12
13457,2025-12-25,C1147,East,Laptop Sleeve,Accessories,2,18.79,0.15,31.94,12.84,2025-12
13458,2025-12-26,C1104,South,Desk Lamp,Furniture,9,31.73,0.0,285.57,108.32,2025-12
13459,2025-12-26,C1264,North,Wireless Mouse,Accessories,4,26.29,0.15,89.39,39.51,2025-12
13460,2025-12-26,C1173,North,Desk Lamp,Furniture,5,29.61,0.0,148.05,56.15,2025-12
13461,2025-12-26,C1095,East,Water Bottle,Lifestyle,5,14.41,0.0,72.05,35.76,2025-12
13462,2025-12-26,C1256,South,Laptop Sleeve,Accessories,3,18.75,0.0,56.25,23.96,2025-12
13463,2025-12-26,C1291,North,Notebook Pack,Stationery,4,7.96,0.15,27.06,14.57,2025-12
13464,2025-12-26,C1204,East,Printer Ink,Electronics,3,27.19,0.1,73.41,23.25,2025-12
13465,2025-12-26,C1104,South,Laptop Sleeve,Accessories,5,18.68,0.0,93.4,41.98,2025-12
13466,2025-12-26,C1220,West,Laptop Sleeve,Accessories,6,18.17,0.0,109.02,47.5,2025-12
13467,2025-12-26,C1047,West,Laptop Sleeve,Accessories,6,19.37,0.1,104.6,46.98,2025-12
13468,2025-12-27,C1158,South,Bluetooth Speaker,Electronics,3,44.18,0.0,132.54,40.42,2025-12
13469,2025-12-27,C1186,North,Monitor Stand,Furniture,3,38.23,0.0,114.69,41.95,2025-12
13470,2025-12-27,C1261,South,Bluetooth Speaker,Electronics,5,43.27,0.0,216.35,68.67,2025-12
13471,2025-12-27,C1070,East,Laptop Sleeve,Accessories,4,17.32,0.0,69.28,30.53,2025-12
13472,2025-12-27,C1092,West,Wireless Mouse,Accessories,5,25.34,0.05,120.36,53.64,2025-12
13473,2025-12-27,C1042,South,Laptop Sleeve,Accessories,7,18.89,0.0,132.23,58.09,2025-12
13474,2025-12-27,C1180,West,Office Chair,Furniture,2,126.24,0.0,252.48,95.57,2025-12
13475,2025-12-27,C1004,East,Desk Lamp,Furniture,2,30.2,0.0,60.4,21.77,2025-12
13476,2025-12-27,C1091,North,Laptop Sleeve,Accessories,5,17.28,0.0,86.4,37.02,2025-12
13477,2025-12-27,C1198,West,USB-C Cable,Accessories,3,11.93,0.0,35.79,14.86,2025-12
13478,2025-12-27,C1026,West,Notebook Pack,Stationery,1,7.89,0.0,7.89,2.85,2025-12
13479,2025-12-27,C1046,West,Wireless Mouse,Accessories,2,24.84,0.0,49.68,22.35,2025-12
13480,2025-12-27,C1109,West,Notebook Pack,Stationery,4,8.4,0.0,33.6,16.57,2025-12
13481,2025-12-27,C1096,North,Office Chair,Furniture,1,127.25,0.0,127.25,47.11,2025-12
13482,2025-12-28,C1076,West,Bluetooth Speaker,Electronics,3,46.22,0.0,138.66,42.6,2025-12
13483,2025-12-28,C1120,North,Monitor Stand,Furniture,4,40.1,0.0,160.4,59.61,2025-12
13484,2025-12-28,C1129,West,Wireless Mouse,Accessories,6,23.17,0.0,139.02,61.38,2025-12
13485,2025-12-28,C1206,South,Office Chair,Furniture,4,127.78,0.0,511.12,192.88,2025-12
13486,2025-12-28,C1148,West,Monitor Stand,Furniture,5,39.63,0.0,198.15,74.86,2025-12
13487,2025-12-28,C1277,South,Wireless Mouse,Accessories,6,24.97,0.05,142.33,63.77,2025-12
13488,2025-12-28,C1052,East,Wireless Mouse,Accessories,5,24.38,0.05,115.8,51.75,2025-12
13489,2025-12-28,C1207,North,Water Bottle,Lifestyle,5,15.44,0.0,77.2,36.88,2025-12
13490,2025-12-28,C1159,West,Laptop Sleeve,Accessories,3,18.55,0.0,55.65,24.48,2025-12
13491,2025-12-28,C1097,West,Notebook Pack,Stationery,6,7.41,0.0,44.46,23.11,2025-12
13492,2025-12-29,C1124,South,Printer Ink,Electronics,2,26.46,0.0,52.92,16.12,2025-12
13493,2025-12-29,C1017,East,Monitor Stand,Furniture,1,35.55,0.0,35.55,13.13,2025-12
13494,2025-12-29,C1283,East,Bluetooth Speaker,Electronics,10,41.79,0.0,417.9,132.7,2025-12
13495,2025-12-29,C1278,East,Monitor Stand,Furniture,6,39.41,0.0,236.46,88.08,2025-12
13496,2025-12-29,C1289,East,Notebook Pack,Stationery,2,7.59,0.0,15.18,7.39,2025-12
13497,2025-12-29,C1241,South,Bluetooth Speaker,Electronics,6,41.88,0.0,251.28,78.43,2025-12
13498,2025-12-29,C1110,East,Wireless Mouse,Accessories,2,26.27,0.0,52.54,23.11,2025-12
13499,2025-12-29,C1006,South,Bluetooth Speaker,Electronics,8,43.86,0.0,350.88,112.19,2025-12
13500,2025-12-29,C1275,North,Water Bottle,Lifestyle,8,15.85,0.0,126.8,62.88,2025-12
13501,2025-12-29,C1137,North,USB-C Cable,Accessories,1,11.57,0.0,11.57,4.81,2025-12
13502,2025-12-30,C1161,South,Laptop Sleeve,Accessories,2,17.22,0.0,34.44,14.69,2025-12
13503,2025-12-30,C1209,North,Bluetooth Speaker,Electronics,3,45.88,0.0,137.64,42.53,2025-12
13504,2025-12-30,C1295,South,Notebook Pack,Stationery,4,7.91,0.05,30.06,14.63,2025-12
13505,2025-12-30,C1226,East,Notebook Pack,Stationery,2,7.7,0.0,15.4,6.79,2025-12
13506,2025-12-30,C1077,North,Wireless Mouse,Accessories,6,23.24,0.0,139.44,60.81,2025-12
13507,2025-12-30,C1022,West,USB-C Cable,Accessories,4,12.72,0.0,50.88,22.54,2025-12
13508,2025-12-30,C1144,South,Desk Lamp,Furniture,2,33.86,0.05,64.33,24.02,2025-12
13509,2025-12-30,C1267,North,Notebook Pack,Stationery,3,7.81,0.0,23.43,11.69,2025-12
13510,2025-12-30,C1034,South,Notebook Pack,Stationery,1,7.63,0.05,7.25,2.89,2025-12
13511,2025-12-30,C1047,South,Bluetooth Speaker,Electronics,4,46.99,0.0,187.96,58.26,2025-12
13512,2025-12-30,C1055,North,Laptop Sleeve,Accessories,3,18.31,0.0,54.93,22.85,2025-12
13513,2025-12-30,C1196,West,Notebook Pack,Stationery,4,8.14,0.0,32.56,17.02,2025-12
13514,2025-12-30,C1132,East,Office Chair,Furniture,3,120.55,0.0,361.65,137.17,2025-12
13515,2025-12-30,C1287,South,Laptop Sleeve,Accessories,5,16.98,0.0,84.9,37.08,2025-12
13516,2025-12-30,C1213,South,Notebook Pack,Stationery,3,8.55,0.15,21.8,11.32,2025-12
13517,2025-12-31,C1177,East,Notebook Pack,Stationery,4,8.2,0.0,32.8,16.48,2025-12
13518,2025-12-31,C1249,West,Notebook Pack,Stationery,4,7.49,0.0,29.96,16.29,2025-12
13519,2025-12-31,C1084,South,Printer Ink,Electronics,1,29.17,0.0,29.17,7.5,2025-12
13520,2025-12-31,C1089,North,Bluetooth Speaker,Electronics,4,44.19,0.1,159.08,50.22,2025-12
13521,2025-12-31,C1243,East,Desk Lamp,Furniture,3,30.83,0.0,92.49,34.67,2025-12
13522,2025-12-31,C1102,South,Office Chair,Furniture,8,122.37,0.15,832.12,314.23,2025-12
13523,2025-12-31,C1225,West,Desk Lamp,Furniture,1,31.37,0.0,31.37,9.93,2025-12
13524,2025-12-31,C1195,North,Notebook Pack,Stationery,5,8.0,0.0,40.0,20.5,2025-12
13525,2025-12-31,C1179,East,Laptop Sleeve,Accessories,4,19.13,0.0,76.52,32.66,2025-12
13526,2025-12-31,C1275,East,Monitor Stand,Furniture,5,39.86,0.0,199.3,74.08,2025-12
13527,2025-12-31,C1049,West,Laptop Sleeve,Accessories,2,18.16,0.0,36.32,15.62,2025-12
